Workbook
Name QTemp: 'Link List'!$B$1:$M$23

Sheet Link List
A1: No | B1: Kode provinsi | C1: Kode Kabupaten | D1: Ruas | E1: Sffx | F1: Nama Ruas | G1: Status | H1: Fungsi | I1: Panjang Ruas SK Gub (km) | J1: Panjang Ruas Survei (km) | K1: Titik Awal Ruas - Patok KM | L1: Titik Awal Ruas - Offset (m) | M1: Link Access Status
A2: 1 | B2: 18 | C2: 00 | D2: 036 | F2: SUKAMARA - KURIPAN | G2: P | H2: K2 | I2: 21.777 | J2: 21.777 | K2: 0 | L2: 0 | M2: P
A3: =+A2+1 -> 2 | B3: 18 | C3: 00 | D3: 044 | F3: SP TELUK KILUAN - SP. UMBAR | G3: P | H3: K2 | I3: 25.157 | J3: 25.157 | K3: 0 | L3: 0 | M3: P
A4: =+A3+1 -> 3 | B4: 18 | C4: 00 | D4: 045 | F4: SP. UMBAR - PUTIH DOH | G4: P | H4: K2 | I4: 23.83 | J4: 23.83 | K4: 0 | L4: 0 | M4: P
A5: =+A4+1 -> 4 | B5: 18 | C5: 00 | D5: 046 | F5: PUTIH DOH - KURIPAN | G5: P | H5: K2 | I5: 11.736 | J5: 11.736 | K5: 0 | L5: 0 | M5: P
A6: =+A5+1 -> 5 | B6: 18 | C6: 00 | D6: 047 | F6: KURIPAN - SP. KOTA AGUNG | G6: P | H6: K2 | I6: 21.468 | J6: 21.468 | K6: 0 | L6: 0 | M6: N
A7: =+A6+1 -> 6 | B7: 18 | C7: 00 | D7: 048 | F7: PEKON BALAK - SUOH | G7: P | H7: K2 | I7: 33.628 | J7: 33.628 | K7: 0 | L7: 0 | M7: N
A8: =+A7+1 -> 7 | B8: 18 | C8: 00 | D8: 049 | F8: SUOH - SP. BLOK 9 | G8: P | H8: K2 | I8: 30.447 | J8: 30.447 | K8: 0 | L8: 0 | M8: P
A9: =+A8+1 -> 8 | B9: 18 | C9: 00 | D9: 050 | F9: SP. BLOK 9 - SANGGI | G9: P | H9: K2 | I9: 20.873 | J9: 20.873 | K9: 0 | L9: 0 | M9: N
A10: =+A9+1 -> 9 | B10: 18 | C10: 00 | D10: 051 | E10: 11K | F10: JALAN RADEN INTAN (LIWA) | G10: P | H10: K2 | I10: 5.179 | J10: 5.179 | K10: 0 | L10: 0 | M10: N
A11: =+A10+1 -> 10 | B11: 18 | C11: 00 | D11: 052 | F11: LIWA - BTS. SUMATERA SELATAN | G11: P | H11: K2 | I11: 19.109 | J11: 19.109 | K11: 0 | L11: 0 | M11: P
A12: =+A11+1 -> 11 | B12: 18 | C12: 00 | D12: 053 | E12: 11K | F12: JALAN ADAM MALIK (KRUI) | G12: P | H12: K2 | I12: 1.812 | J12: 1.812 | K12: 0 | L12: 0 | M12: N
A13: =+A12+1 -> 12 | B13: 18 | C13: 00 | D13: 054 | F13: KRUI - PEKON SERAI | G13: P | H13: K2 | I13: 1.81 | J13: 1.81 | K13: 0 | L13: 0 | M13: N
A14: =+A13+1 -> 13 | B14: 18 | C14: 00 | D14: 055 | F14: KOTAJAWA - KAMPUNG BARU | G14: P | H14: K2 | I14: 8.374 | J14: 8.374 | K14: 0 | L14: 0 | M14: N
A15: =+A14+1 -> 14 | B15: 18 | C15: 00 | D15: 056 | F15: TALANG PADANG - NGARIP | G15: P | H15: K2 | I15: 35.862 | J15: 35.862 | K15: 0 | L15: 0 | M15: N
A16: =+A15+1 -> 15 | B16: 18 | C16: 00 | D16: 057 | F16: NGARIP - ULU SEMONG | G16: P | H16: K2 | I16: 21.5 | J16: 21.5 | K16: 0 | L16: 0 | M16: P
A17: =+A16+1 -> 16 | B17: 18 | C17: 00 | D17: 058 | F17: ULU SEMONG - SP. TRIMULYO | G17: P | H17: K2 | I17: 9.66 | J17: 9.66 | K17: 0 | L17: 0 | M17: P
A18: =+A17+1 -> 17 | B18: 18 | C18: 00 | D18: 059 | F18: SP. TRIMULYO - BUNGIN - SP. TUGU SARI | G18: P | H18: K2 | I18: 24.574 | J18: 24.574 | K18: 0 | L18: 0 | M18: N
A19: =+A18+1 -> 18 | B19: 18 | C19: 00 | D19: 060 | F19: TEKAD - BATUTEGI | G19: P | H19: K2 | I19: 4.8 | J19: 4.8 | K19: 0 | L19: 0 | M19: P
A20: =+A19+1 -> 19 | B20: 18 | C20: 00 | D20: 064 | F20: BANDAR SAKTI - SP. DAYA MURNI | G20: P | H20: K2 | I20: 10.099 | J20: 10.099 | K20: 0 | L20: 0 | M20: P
A21: =+A20+1 -> 20 | B21: 18 | C21: 00 | D21: 065 | F21: SP. DAYA MURNI - GUNUNG BATIN | G21: P | H21: K2 | I21: 12.389 | J21: 12.389 | K21: 0 | L21: 0 | M21: N
A22: =+A21+1 -> 21 | B22: 18 | C22: 00 | D22: 068 | F22: SP. TUJOK - PANARAGAN JAYA | G22: P | H22: K2 | I22: 25.813 | J22: 25.813 | K22: 0 | L22: 0 | M22: P
A23: =+A22+1 -> 22 | B23: 18 | C23: 00 | D23: 069 | F23: PANARAGAN JAYA - SP. PANARAGAN | G23: P | H23: K2 | I23: 4.104 | J23: 4.104 | K23: 0 | L23: 0 | M23: P
A24: =+A23+1 -> 23 | B24: 18 | C24: 00 | D24: 085 | E24: 11K | F24: JALAN RAYA GUNUNG SAKTI (MENGGALA) | G24: P | H24: K2 | I24: 1.865 | J24: 1.865 | K24: 0 | L24: 0 | M24: N
A25: =+A24+1 -> 24 | B25: 18 | C25: 00 | D25: 086 | F25: BUJUNG TENUK - PENUMANGAN | G25: P | H25: K2 | I25: 12.432 | J25: 12.432 | K25: 0 | L25: 0 | M25: P
A26: =+A25+1 -> 25 | B26: 18 | C26: 00 | D26: 087 | F26: PENUMANGAN - TEGAL MUKTI | G26: P | H26: K2 | I26: 15.839 | J26: 15.839 | K26: 0 | L26: 0 | M26: P
A27: =+A26+1 -> 26 | B27: 18 | C27: 00 | D27: 090 | F27: ADIJAYA - TULUNG RANDU | G27: P | H27: K2 | I27: 38.13 | J27: 38.13 | K27: 0 | L27: 0 | M27: P
A28: =+A27+1 -> 27 | B28: 18 | C28: 00 | D28: 091 | F28: PENUMANGAN - UNIT VI | G28: P | H28: K2 | I28: 23.562 | J28: 23.562 | K28: 0 | L28: 0 | M28: P
A29: =+A28+1 -> 28 | B29: 18 | C29: 00 | D29: 092 | F29: SP. UNIT VIII - GEDONG AJI | G29: P | H29: K2 | I29: 22.05 | J29: 22.05 | K29: 0 | L29: 0 | M29: N
A30: =+A29+1 -> 29 | B30: 18 | C30: 00 | D30: 093 | F30: GEDONG AJI - UMBUL MESIR | G30: P | H30: K2 | I30: 31.5 | J30: 31.5 | K30: 0 | L30: 0 | M30: P
A31: =+A30+1 -> 30 | B31: 18 | C31: 00 | D31: 094 | F31: SP. PEMATANG - BRABASAN | G31: P | H31: K2 | I31: 11.602 | J31: 11.602 | K31: 0 | L31: 0 | M31: N
A32: =+A31+1 -> 31 | B32: 18 | C32: 00 | D32: 095 | F32: BRABASAN - WIRALAGA | G32: P | H32: K2 | I32: 29.443 | J32: 29.443 | K32: 0 | L32: 0 | M32: P

Sheet 1. Rekap Back Up Aspal
C2: PEMERINTAH PROVINSI LAMPUNG
C3: DINAS BINA MARGA DAN BINA KONSTRUKSI
B6: REKAPITULASI BACK - UP DATA SURVEY KONDISI JALAN (ASPAL)
B9: NO. RUAS | E9: : | F9: ='Link List'!D3 -> 044
B12: NAMA RUAS | E12: : | F12: ='Link List'!F3 -> SP TELUK KILUAN - SP. UMBAR
B15: PANJANG RUAS | E15: : | F15: ='Link List'!I3 -> 25.157
C18: STA | F18: NILAI TTI | G18: KONDISI | H18: TIPE KERUSAKAN KONDISI JALAN ASPAL | T18: KET
C19: DARI (M) | D19: KE (M) | E19: LEBAR | H19: BLEEDING | I19: AGREGAT LEPAS | J19: DISINTEGRASI | K19: RETAK TURUN | L19: TAMBALAN | M19: RETAK LAIN | N19: JENIS RETAK | O19: LUBANG | P19: TIPE LUBANG | Q19: ALUR | R19: RUSAK TEPI (KIRI) | S19: RUSAK TEPI (KANAN)
B20: 1 | H20: 2 | I20: 3 | J20: 4 | K20: 5 | L20: 6 | M20: 7 | O20: 8 | Q20: 9 | R20: 10 Ki | S20: 10 Ka | T20: 12
C21: =NOTE!J22 -> 21780 | D21: 21800 | E21: 4.5 | F21: =(100/((D21-C21)*E21))*((H21*0.5)+(I21*0.5)+(J21*4)+(K21*4)+(L21*1)+(M21*2)+(O21*1.5)+(Q21*1)+(R21*1)+(S21*1)) -> 22.222222 | G21: =IF(F21<=25,"B",IF(F21<=75,"S",IF(F21<=100,"RR","RB"))) -> B | H21: ='1. Back Up Aspal'!J28 -> 0 | I21: ='1. Back Up Aspal'!M28 -> 0 | J21: ='1. Back Up Aspal'!P28 -> 0 | K21: ='1. Back Up Aspal'!S28 -> 0 | L21: ='1. Back Up Aspal'!V28 -> 0 | M21: ='1. Back Up Aspal'!Y28 -> 10 | N21: ='1. Back Up Aspal'!Z28 -> 2 | O21: ='1. Back Up Aspal'!AC28 -> 0 | P21: ='1. Back Up Aspal'!AD28 -> 2 | Q21: ='1. Back Up Aspal'!AG28 -> 0 | R21: ='1. Back Up Aspal'!AJ28 -> 0 | S21: ='1. Back Up Aspal'!AM28 -> 0
C22: =D21 -> 21800 | D22: =C22+100 -> 21900 | E22: 4.5 | F22: =(100/((D22-C22)*E22))*((H22*0.5)+(I22*0.5)+(J22*4)+(K22*4)+(L22*1)+(M22*2)+(O22*1.5)+(Q22*1)+(R22*1)+(S22*1)) -> 0 | G22: =IF(F22<=25,"B",IF(F22<=75,"S",IF(F22<=100,"RR","RB"))) -> B | H22: ='1. Back Up Aspal'!J36 -> 0 | I22: ='1. Back Up Aspal'!M36 -> 0 | J22: ='1. Back Up Aspal'!P36 -> 0 | K22: ='1. Back Up Aspal'!S36 -> 0 | L22: ='1. Back Up Aspal'!V36 -> 0 | M22: ='1. Back Up Aspal'!Y36 -> 0 | N22: ='1. Back Up Aspal'!Z36 -> 2 | O22: ='1. Back Up Aspal'!AC36 -> 0 | P22: ='1. Back Up Aspal'!AD36 -> 2 | Q22: ='1. Back Up Aspal'!AG36 -> 0 | R22: ='1. Back Up Aspal'!AJ36 -> 0 | S22: ='1. Back Up Aspal'!AM36 -> 0
C23: =D22 -> 21900 | D23: =C23+100 -> 22000 | E23: 4.5 | F23: =(100/((D23-C23)*E23))*((H23*0.5)+(I23*0.5)+(J23*4)+(K23*4)+(L23*1)+(M23*2)+(O23*1.5)+(Q23*1)+(R23*1)+(S23*1)) -> 0 | G23: =IF(F23<=25,"B",IF(F23<=75,"S",IF(F23<=100,"RR","RB"))) -> B | H23: ='1. Back Up Aspal'!J44 -> 0 | I23: ='1. Back Up Aspal'!M44 -> 0 | J23: ='1. Back Up Aspal'!P44 -> 0 | K23: ='1. Back Up Aspal'!S44 -> 0 | L23: ='1. Back Up Aspal'!V44 -> 0 | M23: ='1. Back Up Aspal'!Y44 -> 0 | N23: ='1. Back Up Aspal'!Z44 -> 2 | O23: ='1. Back Up Aspal'!AC44 -> 0 | P23: ='1. Back Up Aspal'!AD44 -> 2 | Q23: ='1. Back Up Aspal'!AG44 -> 0 | R23: ='1. Back Up Aspal'!AJ44 -> 0 | S23: ='1. Back Up Aspal'!AM44 -> 0
C24: =D23 -> 22000 | D24: =C24+100 -> 22100 | E24: 4.5 | F24: =(100/((D24-C24)*E24))*((H24*0.5)+(I24*0.5)+(J24*4)+(K24*4)+(L24*1)+(M24*2)+(O24*1.5)+(Q24*1)+(R24*1)+(S24*1)) -> 0 | G24: =IF(F24<=25,"B",IF(F24<=75,"S",IF(F24<=100,"RR","RB"))) -> B | H24: ='1. Back Up Aspal'!J52 -> 0 | I24: ='1. Back Up Aspal'!M52 -> 0 | J24: ='1. Back Up Aspal'!P52 -> 0 | K24: ='1. Back Up Aspal'!S52 -> 0 | L24: ='1. Back Up Aspal'!V52 -> 0 | M24: ='1. Back Up Aspal'!Y52 -> 0 | N24: ='1. Back Up Aspal'!Z52 -> 2 | O24: ='1. Back Up Aspal'!AC52 -> 0 | P24: ='1. Back Up Aspal'!AD52 -> 2 | Q24: ='1. Back Up Aspal'!AG52 -> 0 | R24: ='1. Back Up Aspal'!AJ52 -> 0 | S24: ='1. Back Up Aspal'!AM52 -> 0
C25: =D24 -> 22100 | D25: =NOTE!L22 -> 22150 | E25: 4.5 | F25: =(100/((D25-C25)*E25))*((H25*0.5)+(I25*0.5)+(J25*4)+(K25*4)+(L25*1)+(M25*2)+(O25*1.5)+(Q25*1)+(R25*1)+(S25*1)) -> 0 | G25: =IF(F25<=25,"B",IF(F25<=75,"S",IF(F25<=100,"RR","RB"))) -> B | H25: ='1. Back Up Aspal'!J60 -> 0 | I25: ='1. Back Up Aspal'!M60 -> 0 | J25: ='1. Back Up Aspal'!P60 -> 0 | K25: ='1. Back Up Aspal'!S60 -> 0 | L25: ='1. Back Up Aspal'!V60 -> 0 | M25: ='1. Back Up Aspal'!Y60 -> 0 | N25: ='1. Back Up Aspal'!Z60 -> 2 | O25: ='1. Back Up Aspal'!AC60 -> 0 | P25: ='1. Back Up Aspal'!AD60 -> 2 | Q25: ='1. Back Up Aspal'!AG60 -> 0 | R25: ='1. Back Up Aspal'!AJ60 -> 0 | S25: ='1. Back Up Aspal'!AM60 -> 0
C26: =NOTE!J24 -> 22350 | D26: =C26+50 -> 22400 | E26: 4.5 | F26: =(100/((D26-C26)*E26))*((H26*0.5)+(I26*0.5)+(J26*4)+(K26*4)+(L26*1)+(M26*2)+(O26*1.5)+(Q26*1)+(R26*1)+(S26*1)) -> 0 | G26: =IF(F26<=25,"B",IF(F26<=75,"S",IF(F26<=100,"RR","RB"))) -> B | H26: ='1. Back Up Aspal'!J68 -> 0 | I26: ='1. Back Up Aspal'!M68 -> 0 | J26: ='1. Back Up Aspal'!P68 -> 0 | K26: ='1. Back Up Aspal'!S68 -> 0 | L26: ='1. Back Up Aspal'!V68 -> 0 | M26: ='1. Back Up Aspal'!Y68 -> 0 | N26: ='1. Back Up Aspal'!Z68 -> 2 | O26: ='1. Back Up Aspal'!AC68 -> 0 | P26: ='1. Back Up Aspal'!AD68 -> 2 | Q26: ='1. Back Up Aspal'!AG68 -> 0 | R26: ='1. Back Up Aspal'!AJ68 -> 0 | S26: ='1. Back Up Aspal'!AM68 -> 0
C27: =D26 -> 22400 | D27: =C27+100 -> 22500 | E27: 4.5 | F27: =(100/((D27-C27)*E27))*((H27*0.5)+(I27*0.5)+(J27*4)+(K27*4)+(L27*1)+(M27*2)+(O27*1.5)+(Q27*1)+(R27*1)+(S27*1)) -> 0 | G27: =IF(F27<=25,"B",IF(F27<=75,"S",IF(F27<=100,"RR","RB"))) -> B | H27: ='1. Back Up Aspal'!J76 -> 0 | I27: ='1. Back Up Aspal'!M76 -> 0 | J27: ='1. Back Up Aspal'!P76 -> 0 | K27: ='1. Back Up Aspal'!S76 -> 0 | L27: ='1. Back Up Aspal'!V76 -> 0 | M27: ='1. Back Up Aspal'!Y76 -> 0 | N27: ='1. Back Up Aspal'!Z76 -> 2 | O27: ='1. Back Up Aspal'!AC76 -> 0 | P27: ='1. Back Up Aspal'!AD76 -> 2 | Q27: ='1. Back Up Aspal'!AG76 -> 0 | R27: ='1. Back Up Aspal'!AJ76 -> 0 | S27: ='1. Back Up Aspal'!AM76 -> 0
C28: =D27 -> 22500 | D28: =NOTE!L24 -> 22600 | E28: 4.5 | F28: =(100/((D28-C28)*E28))*((H28*0.5)+(I28*0.5)+(J28*4)+(K28*4)+(L28*1)+(M28*2)+(O28*1.5)+(Q28*1)+(R28*1)+(S28*1)) -> 25 | G28: =IF(F28<=25,"B",IF(F28<=75,"S",IF(F28<=100,"RR","RB"))) -> B | H28: ='1. Back Up Aspal'!J84 -> 0 | I28: ='1. Back Up Aspal'!M84 -> 225 | J28: ='1. Back Up Aspal'!P84 -> 0 | K28: ='1. Back Up Aspal'!S84 -> 0 | L28: ='1. Back Up Aspal'!V84 -> 0 | M28: ='1. Back Up Aspal'!Y84 -> 0 | N28: ='1. Back Up Aspal'!Z84 -> 2 | O28: ='1. Back Up Aspal'!AC84 -> 0 | P28: ='1. Back Up Aspal'!AD84 -> 2 | Q28: ='1. Back Up Aspal'!AG84 -> 0 | R28: ='1. Back Up Aspal'!AJ84 -> 0 | S28: ='1. Back Up Aspal'!AM84 -> 0
C29: =NOTE!J26 -> 24000 | D29: 24100 | E29: 4.5 | F29: =(100/((D29-C29)*E29))*((H29*0.5)+(I29*0.5)+(J29*4)+(K29*4)+(L29*1)+(M29*2)+(O29*1.5)+(Q29*1)+(R29*1)+(S29*1)) -> 25 | G29: =IF(F29<=25,"B",IF(F29<=75,"S",IF(F29<=100,"RR","RB"))) -> B | H29: ='1. Back Up Aspal'!J92 -> 0 | I29: ='1. Back Up Aspal'!M92 -> 225 | J29: ='1. Back Up Aspal'!P92 -> 0 | K29: ='1. Back Up Aspal'!S92 -> 0 | L29: ='1. Back Up Aspal'!V92 -> 0 | M29: ='1. Back Up Aspal'!Y92 -> 0 | N29: ='1. Back Up Aspal'!Z92 -> 2 | O29: ='1. Back Up Aspal'!AC92 -> 0 | P29: ='1. Back Up Aspal'!AD92 -> 2 | Q29: ='1. Back Up Aspal'!AG92 -> 0 | R29: ='1. Back Up Aspal'!AJ92 -> 0 | S29: ='1. Back Up Aspal'!AM92 -> 0
C30: =D29 -> 24100 | D30: =C30+100 -> 24200 | E30: 4.5 | F30: =(100/((D30-C30)*E30))*((H30*0.5)+(I30*0.5)+(J30*4)+(K30*4)+(L30*1)+(M30*2)+(O30*1.5)+(Q30*1)+(R30*1)+(S30*1)) -> 55.555556 | G30: =IF(F30<=25,"B",IF(F30<=75,"S",IF(F30<=100,"RR","RB"))) -> S | H30: ='1. Back Up Aspal'!J100 -> 0 | I30: ='1. Back Up Aspal'!M100 -> 500 | J30: ='1. Back Up Aspal'!P100 -> 0 | K30: ='1. Back Up Aspal'!S100 -> 0 | L30: ='1. Back Up Aspal'!V100 -> 0 | M30: ='1. Back Up Aspal'!Y100 -> 0 | N30: ='1. Back Up Aspal'!Z100 -> 2 | O30: ='1. Back Up Aspal'!AC100 -> 0 | P30: ='1. Back Up Aspal'!AD100 -> 2 | Q30: ='1. Back Up Aspal'!AG100 -> 0 | R30: ='1. Back Up Aspal'!AJ100 -> 0 | S30: ='1. Back Up Aspal'!AM100 -> 0
C31: =D30 -> 24200 | D31: =C31+100 -> 24300 | E31: 4.5 | F31: =(100/((D31-C31)*E31))*((H31*0.5)+(I31*0.5)+(J31*4)+(K31*4)+(L31*1)+(M31*2)+(O31*1.5)+(Q31*1)+(R31*1)+(S31*1)) -> 38.888889 | G31: =IF(F31<=25,"B",IF(F31<=75,"S",IF(F31<=100,"RR","RB"))) -> S | H31: ='1. Back Up Aspal'!J108 -> 0 | I31: ='1. Back Up Aspal'!M108 -> 350 | J31: ='1. Back Up Aspal'!P108 -> 0 | K31: ='1. Back Up Aspal'!S108 -> 0 | L31: ='1. Back Up Aspal'!V108 -> 0 | M31: ='1. Back Up Aspal'!Y108 -> 0 | N31: ='1. Back Up Aspal'!Z108 -> 2 | O31: ='1. Back Up Aspal'!AC108 -> 0 | P31: ='1. Back Up Aspal'!AD108 -> 2 | Q31: ='1. Back Up Aspal'!AG108 -> 0 | R31: ='1. Back Up Aspal'!AJ108 -> 0 | S31: ='1. Back Up Aspal'!AM108 -> 0
C32: =D31 -> 24300 | D32: =C32+100 -> 24400 | E32: 4.5 | F32: =(100/((D32-C32)*E32))*((H32*0.5)+(I32*0.5)+(J32*4)+(K32*4)+(L32*1)+(M32*2)+(O32*1.5)+(Q32*1)+(R32*1)+(S32*1)) -> 33.333333 | G32: =IF(F32<=25,"B",IF(F32<=75,"S",IF(F32<=100,"RR","RB"))) -> S | H32: ='1. Back Up Aspal'!J116 -> 0 | I32: ='1. Back Up Aspal'!M116 -> 300 | J32: ='1. Back Up Aspal'!P116 -> 0 | K32: ='1. Back Up Aspal'!S116 -> 0 | L32: ='1. Back Up Aspal'!V116 -> 0 | M32: ='1. Back Up Aspal'!Y116 -> 0 | N32: ='1. Back Up Aspal'!Z116 -> 2 | O32: ='1. Back Up Aspal'!AC116 -> 0 | P32: ='1. Back Up Aspal'!AD116 -> 2 | Q32: ='1. Back Up Aspal'!AG116 -> 0 | R32: ='1. Back Up Aspal'!AJ116 -> 0 | S32: ='1. Back Up Aspal'!AM116 -> 0
C33: =D32 -> 24400 | D33: =C33+100 -> 24500 | E33: 4.5 | F33: =(100/((D33-C33)*E33))*((H33*0.5)+(I33*0.5)+(J33*4)+(K33*4)+(L33*1)+(M33*2)+(O33*1.5)+(Q33*1)+(R33*1)+(S33*1)) -> 50 | G33: =IF(F33<=25,"B",IF(F33<=75,"S",IF(F33<=100,"RR","RB"))) -> S | H33: ='1. Back Up Aspal'!J124 -> 0 | I33: ='1. Back Up Aspal'!M124 -> 450 | J33: ='1. Back Up Aspal'!P124 -> 0 | K33: ='1. Back Up Aspal'!S124 -> 0 | L33: ='1. Back Up Aspal'!V124 -> 0 | M33: ='1. Back Up Aspal'!Y124 -> 0 | N33: ='1. Back Up Aspal'!Z124 -> 2 | O33: ='1. Back Up Aspal'!AC124 -> 0 | P33: ='1. Back Up Aspal'!AD124 -> 2 | Q33: ='1. Back Up Aspal'!AG124 -> 0 | R33: ='1. Back Up Aspal'!AJ124 -> 0 | S33: ='1. Back Up Aspal'!AM124 -> 0
C34: =D33 -> 24500 | D34: =C34+100 -> 24600 | E34: 4.5 | F34: =(100/((D34-C34)*E34))*((H34*0.5)+(I34*0.5)+(J34*4)+(K34*4)+(L34*1)+(M34*2)+(O34*1.5)+(Q34*1)+(R34*1)+(S34*1)) -> 400 | G34: =IF(F34<=25,"B",IF(F34<=75,"S",IF(F34<=100,"RR","RB"))) -> RB | H34: ='1. Back Up Aspal'!J132 -> 0 | I34: ='1. Back Up Aspal'!M132 -> 0 | J34: ='1. Back Up Aspal'!P132 -> 450 | K34: ='1. Back Up Aspal'!S132 -> 0 | L34: ='1. Back Up Aspal'!V132 -> 0 | M34: ='1. Back Up Aspal'!Y132 -> 0 | N34: ='1. Back Up Aspal'!Z132 -> 2 | O34: ='1. Back Up Aspal'!AC132 -> 0 | P34: ='1. Back Up Aspal'!AD132 -> 2 | Q34: ='1. Back Up Aspal'!AG132 -> 0 | R34: ='1. Back Up Aspal'!AJ132 -> 0 | S34: ='1. Back Up Aspal'!AM132 -> 0
C35: =D34 -> 24600 | D35: =C35+100 -> 24700 | E35: 4.5 | F35: =(100/((D35-C35)*E35))*((H35*0.5)+(I35*0.5)+(J35*4)+(K35*4)+(L35*1)+(M35*2)+(O35*1.5)+(Q35*1)+(R35*1)+(S35*1)) -> 400 | G35: =IF(F35<=25,"B",IF(F35<=75,"S",IF(F35<=100,"RR","RB"))) -> RB | H35: ='1. Back Up Aspal'!J140 -> 0 | I35: ='1. Back Up Aspal'!M140 -> 0 | J35: ='1. Back Up Aspal'!P140 -> 450 | K35: ='1. Back Up Aspal'!S140 -> 0 | L35: ='1. Back Up Aspal'!V140 -> 0 | M35: ='1. Back Up Aspal'!Y140 -> 0 | N35: ='1. Back Up Aspal'!Z140 -> 2 | O35: ='1. Back Up Aspal'!AC140 -> 0 | P35: ='1. Back Up Aspal'!AD140 -> 2 | Q35: ='1. Back Up Aspal'!AG140 -> 0 | R35: ='1. Back Up Aspal'!AJ140 -> 0 | S35: ='1. Back Up Aspal'!AM140 -> 0
C36: =D35 -> 24700 | D36: =C36+100 -> 24800 | E36: 4.5 | F36: =(100/((D36-C36)*E36))*((H36*0.5)+(I36*0.5)+(J36*4)+(K36*4)+(L36*1)+(M36*2)+(O36*1.5)+(Q36*1)+(R36*1)+(S36*1)) -> 400 | G36: =IF(F36<=25,"B",IF(F36<=75,"S",IF(F36<=100,"RR","RB"))) -> RB | H36: ='1. Back Up Aspal'!J148 -> 0 | I36: ='1. Back Up Aspal'!M148 -> 0 | J36: ='1. Back Up Aspal'!P148 -> 450 | K36: ='1. Back Up Aspal'!S148 -> 0 | L36: ='1. Back Up Aspal'!V148 -> 0 | M36: ='1. Back Up Aspal'!Y148 -> 0 | N36: ='1. Back Up Aspal'!Z148 -> 2 | O36: ='1. Back Up Aspal'!AC148 -> 0 | P36: ='1. Back Up Aspal'!AD148 -> 2 | Q36: ='1. Back Up Aspal'!AG148 -> 0 | R36: ='1. Back Up Aspal'!AJ148 -> 0 | S36: ='1. Back Up Aspal'!AM148 -> 0
C37: =D36 -> 24800 | D37: =C37+100 -> 24900 | E37: 4.5 | F37: =(100/((D37-C37)*E37))*((H37*0.5)+(I37*0.5)+(J37*4)+(K37*4)+(L37*1)+(M37*2)+(O37*1.5)+(Q37*1)+(R37*1)+(S37*1)) -> 400 | G37: =IF(F37<=25,"B",IF(F37<=75,"S",IF(F37<=100,"RR","RB"))) -> RB | H37: ='1. Back Up Aspal'!J156 -> 0 | I37: ='1. Back Up Aspal'!M156 -> 0 | J37: ='1. Back Up Aspal'!P156 -> 450 | K37: ='1. Back Up Aspal'!S156 -> 0 | L37: ='1. Back Up Aspal'!V156 -> 0 | M37: ='1. Back Up Aspal'!Y156 -> 0 | N37: ='1. Back Up Aspal'!Z156 -> 2 | O37: ='1. Back Up Aspal'!AC156 -> 0 | P37: ='1. Back Up Aspal'!AD156 -> 2 | Q37: ='1. Back Up Aspal'!AG156 -> 0 | R37: ='1. Back Up Aspal'!AJ156 -> 0 | S37: ='1. Back Up Aspal'!AM156 -> 0
C38: =D37 -> 24900 | D38: =C38+100 -> 25000 | E38: 4.5 | F38: =(100/((D38-C38)*E38))*((H38*0.5)+(I38*0.5)+(J38*4)+(K38*4)+(L38*1)+(M38*2)+(O38*1.5)+(Q38*1)+(R38*1)+(S38*1)) -> 400 | G38: =IF(F38<=25,"B",IF(F38<=75,"S",IF(F38<=100,"RR","RB"))) -> RB | H38: ='1. Back Up Aspal'!J164 -> 0 | I38: ='1. Back Up Aspal'!M164 -> 0 | J38: ='1. Back Up Aspal'!P164 -> 450 | K38: ='1. Back Up Aspal'!S164 -> 0 | L38: ='1. Back Up Aspal'!V164 -> 0 | M38: ='1. Back Up Aspal'!Y164 -> 0 | N38: ='1. Back Up Aspal'!Z164 -> 2 | O38: ='1. Back Up Aspal'!AC164 -> 0 | P38: ='1. Back Up Aspal'!AD164 -> 2 | Q38: ='1. Back Up Aspal'!AG164 -> 0 | R38: ='1. Back Up Aspal'!AJ164 -> 0 | S38: ='1. Back Up Aspal'!AM164 -> 0
C39: =D38 -> 25000 | D39: =C39+100 -> 25100 | E39: 4.5 | F39: =(100/((D39-C39)*E39))*((H39*0.5)+(I39*0.5)+(J39*4)+(K39*4)+(L39*1)+(M39*2)+(O39*1.5)+(Q39*1)+(R39*1)+(S39*1)) -> 400 | G39: =IF(F39<=25,"B",IF(F39<=75,"S",IF(F39<=100,"RR","RB"))) -> RB | H39: ='1. Back Up Aspal'!J172 -> 0 | I39: ='1. Back Up Aspal'!M172 -> 0 | J39: ='1. Back Up Aspal'!P172 -> 450 | K39: ='1. Back Up Aspal'!S172 -> 0 | L39: ='1. Back Up Aspal'!V172 -> 0 | M39: ='1. Back Up Aspal'!Y172 -> 0 | N39: ='1. Back Up Aspal'!Z172 -> 2 | O39: ='1. Back Up Aspal'!AC172 -> 0 | P39: ='1. Back Up Aspal'!AD172 -> 2 | Q39: ='1. Back Up Aspal'!AG172 -> 0 | R39: ='1. Back Up Aspal'!AJ172 -> 0 | S39: ='1. Back Up Aspal'!AM172 -> 0
C40: =D39 -> 25100 | D40: 25157 | E40: 4.5 | F40: =(100/((D40-C40)*E40))*((H40*0.5)+(I40*0.5)+(J40*4)+(K40*4)+(L40*1)+(M40*2)+(O40*1.5)+(Q40*1)+(R40*1)+(S40*1)) -> 400 | G40: =IF(F40<=25,"B",IF(F40<=75,"S",IF(F40<=100,"RR","RB"))) -> RB | H40: ='1. Back Up Aspal'!J180 -> 0 | I40: ='1. Back Up Aspal'!M180 -> 0 | J40: ='1. Back Up Aspal'!P180 -> 256.5 | K40: ='1. Back Up Aspal'!S180 -> 0 | L40: ='1. Back Up Aspal'!V180 -> 0 | M40: ='1. Back Up Aspal'!Y180 -> 0 | N40: ='1. Back Up Aspal'!Z180 -> 2 | O40: ='1. Back Up Aspal'!AC180 -> 0 | P40: ='1. Back Up Aspal'!AD180 -> 2 | Q40: ='1. Back Up Aspal'!AG180 -> 0 | R40: ='1. Back Up Aspal'!AJ180 -> 0 | S40: ='1. Back Up Aspal'!AM180 -> 0
B100: LEGENDA :
B102: I. PERKERASAN ASPAL | H102: RETAK LAIN
B103: 1. | C103: Ketidakrataan atau IRI (m/km) | H103: 1
B104: 2. | C104: Kegemukan / Blending (m2) | H104: 2
B105: 3. | C105: Agregat Lepas / Ravelling (m2) | H105: 3
B106: 4. | C106: Disintegrasi (m2) | H106: 4
B107: 5. | C107: Retak turun dan Penurunan (m2)
B108: 6. | C108: Tambalan / Patching (m2) | H108: RATA RATA LEBAR RETAK
B109: 7. | C109: Retak Lain / (Melintang, Bercabang n Buaya) (m2) | H109: 1
B110: 8. | C110: Lubang / Potholes (m2) | H110: 2
B111: 9. | C111: Alur / Jejak Roda / Rutting (m2) | H111: 3
B112: 10. | C112: Rusak Tepi (m2) | H112: 4
B114: II. PERKERASAN BETON | H114: LUBANG
B115: 1. | C115: Retak (m2) | H115: 1
B116: 2. | C116: Gompal / Pecah (m2) | H116: 2
B117: 3. | C117: Retak Struktur (m2) | H117: 3
B118: 4. | C118: Patahan/ Penurunan (m2) | H118: 4
B119: 5. | C119: Pumping (jml) | H119: 5
B120: 6. | C120: Pecah Sudut (jml)
B122: III. PERKERASAN NON ASPAL
B123: 1. | C123: Ketidakrataan atau IRI (m/km)
B124: 2. | C124: Kemiringan (m2)
B125: 3. | C125: Penurunan (m2)
B126: 4. | C126: Erosi (m2)
B127: 5. | C127: Lubang (m2)
B128: 6. | C128: Alur (m2)
B129: 7. | C129: Bergelombang (m2)
B130: 8. | C130: Tebal kerikil (m2)
B132: III. PERKERASAN TIPE
B133: 1. | C133: Beton
B134: 2. | C134: Blok Beton
B135: 3. | C135: Aspal
B136: 4. | C136: Penetrasi Macadam
B137: 5. | C137: Batu Kali
B138: 6. | C138: Kerikil
B139: 7. | C139: Tanah

Sheet 1. Back Up Aspal
C2: PEMERINTAH PROVINSI LAMPUNG
C3: DINAS BINA MARGA DAN BINA KONSTRUKSI
B6: BACK - UP DATA SURVEY KONDISI JALAN (ASPAL)
B9: NO. RUAS | E9: : | F9: ='Link List'!D3 -> 044
B12: NAMA RUAS | E12: : | F12: ='Link List'!F3 -> SP TELUK KILUAN - SP. UMBAR
B15: PANJANG RUAS | E15: : | F15: ='Link List'!I3 -> 25.157
C18: STA | F18: NILAI TTI | G18: KONDISI | H18: TIPE KERUSAKAN KONDISI JALAN ASPAL | AN18: KET
C19: DARI (M) | D19: KE (M) | E19: LEBAR | H19: P | I19: L | J19: BLEEDING | K19: P | L19: L | M19: AGREGAT LEPAS | N19: P | O19: L | P19: DISINTEGRASI | Q19: P | R19: L | S19: RETAK TURUN | T19: P | U19: L | V19: TAMBALAN | W19: P | X19: L | Y19: RETAK LAIN | Z19: JENIS RETAK | AA19: P | AB19: L | AC19: LUBANG | AD19: TIPE LUBANG | AE19: P | AF19: L | AG19: ALUR | AH19: P | AI19: L | AJ19: RUSAK TEPI (KIRI) | AK19: P | AL19: L | AM19: RUSAK TEPI (KANAN)
B20: 1 | H20: 2 | K20: 3 | N20: 4 | Q20: 5 | W20: 7 | AA20: 8 | AE20: 9 | AH20: 10 | AK20: 11 | AN20: 12
C21: ='1. Rekap Back Up Aspal'!C21 -> 21780 | D21: ='1. Rekap Back Up Aspal'!D21 -> 21800 | E21: ='1. Rekap Back Up Aspal'!E21 -> 4.5 | F21: =(100/((D21-C21)*E21))*((J28*0.5)+(M28*0.5)+(P28*4)+(S28*4)+(V28*1)+(Y28*2)+(AC28*1.5)+(AG28*1)+(AJ28*1)+(AM28*1)) -> 22.222222 | G21: =IF(F21<=25,"B",IF(F21<=75,"S",IF(F21<=100,"RR","RB"))) -> B | H21: 0 | I21: 0 | J21: =H21*I21 -> 0 | K21: 0 | L21: 0 | M21: =K21*L21 -> 0 | N21: 0 | O21: 0 | P21: =N21*O21 -> 0 | Q21: 0 | R21: 0 | S21: =Q21*R21 -> 0 | T21: 0 | U21: 0 | V21: =T21*U21 -> 0 | W21: 5 | X21: 2 | Y21: =W21*X21 -> 10 | Z21: 3 | AA21: 0 | AB21: 0 | AC21: =AA21*AB21 -> 0 | AD21: 1 | AE21: 0 | AF21: 0 | AG21: =AE21*AF21 -> 0 | AH21: 0 | AI21: 0 | AJ21: =AH21*AI21 -> 0 | AK21: 0 | AL21: 0 | AM21: =AK21*AL21 -> 0
H22: 0 | I22: 0 | J22: =H22*I22 -> 0 | K22: 0 | L22: 0 | M22: =K22*L22 -> 0 | N22: 0 | O22: 0 | P22: =N22*O22 -> 0 | Q22: 0 | R22: 0 | S22: =Q22*R22 -> 0 | T22: 0 | U22: 0 | V22: =T22*U22 -> 0 | W22: 0 | X22: 0 | Y22: =W22*X22 -> 0 | Z22: 3 | AA22: 0 | AB22: 0 | AC22: =AA22*AB22 -> 0 | AD22: 1 | AE22: 0 | AF22: 0 | AG22: =AE22*AF22 -> 0 | AH22: 0 | AI22: 0 | AJ22: =AH22*AI22 -> 0 | AK22: 0 | AL22: 0 | AM22: =AK22*AL22 -> 0
H23: 0 | I23: 0 | J23: =H23*I23 -> 0 | K23: 0 | L23: 0 | M23: =K23*L23 -> 0 | N23: 0 | O23: 0 | P23: =N23*O23 -> 0 | Q23: 0 | R23: 0 | S23: =Q23*R23 -> 0 | T23: 0 | U23: 0 | V23: =T23*U23 -> 0 | W23: 0 | X23: 0 | Y23: =W23*X23 -> 0 | Z23: 1 | AA23: 0 | AB23: 0 | AC23: =AA23*AB23 -> 0 | AD23: 1 | AE23: 0 | AF23: 0 | AG23: =AE23*AF23 -> 0 | AH23: 0 | AI23: 0 | AJ23: =AH23*AI23 -> 0 | AK23: 0 | AL23: 0 | AM23: =AK23*AL23 -> 0
H24: 0 | I24: 0 | J24: =H24*I24 -> 0 | K24: 0 | L24: 0 | M24: =K24*L24 -> 0 | N24: 0 | O24: 0 | P24: =N24*O24 -> 0 | Q24: 0 | R24: 0 | S24: =Q24*R24 -> 0 | T24: 0 | U24: 0 | V24: =T24*U24 -> 0 | W24: 0 | X24: 0 | Y24: =W24*X24 -> 0 | Z24: 1 | AA24: 0 | AB24: 0 | AC24: =AA24*AB24 -> 0 | AD24: 1 | AE24: 0 | AF24: 0 | AG24: =AE24*AF24 -> 0 | AH24: 0 | AI24: 0 | AJ24: =AH24*AI24 -> 0 | AK24: 0 | AL24: 0 | AM24: =AK24*AL24 -> 0
H25: 0 | I25: 0 | J25: =H25*I25 -> 0 | K25: 0 | L25: 0 | M25: =K25*L25 -> 0 | N25: 0 | O25: 0 | P25: =N25*O25 -> 0 | Q25: 0 | R25: 0 | S25: =Q25*R25 -> 0 | T25: 0 | U25: 0 | V25: =T25*U25 -> 0 | W25: 0 | X25: 0 | Y25: =W25*X25 -> 0 | Z25: 1 | AA25: 0 | AB25: 0 | AC25: =AA25*AB25 -> 0 | AD25: 1 | AE25: 0 | AF25: 0 | AG25: =AE25*AF25 -> 0 | AH25: 0 | AI25: 0 | AJ25: =AH25*AI25 -> 0 | AK25: 0 | AL25: 0 | AM25: =AK25*AL25 -> 0
H26: 0 | I26: 0 | J26: =H26*I26 -> 0 | K26: 0 | L26: 0 | M26: =K26*L26 -> 0 | N26: 0 | O26: 0 | P26: =N26*O26 -> 0 | Q26: 0 | R26: 0 | S26: =Q26*R26 -> 0 | T26: 0 | U26: 0 | V26: =T26*U26 -> 0 | W26: 0 | X26: 0 | Y26: =W26*X26 -> 0 | Z26: 1 | AA26: 0 | AB26: 0 | AC26: =AA26*AB26 -> 0 | AD26: 1 | AE26: 0 | AF26: 0 | AG26: =AE26*AF26 -> 0 | AH26: 0 | AI26: 0 | AJ26: =AH26*AI26 -> 0 | AK26: 0 | AL26: 0 | AM26: =AK26*AL26 -> 0
H27: 0 | I27: 0 | J27: =H27*I27 -> 0 | K27: 0 | L27: 0 | M27: =K27*L27 -> 0 | N27: 0 | O27: 0 | P27: =N27*O27 -> 0 | Q27: 0 | R27: 0 | S27: =Q27*R27 -> 0 | T27: 0 | U27: 0 | V27: =T27*U27 -> 0 | W27: 0 | X27: 0 | Y27: =W27*X27 -> 0 | Z27: 1 | AA27: 0 | AB27: 0 | AC27: =AA27*AB27 -> 0 | AD27: 1 | AE27: 0 | AF27: 0 | AG27: =AE27*AF27 -> 0 | AH27: 0 | AI27: 0 | AJ27: =AH27*AI27 -> 0 | AK27: 0 | AL27: 0 | AM27: =AK27*AL27 -> 0
H28: Total | J28: =SUM(J21:J27) -> 0 | K28: Total | M28: =SUM(M21:M27) -> 0 | N28: Total | P28: =SUM(P21:P27) -> 0 | Q28: Total | S28: =SUM(S21:S27) -> 0 | T28: Total | V28: =SUM(V21:V27) -> 0 | W28: Total | Y28: =SUM(Y21:Y27) -> 10 | Z28: 2 | AA28: Total | AC28: =SUM(AC21:AC27) -> 0 | AD28: 2 | AE28: Total | AG28: =SUM(AG21:AG27) -> 0 | AH28: Total | AJ28: =SUM(AJ21:AJ27) -> 0 | AK28: Total | AM28: =SUM(AM21:AM27) -> 0
C29: ='1. Rekap Back Up Aspal'!C22 -> 21800 | D29: ='1. Rekap Back Up Aspal'!D22 -> 21900 | E29: ='1. Rekap Back Up Aspal'!E22 -> 4.5 | F29: =(100/((D29-C29)*E29))*((J36*0.5)+(M36*0.5)+(P36*4)+(S36*4)+(V36*1)+(Y36*2)+(AC36*1.5)+(AG36*1)+(AJ36*1)+(AM36*1)) -> 0 | G29: =IF(F29<=25,"B",IF(F29<=75,"S",IF(F29<=100,"RR","RB"))) -> B | H29: 0 | I29: 0 | J29: =H29*I29 -> 0 | K29: 0 | L29: 0 | M29: =K29*L29 -> 0 | N29: 0 | O29: 4 | P29: =N29*O29 -> 0 | Q29: 0 | R29: 0 | S29: =Q29*R29 -> 0 | T29: 0 | U29: 0 | V29: =T29*U29 -> 0 | W29: 0 | X29: 0 | Y29: =W29*X29 -> 0 | Z29: 2 | AA29: 0 | AB29: 0 | AC29: =AA29*AB29 -> 0 | AD29: 1 | AE29: 0 | AF29: 0 | AG29: =AE29*AF29 -> 0 | AH29: 0 | AI29: 0 | AJ29: =AH29*AI29 -> 0 | AK29: 0 | AL29: 0 | AM29: =AK29*AL29 -> 0
H30: 0 | I30: 0 | J30: =H30*I30 -> 0 | K30: 0 | L30: 0 | M30: =K30*L30 -> 0 | N30: 0 | O30: 0 | P30: =N30*O30 -> 0 | Q30: 0 | R30: 0 | S30: =Q30*R30 -> 0 | T30: 0 | U30: 0 | V30: =T30*U30 -> 0 | W30: 0 | X30: 0 | Y30: =W30*X30 -> 0 | Z30: 3 | AA30: 0 | AB30: 0 | AC30: =AA30*AB30 -> 0 | AD30: 1 | AE30: 0 | AF30: 0 | AG30: =AE30*AF30 -> 0 | AH30: 0 | AI30: 0 | AJ30: =AH30*AI30 -> 0 | AK30: 0 | AL30: 0 | AM30: =AK30*AL30 -> 0
H31: 0 | I31: 0 | J31: =H31*I31 -> 0 | K31: 0 | L31: 0 | M31: =K31*L31 -> 0 | N31: 0 | O31: 0 | P31: =N31*O31 -> 0 | Q31: 0 | R31: 0 | S31: =Q31*R31 -> 0 | T31: 0 | U31: 0 | V31: =T31*U31 -> 0 | W31: 0 | X31: 0 | Y31: =W31*X31 -> 0 | Z31: 1 | AA31: 0 | AB31: 0 | AC31: =AA31*AB31 -> 0 | AD31: 1 | AE31: 0 | AF31: 0 | AG31: =AE31*AF31 -> 0 | AH31: 0 | AI31: 0 | AJ31: =AH31*AI31 -> 0 | AK31: 0 | AL31: 0 | AM31: =AK31*AL31 -> 0
H32: 0 | I32: 0 | J32: =H32*I32 -> 0 | K32: 0 | L32: 0 | M32: =K32*L32 -> 0 | N32: 0 | O32: 0 | P32: =N32*O32 -> 0 | Q32: 0 | R32: 0 | S32: =Q32*R32 -> 0 | T32: 0 | U32: 0 | V32: =T32*U32 -> 0 | W32: 0 | X32: 0 | Y32: =W32*X32 -> 0 | Z32: 1 | AA32: 0 | AB32: 0 | AC32: =AA32*AB32 -> 0 | AD32: 1 | AE32: 0 | AF32: 0 | AG32: =AE32*AF32 -> 0 | AH32: 0 | AI32: 0 | AJ32: =AH32*AI32 -> 0 | AK32: 0 | AL32: 0 | AM32: =AK32*AL32 -> 0
H33: 0 | I33: 0 | J33: =H33*I33 -> 0 | K33: 0 | L33: 0 | M33: =K33*L33 -> 0 | N33: 0 | O33: 0 | P33: =N33*O33 -> 0 | Q33: 0 | R33: 0 | S33: =Q33*R33 -> 0 | T33: 0 | U33: 0 | V33: =T33*U33 -> 0 | W33: 0 | X33: 0 | Y33: =W33*X33 -> 0 | Z33: 1 | AA33: 0 | AB33: 0 | AC33: =AA33*AB33 -> 0 | AD33: 1 | AE33: 0 | AF33: 0 | AG33: =AE33*AF33 -> 0 | AH33: 0 | AI33: 0 | AJ33: =AH33*AI33 -> 0 | AK33: 0 | AL33: 0 | AM33: =AK33*AL33 -> 0
H34: 0 | I34: 0 | J34: =H34*I34 -> 0 | K34: 0 | L34: 0 | M34: =K34*L34 -> 0 | N34: 0 | O34: 0 | P34: =N34*O34 -> 0 | Q34: 0 | R34: 0 | S34: =Q34*R34 -> 0 | T34: 0 | U34: 0 | V34: =T34*U34 -> 0 | W34: 0 | X34: 0 | Y34: =W34*X34 -> 0 | Z34: 1 | AA34: 0 | AB34: 0 | AC34: =AA34*AB34 -> 0 | AD34: 1 | AE34: 0 | AF34: 0 | AG34: =AE34*AF34 -> 0 | AH34: 0 | AI34: 0 | AJ34: =AH34*AI34 -> 0 | AK34: 0 | AL34: 0 | AM34: =AK34*AL34 -> 0
H35: 0 | I35: 0 | J35: =H35*I35 -> 0 | K35: 0 | L35: 0 | M35: =K35*L35 -> 0 | N35: 0 | O35: 0 | P35: =N35*O35 -> 0 | Q35: 0 | R35: 0 | S35: =Q35*R35 -> 0 | T35: 0 | U35: 0 | V35: =T35*U35 -> 0 | W35: 0 | X35: 0 | Y35: =W35*X35 -> 0 | Z35: 1 | AA35: 0 | AB35: 0 | AC35: =AA35*AB35 -> 0 | AD35: 1 | AE35: 0 | AF35: 0 | AG35: =AE35*AF35 -> 0 | AH35: 0 | AI35: 0 | AJ35: =AH35*AI35 -> 0 | AK35: 0 | AL35: 0 | AM35: =AK35*AL35 -> 0
H36: Total | J36: =SUM(J29:J35) -> 0 | K36: Total | M36: =SUM(M29:M35) -> 0 | N36: Total | P36: =SUM(P29:P35) -> 0 | Q36: Total | S36: =SUM(S29:S35) -> 0 | T36: Total | V36: =SUM(V29:V35) -> 0 | W36: Total | Y36: =SUM(Y29:Y35) -> 0 | Z36: 2 | AA36: Total | AC36: =SUM(AC29:AC35) -> 0 | AD36: 2 | AE36: Total | AG36: =SUM(AG29:AG35) -> 0 | AH36: Total | AJ36: =SUM(AJ29:AJ35) -> 0 | AK36: Total | AM36: =SUM(AM29:AM35) -> 0
C37: ='1. Rekap Back Up Aspal'!C23 -> 21900 | D37: ='1. Rekap Back Up Aspal'!D23 -> 22000 | E37: ='1. Rekap Back Up Aspal'!E23 -> 4.5 | F37: =(100/((D37-C37)*E37))*((J44*0.5)+(M44*0.5)+(P44*4)+(S44*4)+(V44*1)+(Y44*2)+(AC44*1.5)+(AG44*1)+(AJ44*1)+(AM44*1)) -> 0 | G37: =IF(F37<=25,"B",IF(F37<=75,"S",IF(F37<=100,"RR","RB"))) -> B | H37: 0 | I37: 0 | J37: =H37*I37 -> 0 | K37: 0 | L37: 0 | M37: =K37*L37 -> 0 | N37: 0 | O37: 4 | P37: =N37*O37 -> 0 | Q37: 0 | R37: 0 | S37: =Q37*R37 -> 0 | T37: 0 | U37: 0 | V37: =T37*U37 -> 0 | W37: 0 | X37: 0 | Y37: =W37*X37 -> 0 | Z37: 2 | AA37: 0 | AB37: 0 | AC37: =AA37*AB37 -> 0 | AD37: 1 | AE37: 0 | AF37: 0 | AG37: =AE37*AF37 -> 0 | AH37: 0 | AI37: 0 | AJ37: =AH37*AI37 -> 0 | AK37: 0 | AL37: 0 | AM37: =AK37*AL37 -> 0
H38: 0 | I38: 0 | J38: =H38*I38 -> 0 | K38: 0 | L38: 0 | M38: =K38*L38 -> 0 | N38: 0 | O38: 0 | P38: =N38*O38 -> 0 | Q38: 0 | R38: 0 | S38: =Q38*R38 -> 0 | T38: 0 | U38: 0 | V38: =T38*U38 -> 0 | W38: 0 | X38: 0 | Y38: =W38*X38 -> 0 | Z38: 3 | AA38: 0 | AB38: 0 | AC38: =AA38*AB38 -> 0 | AD38: 1 | AE38: 0 | AF38: 0 | AG38: =AE38*AF38 -> 0 | AH38: 0 | AI38: 0 | AJ38: =AH38*AI38 -> 0 | AK38: 0 | AL38: 0 | AM38: =AK38*AL38 -> 0
H39: 0 | I39: 0 | J39: =H39*I39 -> 0 | K39: 0 | L39: 0 | M39: =K39*L39 -> 0 | N39: 0 | O39: 0 | P39: =N39*O39 -> 0 | Q39: 0 | R39: 0 | S39: =Q39*R39 -> 0 | T39: 0 | U39: 0 | V39: =T39*U39 -> 0 | W39: 0 | X39: 0 | Y39: =W39*X39 -> 0 | Z39: 1 | AA39: 0 | AB39: 0 | AC39: =AA39*AB39 -> 0 | AD39: 1 | AE39: 0 | AF39: 0 | AG39: =AE39*AF39 -> 0 | AH39: 0 | AI39: 0 | AJ39: =AH39*AI39 -> 0 | AK39: 0 | AL39: 0 | AM39: =AK39*AL39 -> 0
H40: 0 | I40: 0 | J40: =H40*I40 -> 0 | K40: 0 | L40: 0 | M40: =K40*L40 -> 0 | N40: 0 | O40: 0 | P40: =N40*O40 -> 0 | Q40: 0 | R40: 0 | S40: =Q40*R40 -> 0 | T40: 0 | U40: 0 | V40: =T40*U40 -> 0 | W40: 0 | X40: 0 | Y40: =W40*X40 -> 0 | Z40: 1 | AA40: 0 | AB40: 0 | AC40: =AA40*AB40 -> 0 | AD40: 1 | AE40: 0 | AF40: 0 | AG40: =AE40*AF40 -> 0 | AH40: 0 | AI40: 0 | AJ40: =AH40*AI40 -> 0 | AK40: 0 | AL40: 0 | AM40: =AK40*AL40 -> 0
H41: 0 | I41: 0 | J41: =H41*I41 -> 0 | K41: 0 | L41: 0 | M41: =K41*L41 -> 0 | N41: 0 | O41: 0 | P41: =N41*O41 -> 0 | Q41: 0 | R41: 0 | S41: =Q41*R41 -> 0 | T41: 0 | U41: 0 | V41: =T41*U41 -> 0 | W41: 0 | X41: 0 | Y41: =W41*X41 -> 0 | Z41: 1 | AA41: 0 | AB41: 0 | AC41: =AA41*AB41 -> 0 | AD41: 1 | AE41: 0 | AF41: 0 | AG41: =AE41*AF41 -> 0 | AH41: 0 | AI41: 0 | AJ41: =AH41*AI41 -> 0 | AK41: 0 | AL41: 0 | AM41: =AK41*AL41 -> 0
H42: 0 | I42: 0 | J42: =H42*I42 -> 0 | K42: 0 | L42: 0 | M42: =K42*L42 -> 0 | N42: 0 | O42: 0 | P42: =N42*O42 -> 0 | Q42: 0 | R42: 0 | S42: =Q42*R42 -> 0 | T42: 0 | U42: 0 | V42: =T42*U42 -> 0 | W42: 0 | X42: 0 | Y42: =W42*X42 -> 0 | Z42: 1 | AA42: 0 | AB42: 0 | AC42: =AA42*AB42 -> 0 | AD42: 1 | AE42: 0 | AF42: 0 | AG42: =AE42*AF42 -> 0 | AH42: 0 | AI42: 0 | AJ42: =AH42*AI42 -> 0 | AK42: 0 | AL42: 0 | AM42: =AK42*AL42 -> 0
H43: 0 | I43: 0 | J43: =H43*I43 -> 0 | K43: 0 | L43: 0 | M43: =K43*L43 -> 0 | N43: 0 | O43: 0 | P43: =N43*O43 -> 0 | Q43: 0 | R43: 0 | S43: =Q43*R43 -> 0 | T43: 0 | U43: 0 | V43: =T43*U43 -> 0 | W43: 0 | X43: 0 | Y43: =W43*X43 -> 0 | Z43: 1 | AA43: 0 | AB43: 0 | AC43: =AA43*AB43 -> 0 | AD43: 1 | AE43: 0 | AF43: 0 | AG43: =AE43*AF43 -> 0 | AH43: 0 | AI43: 0 | AJ43: =AH43*AI43 -> 0 | AK43: 0 | AL43: 0 | AM43: =AK43*AL43 -> 0
H44: Total | J44: =SUM(J37:J43) -> 0 | K44: Total | M44: =SUM(M37:M43) -> 0 | N44: Total | P44: =SUM(P37:P43) -> 0 | Q44: Total | S44: =SUM(S37:S43) -> 0 | T44: Total | V44: =SUM(V37:V43) -> 0 | W44: Total | Y44: =SUM(Y37:Y43) -> 0 | Z44: 2 | AA44: Total | AC44: =SUM(AC37:AC43) -> 0 | AD44: 2 | AE44: Total | AG44: =SUM(AG37:AG43) -> 0 | AH44: Total | AJ44: =SUM(AJ37:AJ43) -> 0 | AK44: Total | AM44: =SUM(AM37:AM43) -> 0
C45: ='1. Rekap Back Up Aspal'!C24 -> 22000 | D45: ='1. Rekap Back Up Aspal'!D24 -> 22100 | E45: ='1. Rekap Back Up Aspal'!E24 -> 4.5 | F45: =(100/((D45-C45)*E45))*((J52*0.5)+(M52*0.5)+(P52*4)+(S52*4)+(V52*1)+(Y52*2)+(AC52*1.5)+(AG52*1)+(AJ52*1)+(AM52*1)) -> 0 | G45: =IF(F45<=25,"B",IF(F45<=75,"S",IF(F45<=100,"RR","RB"))) -> B | H45: 0 | I45: 0 | J45: =H45*I45 -> 0 | K45: 0 | L45: 0 | M45: =K45*L45 -> 0 | N45: 0 | O45: 4 | P45: =N45*O45 -> 0 | Q45: 0 | R45: 0 | S45: =Q45*R45 -> 0 | T45: 0 | U45: 0 | V45: =T45*U45 -> 0 | W45: 0 | X45: 0 | Y45: =W45*X45 -> 0 | Z45: 2 | AA45: 0 | AB45: 0 | AC45: =AA45*AB45 -> 0 | AD45: 1 | AE45: 0 | AF45: 0 | AG45: =AE45*AF45 -> 0 | AH45: 0 | AI45: 0 | AJ45: =AH45*AI45 -> 0 | AK45: 0 | AL45: 0 | AM45: =AK45*AL45 -> 0
H46: 0 | I46: 0 | J46: =H46*I46 -> 0 | K46: 0 | L46: 0 | M46: =K46*L46 -> 0 | N46: 0 | O46: 0 | P46: =N46*O46 -> 0 | Q46: 0 | R46: 0 | S46: =Q46*R46 -> 0 | T46: 0 | U46: 0 | V46: =T46*U46 -> 0 | W46: 0 | X46: 0 | Y46: =W46*X46 -> 0 | Z46: 3 | AA46: 0 | AB46: 0 | AC46: =AA46*AB46 -> 0 | AD46: 1 | AE46: 0 | AF46: 0 | AG46: =AE46*AF46 -> 0 | AH46: 0 | AI46: 0 | AJ46: =AH46*AI46 -> 0 | AK46: 0 | AL46: 0 | AM46: =AK46*AL46 -> 0
H47: 0 | I47: 0 | J47: =H47*I47 -> 0 | K47: 0 | L47: 0 | M47: =K47*L47 -> 0 | N47: 0 | O47: 0 | P47: =N47*O47 -> 0 | Q47: 0 | R47: 0 | S47: =Q47*R47 -> 0 | T47: 0 | U47: 0 | V47: =T47*U47 -> 0 | W47: 0 | X47: 0 | Y47: =W47*X47 -> 0 | Z47: 1 | AA47: 0 | AB47: 0 | AC47: =AA47*AB47 -> 0 | AD47: 1 | AE47: 0 | AF47: 0 | AG47: =AE47*AF47 -> 0 | AH47: 0 | AI47: 0 | AJ47: =AH47*AI47 -> 0 | AK47: 0 | AL47: 0 | AM47: =AK47*AL47 -> 0
H48: 0 | I48: 0 | J48: =H48*I48 -> 0 | K48: 0 | L48: 0 | M48: =K48*L48 -> 0 | N48: 0 | O48: 0 | P48: =N48*O48 -> 0 | Q48: 0 | R48: 0 | S48: =Q48*R48 -> 0 | T48: 0 | U48: 0 | V48: =T48*U48 -> 0 | W48: 0 | X48: 0 | Y48: =W48*X48 -> 0 | Z48: 1 | AA48: 0 | AB48: 0 | AC48: =AA48*AB48 -> 0 | AD48: 1 | AE48: 0 | AF48: 0 | AG48: =AE48*AF48 -> 0 | AH48: 0 | AI48: 0 | AJ48: =AH48*AI48 -> 0 | AK48: 0 | AL48: 0 | AM48: =AK48*AL48 -> 0
H49: 0 | I49: 0 | J49: =H49*I49 -> 0 | K49: 0 | L49: 0 | M49: =K49*L49 -> 0 | N49: 0 | O49: 0 | P49: =N49*O49 -> 0 | Q49: 0 | R49: 0 | S49: =Q49*R49 -> 0 | T49: 0 | U49: 0 | V49: =T49*U49 -> 0 | W49: 0 | X49: 0 | Y49: =W49*X49 -> 0 | Z49: 1 | AA49: 0 | AB49: 0 | AC49: =AA49*AB49 -> 0 | AD49: 1 | AE49: 0 | AF49: 0 | AG49: =AE49*AF49 -> 0 | AH49: 0 | AI49: 0 | AJ49: =AH49*AI49 -> 0 | AK49: 0 | AL49: 0 | AM49: =AK49*AL49 -> 0
H50: 0 | I50: 0 | J50: =H50*I50 -> 0 | K50: 0 | L50: 0 | M50: =K50*L50 -> 0 | N50: 0 | O50: 0 | P50: =N50*O50 -> 0 | Q50: 0 | R50: 0 | S50: =Q50*R50 -> 0 | T50: 0 | U50: 0 | V50: =T50*U50 -> 0 | W50: 0 | X50: 0 | Y50: =W50*X50 -> 0 | Z50: 1 | AA50: 0 | AB50: 0 | AC50: =AA50*AB50 -> 0 | AD50: 1 | AE50: 0 | AF50: 0 | AG50: =AE50*AF50 -> 0 | AH50: 0 | AI50: 0 | AJ50: =AH50*AI50 -> 0 | AK50: 0 | AL50: 0 | AM50: =AK50*AL50 -> 0
H51: 0 | I51: 0 | J51: =H51*I51 -> 0 | K51: 0 | L51: 0 | M51: =K51*L51 -> 0 | N51: 0 | O51: 0 | P51: =N51*O51 -> 0 | Q51: 0 | R51: 0 | S51: =Q51*R51 -> 0 | T51: 0 | U51: 0 | V51: =T51*U51 -> 0 | W51: 0 | X51: 0 | Y51: =W51*X51 -> 0 | Z51: 1 | AA51: 0 | AB51: 0 | AC51: =AA51*AB51 -> 0 | AD51: 1 | AE51: 0 | AF51: 0 | AG51: =AE51*AF51 -> 0 | AH51: 0 | AI51: 0 | AJ51: =AH51*AI51 -> 0 | AK51: 0 | AL51: 0 | AM51: =AK51*AL51 -> 0
H52: Total | J52: =SUM(J45:J51) -> 0 | K52: Total | M52: =SUM(M45:M51) -> 0 | N52: Total | P52: =SUM(P45:P51) -> 0 | Q52: Total | S52: =SUM(S45:S51) -> 0 | T52: Total | V52: =SUM(V45:V51) -> 0 | W52: Total | Y52: =SUM(Y45:Y51) -> 0 | Z52: 2 | AA52: Total | AC52: =SUM(AC45:AC51) -> 0 | AD52: 2 | AE52: Total | AG52: =SUM(AG45:AG51) -> 0 | AH52: Total | AJ52: =SUM(AJ45:AJ51) -> 0 | AK52: Total | AM52: =SUM(AM45:AM51) -> 0
C53: ='1. Rekap Back Up Aspal'!C25 -> 22100 | D53: ='1. Rekap Back Up Aspal'!D25 -> 22150 | E53: ='1. Rekap Back Up Aspal'!E25 -> 4.5 | F53: =(100/((D53-C53)*E53))*((J60*0.5)+(M60*0.5)+(P60*4)+(S60*4)+(V60*1)+(Y60*2)+(AC60*1.5)+(AG60*1)+(AJ60*1)+(AM60*1)) -> 0 | G53: =IF(F53<=25,"B",IF(F53<=75,"S",IF(F53<=100,"RR","RB"))) -> B | H53: 0 | I53: 0 | J53: =H53*I53 -> 0 | K53: 0 | L53: 0 | M53: =K53*L53 -> 0 | N53: 0 | O53: 4 | P53: =N53*O53 -> 0 | Q53: 0 | R53: 0 | S53: =Q53*R53 -> 0 | T53: 0 | U53: 0 | V53: =T53*U53 -> 0 | W53: 0 | X53: 0 | Y53: =W53*X53 -> 0 | Z53: 2 | AA53: 0 | AB53: 0 | AC53: =AA53*AB53 -> 0 | AD53: 1 | AE53: 0 | AF53: 0 | AG53: =AE53*AF53 -> 0 | AH53: 0 | AI53: 0 | AJ53: =AH53*AI53 -> 0 | AK53: 0 | AL53: 0 | AM53: =AK53*AL53 -> 0
H54: 0 | I54: 0 | J54: =H54*I54 -> 0 | K54: 0 | L54: 0 | M54: =K54*L54 -> 0 | N54: 0 | O54: 0 | P54: =N54*O54 -> 0 | Q54: 0 | R54: 0 | S54: =Q54*R54 -> 0 | T54: 0 | U54: 0 | V54: =T54*U54 -> 0 | W54: 0 | X54: 0 | Y54: =W54*X54 -> 0 | Z54: 3 | AA54: 0 | AB54: 0 | AC54: =AA54*AB54 -> 0 | AD54: 1 | AE54: 0 | AF54: 0 | AG54: =AE54*AF54 -> 0 | AH54: 0 | AI54: 0 | AJ54: =AH54*AI54 -> 0 | AK54: 0 | AL54: 0 | AM54: =AK54*AL54 -> 0
H55: 0 | I55: 0 | J55: =H55*I55 -> 0 | K55: 0 | L55: 0 | M55: =K55*L55 -> 0 | N55: 0 | O55: 0 | P55: =N55*O55 -> 0 | Q55: 0 | R55: 0 | S55: =Q55*R55 -> 0 | T55: 0 | U55: 0 | V55: =T55*U55 -> 0 | W55: 0 | X55: 0 | Y55: =W55*X55 -> 0 | Z55: 1 | AA55: 0 | AB55: 0 | AC55: =AA55*AB55 -> 0 | AD55: 1 | AE55: 0 | AF55: 0 | AG55: =AE55*AF55 -> 0 | AH55: 0 | AI55: 0 | AJ55: =AH55*AI55 -> 0 | AK55: 0 | AL55: 0 | AM55: =AK55*AL55 -> 0
H56: 0 | I56: 0 | J56: =H56*I56 -> 0 | K56: 0 | L56: 0 | M56: =K56*L56 -> 0 | N56: 0 | O56: 0 | P56: =N56*O56 -> 0 | Q56: 0 | R56: 0 | S56: =Q56*R56 -> 0 | T56: 0 | U56: 0 | V56: =T56*U56 -> 0 | W56: 0 | X56: 0 | Y56: =W56*X56 -> 0 | Z56: 1 | AA56: 0 | AB56: 0 | AC56: =AA56*AB56 -> 0 | AD56: 1 | AE56: 0 | AF56: 0 | AG56: =AE56*AF56 -> 0 | AH56: 0 | AI56: 0 | AJ56: =AH56*AI56 -> 0 | AK56: 0 | AL56: 0 | AM56: =AK56*AL56 -> 0
H57: 0 | I57: 0 | J57: =H57*I57 -> 0 | K57: 0 | L57: 0 | M57: =K57*L57 -> 0 | N57: 0 | O57: 0 | P57: =N57*O57 -> 0 | Q57: 0 | R57: 0 | S57: =Q57*R57 -> 0 | T57: 0 | U57: 0 | V57: =T57*U57 -> 0 | W57: 0 | X57: 0 | Y57: =W57*X57 -> 0 | Z57: 1 | AA57: 0 | AB57: 0 | AC57: =AA57*AB57 -> 0 | AD57: 1 | AE57: 0 | AF57: 0 | AG57: =AE57*AF57 -> 0 | AH57: 0 | AI57: 0 | AJ57: =AH57*AI57 -> 0 | AK57: 0 | AL57: 0 | AM57: =AK57*AL57 -> 0
H58: 0 | I58: 0 | J58: =H58*I58 -> 0 | K58: 0 | L58: 0 | M58: =K58*L58 -> 0 | N58: 0 | O58: 0 | P58: =N58*O58 -> 0 | Q58: 0 | R58: 0 | S58: =Q58*R58 -> 0 | T58: 0 | U58: 0 | V58: =T58*U58 -> 0 | W58: 0 | X58: 0 | Y58: =W58*X58 -> 0 | Z58: 1 | AA58: 0 | AB58: 0 | AC58: =AA58*AB58 -> 0 | AD58: 1 | AE58: 0 | AF58: 0 | AG58: =AE58*AF58 -> 0 | AH58: 0 | AI58: 0 | AJ58: =AH58*AI58 -> 0 | AK58: 0 | AL58: 0 | AM58: =AK58*AL58 -> 0
H59: 0 | I59: 0 | J59: =H59*I59 -> 0 | K59: 0 | L59: 0 | M59: =K59*L59 -> 0 | N59: 0 | O59: 0 | P59: =N59*O59 -> 0 | Q59: 0 | R59: 0 | S59: =Q59*R59 -> 0 | T59: 0 | U59: 0 | V59: =T59*U59 -> 0 | W59: 0 | X59: 0 | Y59: =W59*X59 -> 0 | Z59: 1 | AA59: 0 | AB59: 0 | AC59: =AA59*AB59 -> 0 | AD59: 1 | AE59: 0 | AF59: 0 | AG59: =AE59*AF59 -> 0 | AH59: 0 | AI59: 0 | AJ59: =AH59*AI59 -> 0 | AK59: 0 | AL59: 0 | AM59: =AK59*AL59 -> 0
H60: Total | J60: =SUM(J53:J59) -> 0 | K60: Total | M60: =SUM(M53:M59) -> 0 | N60: Total | P60: =SUM(P53:P59) -> 0 | Q60: Total | S60: =SUM(S53:S59) -> 0 | T60: Total | V60: =SUM(V53:V59) -> 0 | W60: Total | Y60: =SUM(Y53:Y59) -> 0 | Z60: 2 | AA60: Total | AC60: =SUM(AC53:AC59) -> 0 | AD60: 2 | AE60: Total | AG60: =SUM(AG53:AG59) -> 0 | AH60: Total | AJ60: =SUM(AJ53:AJ59) -> 0 | AK60: Total | AM60: =SUM(AM53:AM59) -> 0
C61: ='1. Rekap Back Up Aspal'!C26 -> 22350 | D61: ='1. Rekap Back Up Aspal'!D26 -> 22400 | E61: ='1. Rekap Back Up Aspal'!E26 -> 4.5 | F61: =(100/((D61-C61)*E61))*((J68*0.5)+(M68*0.5)+(P68*4)+(S68*4)+(V68*1)+(Y68*2)+(AC68*1.5)+(AG68*1)+(AJ68*1)+(AM68*1)) -> 0 | G61: =IF(F61<=25,"B",IF(F61<=75,"S",IF(F61<=100,"RR","RB"))) -> B | H61: 0 | I61: 0 | J61: =H61*I61 -> 0 | K61: 0 | L61: 0 | M61: =K61*L61 -> 0 | N61: 0 | O61: 4 | P61: =N61*O61 -> 0 | Q61: 0 | R61: 0 | S61: =Q61*R61 -> 0 | T61: 0 | U61: 0 | V61: =T61*U61 -> 0 | W61: 0 | X61: 0 | Y61: =W61*X61 -> 0 | Z61: 2 | AA61: 0 | AB61: 0 | AC61: =AA61*AB61 -> 0 | AD61: 1 | AE61: 0 | AF61: 0 | AG61: =AE61*AF61 -> 0 | AH61: 0 | AI61: 0 | AJ61: =AH61*AI61 -> 0 | AK61: 0 | AL61: 0 | AM61: =AK61*AL61 -> 0
H62: 0 | I62: 0 | J62: =H62*I62 -> 0 | K62: 0 | L62: 0 | M62: =K62*L62 -> 0 | N62: 0 | O62: 0 | P62: =N62*O62 -> 0 | Q62: 0 | R62: 0 | S62: =Q62*R62 -> 0 | T62: 0 | U62: 0 | V62: =T62*U62 -> 0 | W62: 0 | X62: 0 | Y62: =W62*X62 -> 0 | Z62: 3 | AA62: 0 | AB62: 0 | AC62: =AA62*AB62 -> 0 | AD62: 1 | AE62: 0 | AF62: 0 | AG62: =AE62*AF62 -> 0 | AH62: 0 | AI62: 0 | AJ62: =AH62*AI62 -> 0 | AK62: 0 | AL62: 0 | AM62: =AK62*AL62 -> 0
H63: 0 | I63: 0 | J63: =H63*I63 -> 0 | K63: 0 | L63: 0 | M63: =K63*L63 -> 0 | N63: 0 | O63: 0 | P63: =N63*O63 -> 0 | Q63: 0 | R63: 0 | S63: =Q63*R63 -> 0 | T63: 0 | U63: 0 | V63: =T63*U63 -> 0 | W63: 0 | X63: 0 | Y63: =W63*X63 -> 0 | Z63: 1 | AA63: 0 | AB63: 0 | AC63: =AA63*AB63 -> 0 | AD63: 1 | AE63: 0 | AF63: 0 | AG63: =AE63*AF63 -> 0 | AH63: 0 | AI63: 0 | AJ63: =AH63*AI63 -> 0 | AK63: 0 | AL63: 0 | AM63: =AK63*AL63 -> 0
H64: 0 | I64: 0 | J64: =H64*I64 -> 0 | K64: 0 | L64: 0 | M64: =K64*L64 -> 0 | N64: 0 | O64: 0 | P64: =N64*O64 -> 0 | Q64: 0 | R64: 0 | S64: =Q64*R64 -> 0 | T64: 0 | U64: 0 | V64: =T64*U64 -> 0 | W64: 0 | X64: 0 | Y64: =W64*X64 -> 0 | Z64: 1 | AA64: 0 | AB64: 0 | AC64: =AA64*AB64 -> 0 | AD64: 1 | AE64: 0 | AF64: 0 | AG64: =AE64*AF64 -> 0 | AH64: 0 | AI64: 0 | AJ64: =AH64*AI64 -> 0 | AK64: 0 | AL64: 0 | AM64: =AK64*AL64 -> 0
H65: 0 | I65: 0 | J65: =H65*I65 -> 0 | K65: 0 | L65: 0 | M65: =K65*L65 -> 0 | N65: 0 | O65: 0 | P65: =N65*O65 -> 0 | Q65: 0 | R65: 0 | S65: =Q65*R65 -> 0 | T65: 0 | U65: 0 | V65: =T65*U65 -> 0 | W65: 0 | X65: 0 | Y65: =W65*X65 -> 0 | Z65: 1 | AA65: 0 | AB65: 0 | AC65: =AA65*AB65 -> 0 | AD65: 1 | AE65: 0 | AF65: 0 | AG65: =AE65*AF65 -> 0 | AH65: 0 | AI65: 0 | AJ65: =AH65*AI65 -> 0 | AK65: 0 | AL65: 0 | AM65: =AK65*AL65 -> 0
H66: 0 | I66: 0 | J66: =H66*I66 -> 0 | K66: 0 | L66: 0 | M66: =K66*L66 -> 0 | N66: 0 | O66: 0 | P66: =N66*O66 -> 0 | Q66: 0 | R66: 0 | S66: =Q66*R66 -> 0 | T66: 0 | U66: 0 | V66: =T66*U66 -> 0 | W66: 0 | X66: 0 | Y66: =W66*X66 -> 0 | Z66: 1 | AA66: 0 | AB66: 0 | AC66: =AA66*AB66 -> 0 | AD66: 1 | AE66: 0 | AF66: 0 | AG66: =AE66*AF66 -> 0 | AH66: 0 | AI66: 0 | AJ66: =AH66*AI66 -> 0 | AK66: 0 | AL66: 0 | AM66: =AK66*AL66 -> 0
H67: 0 | I67: 0 | J67: =H67*I67 -> 0 | K67: 0 | L67: 0 | M67: =K67*L67 -> 0 | N67: 0 | O67: 0 | P67: =N67*O67 -> 0 | Q67: 0 | R67: 0 | S67: =Q67*R67 -> 0 | T67: 0 | U67: 0 | V67: =T67*U67 -> 0 | W67: 0 | X67: 0 | Y67: =W67*X67 -> 0 | Z67: 1 | AA67: 0 | AB67: 0 | AC67: =AA67*AB67 -> 0 | AD67: 1 | AE67: 0 | AF67: 0 | AG67: =AE67*AF67 -> 0 | AH67: 0 | AI67: 0 | AJ67: =AH67*AI67 -> 0 | AK67: 0 | AL67: 0 | AM67: =AK67*AL67 -> 0
H68: Total | J68: =SUM(J61:J67) -> 0 | K68: Total | M68: =SUM(M61:M67) -> 0 | N68: Total | P68: =SUM(P61:P67) -> 0 | Q68: Total | S68: =SUM(S61:S67) -> 0 | T68: Total | V68: =SUM(V61:V67) -> 0 | W68: Total | Y68: =SUM(Y61:Y67) -> 0 | Z68: 2 | AA68: Total | AC68: =SUM(AC61:AC67) -> 0 | AD68: 2 | AE68: Total | AG68: =SUM(AG61:AG67) -> 0 | AH68: Total | AJ68: =SUM(AJ61:AJ67) -> 0 | AK68: Total | AM68: =SUM(AM61:AM67) -> 0
C69: ='1. Rekap Back Up Aspal'!C27 -> 22400 | D69: ='1. Rekap Back Up Aspal'!D27 -> 22500 | E69: ='1. Rekap Back Up Aspal'!E27 -> 4.5 | F69: =(100/((D69-C69)*E69))*((J76*0.5)+(M76*0.5)+(P76*4)+(S76*4)+(V76*1)+(Y76*2)+(AC76*1.5)+(AG76*1)+(AJ76*1)+(AM76*1)) -> 0 | G69: =IF(F69<=25,"B",IF(F69<=75,"S",IF(F69<=100,"RR","RB"))) -> B | H69: 0 | I69: 0 | J69: =H69*I69 -> 0 | K69: 0 | L69: 0 | M69: =K69*L69 -> 0 | N69: 0 | O69: 4 | P69: =N69*O69 -> 0 | Q69: 0 | R69: 0 | S69: =Q69*R69 -> 0 | T69: 0 | U69: 0 | V69: =T69*U69 -> 0 | W69: 0 | X69: 0 | Y69: =W69*X69 -> 0 | Z69: 2 | AA69: 0 | AB69: 0 | AC69: =AA69*AB69 -> 0 | AD69: 1 | AE69: 0 | AF69: 0 | AG69: =AE69*AF69 -> 0 | AH69: 0 | AI69: 0 | AJ69: =AH69*AI69 -> 0 | AK69: 0 | AL69: 0 | AM69: =AK69*AL69 -> 0
H70: 0 | I70: 0 | J70: =H70*I70 -> 0 | K70: 0 | L70: 0 | M70: =K70*L70 -> 0 | N70: 0 | O70: 0 | P70: =N70*O70 -> 0 | Q70: 0 | R70: 0 | S70: =Q70*R70 -> 0 | T70: 0 | U70: 0 | V70: =T70*U70 -> 0 | W70: 0 | X70: 0 | Y70: =W70*X70 -> 0 | Z70: 3 | AA70: 0 | AB70: 0 | AC70: =AA70*AB70 -> 0 | AD70: 1 | AE70: 0 | AF70: 0 | AG70: =AE70*AF70 -> 0 | AH70: 0 | AI70: 0 | AJ70: =AH70*AI70 -> 0 | AK70: 0 | AL70: 0 | AM70: =AK70*AL70 -> 0
H71: 0 | I71: 0 | J71: =H71*I71 -> 0 | K71: 0 | L71: 0 | M71: =K71*L71 -> 0 | N71: 0 | O71: 0 | P71: =N71*O71 -> 0 | Q71: 0 | R71: 0 | S71: =Q71*R71 -> 0 | T71: 0 | U71: 0 | V71: =T71*U71 -> 0 | W71: 0 | X71: 0 | Y71: =W71*X71 -> 0 | Z71: 1 | AA71: 0 | AB71: 0 | AC71: =AA71*AB71 -> 0 | AD71: 1 | AE71: 0 | AF71: 0 | AG71: =AE71*AF71 -> 0 | AH71: 0 | AI71: 0 | AJ71: =AH71*AI71 -> 0 | AK71: 0 | AL71: 0 | AM71: =AK71*AL71 -> 0
H72: 0 | I72: 0 | J72: =H72*I72 -> 0 | K72: 0 | L72: 0 | M72: =K72*L72 -> 0 | N72: 0 | O72: 0 | P72: =N72*O72 -> 0 | Q72: 0 | R72: 0 | S72: =Q72*R72 -> 0 | T72: 0 | U72: 0 | V72: =T72*U72 -> 0 | W72: 0 | X72: 0 | Y72: =W72*X72 -> 0 | Z72: 1 | AA72: 0 | AB72: 0 | AC72: =AA72*AB72 -> 0 | AD72: 1 | AE72: 0 | AF72: 0 | AG72: =AE72*AF72 -> 0 | AH72: 0 | AI72: 0 | AJ72: =AH72*AI72 -> 0 | AK72: 0 | AL72: 0 | AM72: =AK72*AL72 -> 0
H73: 0 | I73: 0 | J73: =H73*I73 -> 0 | K73: 0 | L73: 0 | M73: =K73*L73 -> 0 | N73: 0 | O73: 0 | P73: =N73*O73 -> 0 | Q73: 0 | R73: 0 | S73: =Q73*R73 -> 0 | T73: 0 | U73: 0 | V73: =T73*U73 -> 0 | W73: 0 | X73: 0 | Y73: =W73*X73 -> 0 | Z73: 1 | AA73: 0 | AB73: 0 | AC73: =AA73*AB73 -> 0 | AD73: 1 | AE73: 0 | AF73: 0 | AG73: =AE73*AF73 -> 0 | AH73: 0 | AI73: 0 | AJ73: =AH73*AI73 -> 0 | AK73: 0 | AL73: 0 | AM73: =AK73*AL73 -> 0
H74: 0 | I74: 0 | J74: =H74*I74 -> 0 | K74: 0 | L74: 0 | M74: =K74*L74 -> 0 | N74: 0 | O74: 0 | P74: =N74*O74 -> 0 | Q74: 0 | R74: 0 | S74: =Q74*R74 -> 0 | T74: 0 | U74: 0 | V74: =T74*U74 -> 0 | W74: 0 | X74: 0 | Y74: =W74*X74 -> 0 | Z74: 1 | AA74: 0 | AB74: 0 | AC74: =AA74*AB74 -> 0 | AD74: 1 | AE74: 0 | AF74: 0 | AG74: =AE74*AF74 -> 0 | AH74: 0 | AI74: 0 | AJ74: =AH74*AI74 -> 0 | AK74: 0 | AL74: 0 | AM74: =AK74*AL74 -> 0
H75: 0 | I75: 0 | J75: =H75*I75 -> 0 | K75: 0 | L75: 0 | M75: =K75*L75 -> 0 | N75: 0 | O75: 0 | P75: =N75*O75 -> 0 | Q75: 0 | R75: 0 | S75: =Q75*R75 -> 0 | T75: 0 | U75: 0 | V75: =T75*U75 -> 0 | W75: 0 | X75: 0 | Y75: =W75*X75 -> 0 | Z75: 1 | AA75: 0 | AB75: 0 | AC75: =AA75*AB75 -> 0 | AD75: 1 | AE75: 0 | AF75: 0 | AG75: =AE75*AF75 -> 0 | AH75: 0 | AI75: 0 | AJ75: =AH75*AI75 -> 0 | AK75: 0 | AL75: 0 | AM75: =AK75*AL75 -> 0
H76: Total | J76: =SUM(J69:J75) -> 0 | K76: Total | M76: =SUM(M69:M75) -> 0 | N76: Total | P76: =SUM(P69:P75) -> 0 | Q76: Total | S76: =SUM(S69:S75) -> 0 | T76: Total | V76: =SUM(V69:V75) -> 0 | W76: Total | Y76: =SUM(Y69:Y75) -> 0 | Z76: 2 | AA76: Total | AC76: =SUM(AC69:AC75) -> 0 | AD76: 2 | AE76: Total | AG76: =SUM(AG69:AG75) -> 0 | AH76: Total | AJ76: =SUM(AJ69:AJ75) -> 0 | AK76: Total | AM76: =SUM(AM69:AM75) -> 0
C77: ='1. Rekap Back Up Aspal'!C28 -> 22500 | D77: ='1. Rekap Back Up Aspal'!D28 -> 22600 | E77: ='1. Rekap Back Up Aspal'!E28 -> 4.5 | F77: =(100/((D77-C77)*E77))*((J84*0.5)+(M84*0.5)+(P84*4)+(S84*4)+(V84*1)+(Y84*2)+(AC84*1.5)+(AG84*1)+(AJ84*1)+(AM84*1)) -> 25 | G77: =IF(F77<=25,"B",IF(F77<=75,"S",IF(F77<=100,"RR","RB"))) -> B | H77: 0 | I77: 0 | J77: =H77*I77 -> 0 | K77: 50 | L77: 4.5 | M77: =K77*L77 -> 225 | N77: 0 | O77: 4 | P77: =N77*O77 -> 0 | Q77: 0 | R77: 0 | S77: =Q77*R77 -> 0 | T77: 0 | U77: 0 | V77: =T77*U77 -> 0 | W77: 0 | X77: 0 | Y77: =W77*X77 -> 0 | Z77: 2 | AA77: 0 | AB77: 0 | AC77: =AA77*AB77 -> 0 | AD77: 1 | AE77: 0 | AF77: 0 | AG77: =AE77*AF77 -> 0 | AH77: 0 | AI77: 0 | AJ77: =AH77*AI77 -> 0 | AK77: 0 | AL77: 0 | AM77: =AK77*AL77 -> 0
H78: 0 | I78: 0 | J78: =H78*I78 -> 0 | K78: 0 | L78: 0 | M78: =K78*L78 -> 0 | N78: 0 | O78: 0 | P78: =N78*O78 -> 0 | Q78: 0 | R78: 0 | S78: =Q78*R78 -> 0 | T78: 0 | U78: 0 | V78: =T78*U78 -> 0 | W78: 0 | X78: 0 | Y78: =W78*X78 -> 0 | Z78: 3 | AA78: 0 | AB78: 0 | AC78: =AA78*AB78 -> 0 | AD78: 1 | AE78: 0 | AF78: 0 | AG78: =AE78*AF78 -> 0 | AH78: 0 | AI78: 0 | AJ78: =AH78*AI78 -> 0 | AK78: 0 | AL78: 0 | AM78: =AK78*AL78 -> 0
H79: 0 | I79: 0 | J79: =H79*I79 -> 0 | K79: 0 | L79: 0 | M79: =K79*L79 -> 0 | N79: 0 | O79: 0 | P79: =N79*O79 -> 0 | Q79: 0 | R79: 0 | S79: =Q79*R79 -> 0 | T79: 0 | U79: 0 | V79: =T79*U79 -> 0 | W79: 0 | X79: 0 | Y79: =W79*X79 -> 0 | Z79: 1 | AA79: 0 | AB79: 0 | AC79: =AA79*AB79 -> 0 | AD79: 1 | AE79: 0 | AF79: 0 | AG79: =AE79*AF79 -> 0 | AH79: 0 | AI79: 0 | AJ79: =AH79*AI79 -> 0 | AK79: 0 | AL79: 0 | AM79: =AK79*AL79 -> 0
H80: 0 | I80: 0 | J80: =H80*I80 -> 0 | K80: 0 | L80: 0 | M80: =K80*L80 -> 0 | N80: 0 | O80: 0 | P80: =N80*O80 -> 0 | Q80: 0 | R80: 0 | S80: =Q80*R80 -> 0 | T80: 0 | U80: 0 | V80: =T80*U80 -> 0 | W80: 0 | X80: 0 | Y80: =W80*X80 -> 0 | Z80: 1 | AA80: 0 | AB80: 0 | AC80: =AA80*AB80 -> 0 | AD80: 1 | AE80: 0 | AF80: 0 | AG80: =AE80*AF80 -> 0 | AH80: 0 | AI80: 0 | AJ80: =AH80*AI80 -> 0 | AK80: 0 | AL80: 0 | AM80: =AK80*AL80 -> 0
H81: 0 | I81: 0 | J81: =H81*I81 -> 0 | K81: 0 | L81: 0 | M81: =K81*L81 -> 0 | N81: 0 | O81: 0 | P81: =N81*O81 -> 0 | Q81: 0 | R81: 0 | S81: =Q81*R81 -> 0 | T81: 0 | U81: 0 | V81: =T81*U81 -> 0 | W81: 0 | X81: 0 | Y81: =W81*X81 -> 0 | Z81: 1 | AA81: 0 | AB81: 0 | AC81: =AA81*AB81 -> 0 | AD81: 1 | AE81: 0 | AF81: 0 | AG81: =AE81*AF81 -> 0 | AH81: 0 | AI81: 0 | AJ81: =AH81*AI81 -> 0 | AK81: 0 | AL81: 0 | AM81: =AK81*AL81 -> 0
H82: 0 | I82: 0 | J82: =H82*I82 -> 0 | K82: 0 | L82: 0 | M82: =K82*L82 -> 0 | N82: 0 | O82: 0 | P82: =N82*O82 -> 0 | Q82: 0 | R82: 0 | S82: =Q82*R82 -> 0 | T82: 0 | U82: 0 | V82: =T82*U82 -> 0 | W82: 0 | X82: 0 | Y82: =W82*X82 -> 0 | Z82: 1 | AA82: 0 | AB82: 0 | AC82: =AA82*AB82 -> 0 | AD82: 1 | AE82: 0 | AF82: 0 | AG82: =AE82*AF82 -> 0 | AH82: 0 | AI82: 0 | AJ82: =AH82*AI82 -> 0 | AK82: 0 | AL82: 0 | AM82: =AK82*AL82 -> 0
H83: 0 | I83: 0 | J83: =H83*I83 -> 0 | K83: 0 | L83: 0 | M83: =K83*L83 -> 0 | N83: 0 | O83: 0 | P83: =N83*O83 -> 0 | Q83: 0 | R83: 0 | S83: =Q83*R83 -> 0 | T83: 0 | U83: 0 | V83: =T83*U83 -> 0 | W83: 0 | X83: 0 | Y83: =W83*X83 -> 0 | Z83: 1 | AA83: 0 | AB83: 0 | AC83: =AA83*AB83 -> 0 | AD83: 1 | AE83: 0 | AF83: 0 | AG83: =AE83*AF83 -> 0 | AH83: 0 | AI83: 0 | AJ83: =AH83*AI83 -> 0 | AK83: 0 | AL83: 0 | AM83: =AK83*AL83 -> 0
H84: Total | J84: =SUM(J77:J83) -> 0 | K84: Total | M84: =SUM(M77:M83) -> 225 | N84: Total | P84: =SUM(P77:P83) -> 0 | Q84: Total | S84: =SUM(S77:S83) -> 0 | T84: Total | V84: =SUM(V77:V83) -> 0 | W84: Total | Y84: =SUM(Y77:Y83) -> 0 | Z84: 2 | AA84: Total | AC84: =SUM(AC77:AC83) -> 0 | AD84: 2 | AE84: Total | AG84: =SUM(AG77:AG83) -> 0 | AH84: Total | AJ84: =SUM(AJ77:AJ83) -> 0 | AK84: Total | AM84: =SUM(AM77:AM83) -> 0
C85: ='1. Rekap Back Up Aspal'!C29 -> 24000 | D85: ='1. Rekap Back Up Aspal'!D29 -> 24100 | E85: ='1. Rekap Back Up Aspal'!E29 -> 4.5 | F85: =(100/((D85-C85)*E85))*((J92*0.5)+(M92*0.5)+(P92*4)+(S92*4)+(V92*1)+(Y92*2)+(AC92*1.5)+(AG92*1)+(AJ92*1)+(AM92*1)) -> 25 | G85: =IF(F85<=25,"B",IF(F85<=75,"S",IF(F85<=100,"RR","RB"))) -> B | H85: 0 | I85: 0 | J85: =H85*I85 -> 0 | K85: 50 | L85: 4.5 | M85: =K85*L85 -> 225 | N85: 0 | O85: 4 | P85: =N85*O85 -> 0 | Q85: 0 | R85: 0 | S85: =Q85*R85 -> 0 | T85: 0 | U85: 0 | V85: =T85*U85 -> 0 | W85: 0 | X85: 0 | Y85: =W85*X85 -> 0 | Z85: 2 | AA85: 0 | AB85: 0 | AC85: =AA85*AB85 -> 0 | AD85: 1 | AE85: 0 | AF85: 0 | AG85: =AE85*AF85 -> 0 | AH85: 0 | AI85: 0 | AJ85: =AH85*AI85 -> 0 | AK85: 0 | AL85: 0 | AM85: =AK85*AL85 -> 0
H86: 0 | I86: 0 | J86: =H86*I86 -> 0 | K86: 0 | L86: 0 | M86: =K86*L86 -> 0 | N86: 0 | O86: 0 | P86: =N86*O86 -> 0 | Q86: 0 | R86: 0 | S86: =Q86*R86 -> 0 | T86: 0 | U86: 0 | V86: =T86*U86 -> 0 | W86: 0 | X86: 0 | Y86: =W86*X86 -> 0 | Z86: 3 | AA86: 0 | AB86: 0 | AC86: =AA86*AB86 -> 0 | AD86: 1 | AE86: 0 | AF86: 0 | AG86: =AE86*AF86 -> 0 | AH86: 0 | AI86: 0 | AJ86: =AH86*AI86 -> 0 | AK86: 0 | AL86: 0 | AM86: =AK86*AL86 -> 0
H87: 0 | I87: 0 | J87: =H87*I87 -> 0 | K87: 0 | L87: 0 | M87: =K87*L87 -> 0 | N87: 0 | O87: 0 | P87: =N87*O87 -> 0 | Q87: 0 | R87: 0 | S87: =Q87*R87 -> 0 | T87: 0 | U87: 0 | V87: =T87*U87 -> 0 | W87: 0 | X87: 0 | Y87: =W87*X87 -> 0 | Z87: 1 | AA87: 0 | AB87: 0 | AC87: =AA87*AB87 -> 0 | AD87: 1 | AE87: 0 | AF87: 0 | AG87: =AE87*AF87 -> 0 | AH87: 0 | AI87: 0 | AJ87: =AH87*AI87 -> 0 | AK87: 0 | AL87: 0 | AM87: =AK87*AL87 -> 0
H88: 0 | I88: 0 | J88: =H88*I88 -> 0 | K88: 0 | L88: 0 | M88: =K88*L88 -> 0 | N88: 0 | O88: 0 | P88: =N88*O88 -> 0 | Q88: 0 | R88: 0 | S88: =Q88*R88 -> 0 | T88: 0 | U88: 0 | V88: =T88*U88 -> 0 | W88: 0 | X88: 0 | Y88: =W88*X88 -> 0 | Z88: 1 | AA88: 0 | AB88: 0 | AC88: =AA88*AB88 -> 0 | AD88: 1 | AE88: 0 | AF88: 0 | AG88: =AE88*AF88 -> 0 | AH88: 0 | AI88: 0 | AJ88: =AH88*AI88 -> 0 | AK88: 0 | AL88: 0 | AM88: =AK88*AL88 -> 0
H89: 0 | I89: 0 | J89: =H89*I89 -> 0 | K89: 0 | L89: 0 | M89: =K89*L89 -> 0 | N89: 0 | O89: 0 | P89: =N89*O89 -> 0 | Q89: 0 | R89: 0 | S89: =Q89*R89 -> 0 | T89: 0 | U89: 0 | V89: =T89*U89 -> 0 | W89: 0 | X89: 0 | Y89: =W89*X89 -> 0 | Z89: 1 | AA89: 0 | AB89: 0 | AC89: =AA89*AB89 -> 0 | AD89: 1 | AE89: 0 | AF89: 0 | AG89: =AE89*AF89 -> 0 | AH89: 0 | AI89: 0 | AJ89: =AH89*AI89 -> 0 | AK89: 0 | AL89: 0 | AM89: =AK89*AL89 -> 0
H90: 0 | I90: 0 | J90: =H90*I90 -> 0 | K90: 0 | L90: 0 | M90: =K90*L90 -> 0 | N90: 0 | O90: 0 | P90: =N90*O90 -> 0 | Q90: 0 | R90: 0 | S90: =Q90*R90 -> 0 | T90: 0 | U90: 0 | V90: =T90*U90 -> 0 | W90: 0 | X90: 0 | Y90: =W90*X90 -> 0 | Z90: 1 | AA90: 0 | AB90: 0 | AC90: =AA90*AB90 -> 0 | AD90: 1 | AE90: 0 | AF90: 0 | AG90: =AE90*AF90 -> 0 | AH90: 0 | AI90: 0 | AJ90: =AH90*AI90 -> 0 | AK90: 0 | AL90: 0 | AM90: =AK90*AL90 -> 0
H91: 0 | I91: 0 | J91: =H91*I91 -> 0 | K91: 0 | L91: 0 | M91: =K91*L91 -> 0 | N91: 0 | O91: 0 | P91: =N91*O91 -> 0 | Q91: 0 | R91: 0 | S91: =Q91*R91 -> 0 | T91: 0 | U91: 0 | V91: =T91*U91 -> 0 | W91: 0 | X91: 0 | Y91: =W91*X91 -> 0 | Z91: 1 | AA91: 0 | AB91: 0 | AC91: =AA91*AB91 -> 0 | AD91: 1 | AE91: 0 | AF91: 0 | AG91: =AE91*AF91 -> 0 | AH91: 0 | AI91: 0 | AJ91: =AH91*AI91 -> 0 | AK91: 0 | AL91: 0 | AM91: =AK91*AL91 -> 0
H92: Total | J92: =SUM(J85:J91) -> 0 | K92: Total | M92: =SUM(M85:M91) -> 225 | N92: Total | P92: =SUM(P85:P91) -> 0 | Q92: Total | S92: =SUM(S85:S91) -> 0 | T92: Total | V92: =SUM(V85:V91) -> 0 | W92: Total | Y92: =SUM(Y85:Y91) -> 0 | Z92: 2 | AA92: Total | AC92: =SUM(AC85:AC91) -> 0 | AD92: 2 | AE92: Total | AG92: =SUM(AG85:AG91) -> 0 | AH92: Total | AJ92: =SUM(AJ85:AJ91) -> 0 | AK92: Total | AM92: =SUM(AM85:AM91) -> 0
C93: ='1. Rekap Back Up Aspal'!C30 -> 24100 | D93: ='1. Rekap Back Up Aspal'!D30 -> 24200 | E93: ='1. Rekap Back Up Aspal'!E30 -> 4.5 | F93: =(100/((D93-C93)*E93))*((J100*0.5)+(M100*0.5)+(P100*4)+(S100*4)+(V100*1)+(Y100*2)+(AC100*1.5)+(AG100*1)+(AJ100*1)+(AM100*1)) -> 55.555556 | G93: =IF(F93<=25,"B",IF(F93<=75,"S",IF(F93<=100,"RR","RB"))) -> S | H93: 0 | I93: 0 | J93: =H93*I93 -> 0 | K93: 100 | L93: 5 | M93: =K93*L93 -> 500 | N93: 0 | O93: 4 | P93: =N93*O93 -> 0 | Q93: 0 | R93: 0 | S93: =Q93*R93 -> 0 | T93: 0 | U93: 0 | V93: =T93*U93 -> 0 | W93: 0 | X93: 0 | Y93: =W93*X93 -> 0 | Z93: 2 | AA93: 0 | AB93: 0 | AC93: =AA93*AB93 -> 0 | AD93: 1 | AE93: 0 | AF93: 0 | AG93: =AE93*AF93 -> 0 | AH93: 0 | AI93: 0 | AJ93: =AH93*AI93 -> 0 | AK93: 0 | AL93: 0 | AM93: =AK93*AL93 -> 0
H94: 0 | I94: 0 | J94: =H94*I94 -> 0 | K94: 0 | L94: 0 | M94: =K94*L94 -> 0 | N94: 0 | O94: 0 | P94: =N94*O94 -> 0 | Q94: 0 | R94: 0 | S94: =Q94*R94 -> 0 | T94: 0 | U94: 0 | V94: =T94*U94 -> 0 | W94: 0 | X94: 0 | Y94: =W94*X94 -> 0 | Z94: 3 | AA94: 0 | AB94: 0 | AC94: =AA94*AB94 -> 0 | AD94: 1 | AE94: 0 | AF94: 0 | AG94: =AE94*AF94 -> 0 | AH94: 0 | AI94: 0 | AJ94: =AH94*AI94 -> 0 | AK94: 0 | AL94: 0 | AM94: =AK94*AL94 -> 0
H95: 0 | I95: 0 | J95: =H95*I95 -> 0 | K95: 0 | L95: 0 | M95: =K95*L95 -> 0 | N95: 0 | O95: 0 | P95: =N95*O95 -> 0 | Q95: 0 | R95: 0 | S95: =Q95*R95 -> 0 | T95: 0 | U95: 0 | V95: =T95*U95 -> 0 | W95: 0 | X95: 0 | Y95: =W95*X95 -> 0 | Z95: 1 | AA95: 0 | AB95: 0 | AC95: =AA95*AB95 -> 0 | AD95: 1 | AE95: 0 | AF95: 0 | AG95: =AE95*AF95 -> 0 | AH95: 0 | AI95: 0 | AJ95: =AH95*AI95 -> 0 | AK95: 0 | AL95: 0 | AM95: =AK95*AL95 -> 0
H96: 0 | I96: 0 | J96: =H96*I96 -> 0 | K96: 0 | L96: 0 | M96: =K96*L96 -> 0 | N96: 0 | O96: 0 | P96: =N96*O96 -> 0 | Q96: 0 | R96: 0 | S96: =Q96*R96 -> 0 | T96: 0 | U96: 0 | V96: =T96*U96 -> 0 | W96: 0 | X96: 0 | Y96: =W96*X96 -> 0 | Z96: 1 | AA96: 0 | AB96: 0 | AC96: =AA96*AB96 -> 0 | AD96: 1 | AE96: 0 | AF96: 0 | AG96: =AE96*AF96 -> 0 | AH96: 0 | AI96: 0 | AJ96: =AH96*AI96 -> 0 | AK96: 0 | AL96: 0 | AM96: =AK96*AL96 -> 0
H97: 0 | I97: 0 | J97: =H97*I97 -> 0 | K97: 0 | L97: 0 | M97: =K97*L97 -> 0 | N97: 0 | O97: 0 | P97: =N97*O97 -> 0 | Q97: 0 | R97: 0 | S97: =Q97*R97 -> 0 | T97: 0 | U97: 0 | V97: =T97*U97 -> 0 | W97: 0 | X97: 0 | Y97: =W97*X97 -> 0 | Z97: 1 | AA97: 0 | AB97: 0 | AC97: =AA97*AB97 -> 0 | AD97: 1 | AE97: 0 | AF97: 0 | AG97: =AE97*AF97 -> 0 | AH97: 0 | AI97: 0 | AJ97: =AH97*AI97 -> 0 | AK97: 0 | AL97: 0 | AM97: =AK97*AL97 -> 0
H98: 0 | I98: 0 | J98: =H98*I98 -> 0 | K98: 0 | L98: 0 | M98: =K98*L98 -> 0 | N98: 0 | O98: 0 | P98: =N98*O98 -> 0 | Q98: 0 | R98: 0 | S98: =Q98*R98 -> 0 | T98: 0 | U98: 0 | V98: =T98*U98 -> 0 | W98: 0 | X98: 0 | Y98: =W98*X98 -> 0 | Z98: 1 | AA98: 0 | AB98: 0 | AC98: =AA98*AB98 -> 0 | AD98: 1 | AE98: 0 | AF98: 0 | AG98: =AE98*AF98 -> 0 | AH98: 0 | AI98: 0 | AJ98: =AH98*AI98 -> 0 | AK98: 0 | AL98: 0 | AM98: =AK98*AL98 -> 0
H99: 0 | I99: 0 | J99: =H99*I99 -> 0 | K99: 0 | L99: 0 | M99: =K99*L99 -> 0 | N99: 0 | O99: 0 | P99: =N99*O99 -> 0 | Q99: 0 | R99: 0 | S99: =Q99*R99 -> 0 | T99: 0 | U99: 0 | V99: =T99*U99 -> 0 | W99: 0 | X99: 0 | Y99: =W99*X99 -> 0 | Z99: 1 | AA99: 0 | AB99: 0 | AC99: =AA99*AB99 -> 0 | AD99: 1 | AE99: 0 | AF99: 0 | AG99: =AE99*AF99 -> 0 | AH99: 0 | AI99: 0 | AJ99: =AH99*AI99 -> 0 | AK99: 0 | AL99: 0 | AM99: =AK99*AL99 -> 0
H100: Total | J100: =SUM(J93:J99) -> 0 | K100: Total | M100: =SUM(M93:M99) -> 500 | N100: Total | P100: =SUM(P93:P99) -> 0 | Q100: Total | S100: =SUM(S93:S99) -> 0 | T100: Total | V100: =SUM(V93:V99) -> 0 | W100: Total | Y100: =SUM(Y93:Y99) -> 0 | Z100: 2 | AA100: Total | AC100: =SUM(AC93:AC99) -> 0 | AD100: 2 | AE100: Total | AG100: =SUM(AG93:AG99) -> 0 | AH100: Total | AJ100: =SUM(AJ93:AJ99) -> 0 | AK100: Total | AM100: =SUM(AM93:AM99) -> 0
C101: ='1. Rekap Back Up Aspal'!C31 -> 24200 | D101: ='1. Rekap Back Up Aspal'!D31 -> 24300 | E101: ='1. Rekap Back Up Aspal'!E31 -> 4.5 | F101: =(100/((D101-C101)*E101))*((J108*0.5)+(M108*0.5)+(P108*4)+(S108*4)+(V108*1)+(Y108*2)+(AC108*1.5)+(AG108*1)+(AJ108*1)+(AM108*1)) -> 38.888889 | G101: =IF(F101<=25,"B",IF(F101<=75,"S",IF(F101<=100,"RR","RB"))) -> S | H101: 0 | I101: 0 | J101: =H101*I101 -> 0 | K101: 70 | L101: 5 | M101: =K101*L101 -> 350 | N101: 0 | O101: 4 | P101: =N101*O101 -> 0 | Q101: 0 | R101: 0 | S101: =Q101*R101 -> 0 | T101: 0 | U101: 0 | V101: =T101*U101 -> 0 | W101: 0 | X101: 0 | Y101: =W101*X101 -> 0 | Z101: 2 | AA101: 0 | AB101: 0 | AC101: =AA101*AB101 -> 0 | AD101: 1 | AE101: 0 | AF101: 0 | AG101: =AE101*AF101 -> 0 | AH101: 0 | AI101: 0 | AJ101: =AH101*AI101 -> 0 | AK101: 0 | AL101: 0 | AM101: =AK101*AL101 -> 0
H102: 0 | I102: 0 | J102: =H102*I102 -> 0 | K102: 0 | L102: 0 | M102: =K102*L102 -> 0 | N102: 0 | O102: 0 | P102: =N102*O102 -> 0 | Q102: 0 | R102: 0 | S102: =Q102*R102 -> 0 | T102: 0 | U102: 0 | V102: =T102*U102 -> 0 | W102: 0 | X102: 0 | Y102: =W102*X102 -> 0 | Z102: 3 | AA102: 0 | AB102: 0 | AC102: =AA102*AB102 -> 0 | AD102: 1 | AE102: 0 | AF102: 0 | AG102: =AE102*AF102 -> 0 | AH102: 0 | AI102: 0 | AJ102: =AH102*AI102 -> 0 | AK102: 0 | AL102: 0 | AM102: =AK102*AL102 -> 0
H103: 0 | I103: 0 | J103: =H103*I103 -> 0 | K103: 0 | L103: 0 | M103: =K103*L103 -> 0 | N103: 0 | O103: 0 | P103: =N103*O103 -> 0 | Q103: 0 | R103: 0 | S103: =Q103*R103 -> 0 | T103: 0 | U103: 0 | V103: =T103*U103 -> 0 | W103: 0 | X103: 0 | Y103: =W103*X103 -> 0 | Z103: 1 | AA103: 0 | AB103: 0 | AC103: =AA103*AB103 -> 0 | AD103: 1 | AE103: 0 | AF103: 0 | AG103: =AE103*AF103 -> 0 | AH103: 0 | AI103: 0 | AJ103: =AH103*AI103 -> 0 | AK103: 0 | AL103: 0 | AM103: =AK103*AL103 -> 0
H104: 0 | I104: 0 | J104: =H104*I104 -> 0 | K104: 0 | L104: 0 | M104: =K104*L104 -> 0 | N104: 0 | O104: 0 | P104: =N104*O104 -> 0 | Q104: 0 | R104: 0 | S104: =Q104*R104 -> 0 | T104: 0 | U104: 0 | V104: =T104*U104 -> 0 | W104: 0 | X104: 0 | Y104: =W104*X104 -> 0 | Z104: 1 | AA104: 0 | AB104: 0 | AC104: =AA104*AB104 -> 0 | AD104: 1 | AE104: 0 | AF104: 0 | AG104: =AE104*AF104 -> 0 | AH104: 0 | AI104: 0 | AJ104: =AH104*AI104 -> 0 | AK104: 0 | AL104: 0 | AM104: =AK104*AL104 -> 0
H105: 0 | I105: 0 | J105: =H105*I105 -> 0 | K105: 0 | L105: 0 | M105: =K105*L105 -> 0 | N105: 0 | O105: 0 | P105: =N105*O105 -> 0 | Q105: 0 | R105: 0 | S105: =Q105*R105 -> 0 | T105: 0 | U105: 0 | V105: =T105*U105 -> 0 | W105: 0 | X105: 0 | Y105: =W105*X105 -> 0 | Z105: 1 | AA105: 0 | AB105: 0 | AC105: =AA105*AB105 -> 0 | AD105: 1 | AE105: 0 | AF105: 0 | AG105: =AE105*AF105 -> 0 | AH105: 0 | AI105: 0 | AJ105: =AH105*AI105 -> 0 | AK105: 0 | AL105: 0 | AM105: =AK105*AL105 -> 0
H106: 0 | I106: 0 | J106: =H106*I106 -> 0 | K106: 0 | L106: 0 | M106: =K106*L106 -> 0 | N106: 0 | O106: 0 | P106: =N106*O106 -> 0 | Q106: 0 | R106: 0 | S106: =Q106*R106 -> 0 | T106: 0 | U106: 0 | V106: =T106*U106 -> 0 | W106: 0 | X106: 0 | Y106: =W106*X106 -> 0 | Z106: 1 | AA106: 0 | AB106: 0 | AC106: =AA106*AB106 -> 0 | AD106: 1 | AE106: 0 | AF106: 0 | AG106: =AE106*AF106 -> 0 | AH106: 0 | AI106: 0 | AJ106: =AH106*AI106 -> 0 | AK106: 0 | AL106: 0 | AM106: =AK106*AL106 -> 0
H107: 0 | I107: 0 | J107: =H107*I107 -> 0 | K107: 0 | L107: 0 | M107: =K107*L107 -> 0 | N107: 0 | O107: 0 | P107: =N107*O107 -> 0 | Q107: 0 | R107: 0 | S107: =Q107*R107 -> 0 | T107: 0 | U107: 0 | V107: =T107*U107 -> 0 | W107: 0 | X107: 0 | Y107: =W107*X107 -> 0 | Z107: 1 | AA107: 0 | AB107: 0 | AC107: =AA107*AB107 -> 0 | AD107: 1 | AE107: 0 | AF107: 0 | AG107: =AE107*AF107 -> 0 | AH107: 0 | AI107: 0 | AJ107: =AH107*AI107 -> 0 | AK107: 0 | AL107: 0 | AM107: =AK107*AL107 -> 0
H108: Total | J108: =SUM(J101:J107) -> 0 | K108: Total | M108: =SUM(M101:M107) -> 350 | N108: Total | P108: =SUM(P101:P107) -> 0 | Q108: Total | S108: =SUM(S101:S107) -> 0 | T108: Total | V108: =SUM(V101:V107) -> 0 | W108: Total | Y108: =SUM(Y101:Y107) -> 0 | Z108: 2 | AA108: Total | AC108: =SUM(AC101:AC107) -> 0 | AD108: 2 | AE108: Total | AG108: =SUM(AG101:AG107) -> 0 | AH108: Total | AJ108: =SUM(AJ101:AJ107) -> 0 | AK108: Total | AM108: =SUM(AM101:AM107) -> 0
C109: ='1. Rekap Back Up Aspal'!C32 -> 24300 | D109: ='1. Rekap Back Up Aspal'!D32 -> 24400 | E109: ='1. Rekap Back Up Aspal'!E32 -> 4.5 | F109: =(100/((D109-C109)*E109))*((J116*0.5)+(M116*0.5)+(P116*4)+(S116*4)+(V116*1)+(Y116*2)+(AC116*1.5)+(AG116*1)+(AJ116*1)+(AM116*1)) -> 33.333333 | G109: =IF(F109<=25,"B",IF(F109<=75,"S",IF(F109<=100,"RR","RB"))) -> S | H109: 0 | I109: 0 | J109: =H109*I109 -> 0 | K109: 60 | L109: 5 | M109: =K109*L109 -> 300 | N109: 0 | O109: 4 | P109: =N109*O109 -> 0 | Q109: 0 | R109: 0 | S109: =Q109*R109 -> 0 | T109: 0 | U109: 0 | V109: =T109*U109 -> 0 | W109: 0 | X109: 0 | Y109: =W109*X109 -> 0 | Z109: 2 | AA109: 0 | AB109: 0 | AC109: =AA109*AB109 -> 0 | AD109: 1 | AE109: 0 | AF109: 0 | AG109: =AE109*AF109 -> 0 | AH109: 0 | AI109: 0 | AJ109: =AH109*AI109 -> 0 | AK109: 0 | AL109: 0 | AM109: =AK109*AL109 -> 0
H110: 0 | I110: 0 | J110: =H110*I110 -> 0 | K110: 0 | L110: 0 | M110: =K110*L110 -> 0 | N110: 0 | O110: 0 | P110: =N110*O110 -> 0 | Q110: 0 | R110: 0 | S110: =Q110*R110 -> 0 | T110: 0 | U110: 0 | V110: =T110*U110 -> 0 | W110: 0 | X110: 0 | Y110: =W110*X110 -> 0 | Z110: 3 | AA110: 0 | AB110: 0 | AC110: =AA110*AB110 -> 0 | AD110: 1 | AE110: 0 | AF110: 0 | AG110: =AE110*AF110 -> 0 | AH110: 0 | AI110: 0 | AJ110: =AH110*AI110 -> 0 | AK110: 0 | AL110: 0 | AM110: =AK110*AL110 -> 0
H111: 0 | I111: 0 | J111: =H111*I111 -> 0 | K111: 0 | L111: 0 | M111: =K111*L111 -> 0 | N111: 0 | O111: 0 | P111: =N111*O111 -> 0 | Q111: 0 | R111: 0 | S111: =Q111*R111 -> 0 | T111: 0 | U111: 0 | V111: =T111*U111 -> 0 | W111: 0 | X111: 0 | Y111: =W111*X111 -> 0 | Z111: 1 | AA111: 0 | AB111: 0 | AC111: =AA111*AB111 -> 0 | AD111: 1 | AE111: 0 | AF111: 0 | AG111: =AE111*AF111 -> 0 | AH111: 0 | AI111: 0 | AJ111: =AH111*AI111 -> 0 | AK111: 0 | AL111: 0 | AM111: =AK111*AL111 -> 0
...

Sheet 2. Rekap Back Up Beton
C2: PEMERINTAH PROVINSI LAMPUNG
C3: DINAS BINA MARGA DAN BINA KONSTRUKSI
B6: BACK - UP DATA SURVEY KONDISI JALAN (BETON)
B9: NO. RUAS | E9: : | F9: ='Link List'!D3 -> 044
B12: NAMA RUAS | E12: : | F12: ='Link List'!F3 -> SP TELUK KILUAN - SP. UMBAR
B15: PANJANG RUAS | E15: : | F15: ='Link List'!I3 -> 25.157
C18: STA | F18: NILAI TTI | G18: KONDISI | H18: TIPE KERUSAKAN KONDISI JALAN BETON | N18: KET
C19: DARI (M) | D19: KE (M) | E19: LEBAR | H19: BETON RETAK | I19: PECAH/ GOMPAL | J19: STRUKTUR RETAK | K19: PATAHAN/ PENURUNAN | L19: JUMLAH PUMPING | M19: JUMLAH PECAH SUDUT
B20: 1 | N20: 8
C21: 0 | D21: 100 | E21: 5 | F21: =(100/((D21-C21)*E21))*((H21*0.5)+(I21*1)+(J21*2)+(K21*20)+(L21*15)+(M21*1.5)) -> 0 | G21: =IF(F21<=25,"B",IF(F21<=75,"S",IF(F21<=100,"RR","RB"))) -> B | H21: ='2. Back Up Beton'!J28 -> 0 | I21: ='2. Back Up Beton'!M28 -> 0 | J21: ='2. Back Up Beton'!P28 -> 0 | K21: ='2. Back Up Beton'!S28 -> 0 | L21: ='2. Back Up Beton'!V28 -> 0 | M21: ='2. Back Up Beton'!Y28 -> 0
C22: =D21 -> 100 | D22: =C22+100 -> 200 | E22: 5 | F22: =(100/((D22-C22)*E22))*((H22*0.5)+(I22*1)+(J22*2)+(K22*20)+(L22*15)+(M22*1.5)) -> 0 | G22: =IF(F22<=25,"B",IF(F22<=75,"S",IF(F22<=100,"RR","RB"))) -> B | H22: ='2. Back Up Beton'!J36 -> 0 | I22: ='2. Back Up Beton'!M36 -> 0 | J22: ='2. Back Up Beton'!P36 -> 0 | K22: ='2. Back Up Beton'!S36 -> 0 | L22: ='2. Back Up Beton'!V36 -> 0 | M22: ='2. Back Up Beton'!Y36 -> 0
C23: =D22 -> 200 | D23: =C23+100 -> 300 | E23: 5 | F23: =(100/((D23-C23)*E23))*((H23*0.5)+(I23*1)+(J23*2)+(K23*20)+(L23*15)+(M23*1.5)) -> 4 | G23: =IF(F23<=25,"B",IF(F23<=75,"S",IF(F23<=100,"RR","RB"))) -> B | H23: ='2. Back Up Beton'!J44 -> 0 | I23: ='2. Back Up Beton'!M44 -> 0 | J23: ='2. Back Up Beton'!P44 -> 0 | K23: ='2. Back Up Beton'!S44 -> 1 | L23: ='2. Back Up Beton'!V44 -> 0 | M23: ='2. Back Up Beton'!Y44 -> 0
C24: =D23 -> 300 | D24: =C24+100 -> 400 | E24: 5 | F24: =(100/((D24-C24)*E24))*((H24*0.5)+(I24*1)+(J24*2)+(K24*20)+(L24*15)+(M24*1.5)) -> 0 | G24: =IF(F24<=25,"B",IF(F24<=75,"S",IF(F24<=100,"RR","RB"))) -> B | H24: ='2. Back Up Beton'!J52 -> 0 | I24: ='2. Back Up Beton'!M52 -> 0 | J24: ='2. Back Up Beton'!P52 -> 0 | K24: ='2. Back Up Beton'!S52 -> 0 | L24: ='2. Back Up Beton'!V52 -> 0 | M24: ='2. Back Up Beton'!Y52 -> 0
C25: =D24 -> 400 | D25: =C25+100 -> 500 | E25: 5 | F25: =(100/((D25-C25)*E25))*((H25*0.5)+(I25*1)+(J25*2)+(K25*20)+(L25*15)+(M25*1.5)) -> 1.3 | G25: =IF(F25<=25,"B",IF(F25<=75,"S",IF(F25<=100,"RR","RB"))) -> B | H25: ='2. Back Up Beton'!J60 -> 5 | I25: ='2. Back Up Beton'!M60 -> 0 | J25: ='2. Back Up Beton'!P60 -> 2 | K25: ='2. Back Up Beton'!S60 -> 0 | L25: ='2. Back Up Beton'!V60 -> 0 | M25: ='2. Back Up Beton'!Y60 -> 0
C26: =D25 -> 500 | D26: =C26+100 -> 600 | E26: 5 | F26: =(100/((D26-C26)*E26))*((H26*0.5)+(I26*1)+(J26*2)+(K26*20)+(L26*15)+(M26*1.5)) -> 0 | G26: =IF(F26<=25,"B",IF(F26<=75,"S",IF(F26<=100,"RR","RB"))) -> B | H26: ='2. Back Up Beton'!J68 -> 0 | I26: ='2. Back Up Beton'!M68 -> 0 | J26: ='2. Back Up Beton'!P68 -> 0 | K26: ='2. Back Up Beton'!S68 -> 0 | L26: ='2. Back Up Beton'!V68 -> 0 | M26: ='2. Back Up Beton'!Y68 -> 0
C27: =D26 -> 600 | D27: =C27+100 -> 700 | E27: 5 | F27: =(100/((D27-C27)*E27))*((H27*0.5)+(I27*1)+(J27*2)+(K27*20)+(L27*15)+(M27*1.5)) -> 0 | G27: =IF(F27<=25,"B",IF(F27<=75,"S",IF(F27<=100,"RR","RB"))) -> B | H27: ='2. Back Up Beton'!J76 -> 0 | I27: ='2. Back Up Beton'!M76 -> 0 | J27: ='2. Back Up Beton'!P76 -> 0 | K27: ='2. Back Up Beton'!S76 -> 0 | L27: ='2. Back Up Beton'!V76 -> 0 | M27: ='2. Back Up Beton'!Y76 -> 0
C28: =D27 -> 700 | D28: =C28+100 -> 800 | E28: 5 | F28: =(100/((D28-C28)*E28))*((H28*0.5)+(I28*1)+(J28*2)+(K28*20)+(L28*15)+(M28*1.5)) -> 0 | G28: =IF(F28<=25,"B",IF(F28<=75,"S",IF(F28<=100,"RR","RB"))) -> B | H28: ='2. Back Up Beton'!J84 -> 0 | I28: ='2. Back Up Beton'!M84 -> 0 | J28: ='2. Back Up Beton'!P84 -> 0 | K28: ='2. Back Up Beton'!S84 -> 0 | L28: ='2. Back Up Beton'!V84 -> 0 | M28: ='2. Back Up Beton'!Y84 -> 0
C29: =D28 -> 800 | D29: =C29+100 -> 900 | E29: 6 | F29: =(100/((D29-C29)*E29))*((H29*0.5)+(I29*1)+(J29*2)+(K29*20)+(L29*15)+(M29*1.5)) -> 0 | G29: =IF(F29<=25,"B",IF(F29<=75,"S",IF(F29<=100,"RR","RB"))) -> B | H29: ='2. Back Up Beton'!J92 -> 0 | I29: ='2. Back Up Beton'!M92 -> 0 | J29: ='2. Back Up Beton'!P92 -> 0 | K29: ='2. Back Up Beton'!S92 -> 0 | L29: ='2. Back Up Beton'!V92 -> 0 | M29: ='2. Back Up Beton'!Y92 -> 0
C30: =D29 -> 900 | D30: =C30+100 -> 1000 | E30: 6 | F30: =(100/((D30-C30)*E30))*((H30*0.5)+(I30*1)+(J30*2)+(K30*20)+(L30*15)+(M30*1.5)) -> 0 | G30: =IF(F30<=25,"B",IF(F30<=75,"S",IF(F30<=100,"RR","RB"))) -> B | H30: ='2. Back Up Beton'!J100 -> 0 | I30: ='2. Back Up Beton'!M100 -> 0 | J30: ='2. Back Up Beton'!P100 -> 0 | K30: ='2. Back Up Beton'!S100 -> 0 | L30: ='2. Back Up Beton'!V100 -> 0 | M30: ='2. Back Up Beton'!Y100 -> 0
C31: =NOTE!J11 -> 3650 | D31: 3700 | E31: 5 | F31: =(100/((D31-C31)*E31))*((H31*0.5)+(I31*1)+(J31*2)+(K31*20)+(L31*15)+(M31*1.5)) -> 176 | G31: =IF(F31<=25,"B",IF(F31<=75,"S",IF(F31<=100,"RR","RB"))) -> RB | H31: ='2. Back Up Beton'!J108 -> 0 | I31: ='2. Back Up Beton'!M108 -> 40 | J31: ='2. Back Up Beton'!P108 -> 0 | K31: ='2. Back Up Beton'!S108 -> 20 | L31: ='2. Back Up Beton'!V108 -> 0 | M31: ='2. Back Up Beton'!Y108 -> 0
C32: =D31 -> 3700 | D32: =C32+100 -> 3800 | E32: 5 | F32: =(100/((D32-C32)*E32))*((H32*0.5)+(I32*1)+(J32*2)+(K32*20)+(L32*15)+(M32*1.5)) -> 10 | G32: =IF(F32<=25,"B",IF(F32<=75,"S",IF(F32<=100,"RR","RB"))) -> B | H32: ='2. Back Up Beton'!J116 -> 0 | I32: ='2. Back Up Beton'!M116 -> 50 | J32: ='2. Back Up Beton'!P116 -> 0 | K32: ='2. Back Up Beton'!S116 -> 0 | L32: ='2. Back Up Beton'!V116 -> 0 | M32: ='2. Back Up Beton'!Y116 -> 0
C33: =D32 -> 3800 | D33: 3900 | E33: 5 | F33: =(100/((D33-C33)*E33))*((H33*0.5)+(I33*1)+(J33*2)+(K33*20)+(L33*15)+(M33*1.5)) -> 0 | G33: =IF(F33<=25,"B",IF(F33<=75,"S",IF(F33<=100,"RR","RB"))) -> B | H33: ='2. Back Up Beton'!J124 -> 0 | I33: ='2. Back Up Beton'!M124 -> 0 | J33: ='2. Back Up Beton'!P124 -> 0 | K33: ='2. Back Up Beton'!S124 -> 0 | L33: ='2. Back Up Beton'!V124 -> 0 | M33: ='2. Back Up Beton'!Y124 -> 0
C34: =D33 -> 3900 | D34: =C34+100 -> 4000 | E34: 5 | F34: =(100/((D34-C34)*E34))*((H34*0.5)+(I34*1)+(J34*2)+(K34*20)+(L34*15)+(M34*1.5)) -> 0 | G34: =IF(F34<=25,"B",IF(F34<=75,"S",IF(F34<=100,"RR","RB"))) -> B | H34: ='2. Back Up Beton'!J132 -> 0 | I34: ='2. Back Up Beton'!M132 -> 0 | J34: ='2. Back Up Beton'!P132 -> 0 | K34: ='2. Back Up Beton'!S132 -> 0 | L34: ='2. Back Up Beton'!V132 -> 0 | M34: ='2. Back Up Beton'!Y132 -> 0
C35: =D34 -> 4000 | D35: =C35+100 -> 4100 | E35: 5 | F35: =(100/((D35-C35)*E35))*((H35*0.5)+(I35*1)+(J35*2)+(K35*20)+(L35*15)+(M35*1.5)) -> 0 | G35: =IF(F35<=25,"B",IF(F35<=75,"S",IF(F35<=100,"RR","RB"))) -> B | H35: ='2. Back Up Beton'!J140 -> 0 | I35: ='2. Back Up Beton'!M140 -> 0 | J35: ='2. Back Up Beton'!P140 -> 0 | K35: ='2. Back Up Beton'!S140 -> 0 | L35: ='2. Back Up Beton'!V140 -> 0 | M35: ='2. Back Up Beton'!Y140 -> 0
C36: =D35 -> 4100 | D36: =C36+100 -> 4200 | E36: 5 | F36: =(100/((D36-C36)*E36))*((H36*0.5)+(I36*1)+(J36*2)+(K36*20)+(L36*15)+(M36*1.5)) -> 3.3 | G36: =IF(F36<=25,"B",IF(F36<=75,"S",IF(F36<=100,"RR","RB"))) -> B | H36: ='2. Back Up Beton'!J148 -> 3 | I36: ='2. Back Up Beton'!M148 -> 15 | J36: ='2. Back Up Beton'!P148 -> 0 | K36: ='2. Back Up Beton'!S148 -> 0 | L36: ='2. Back Up Beton'!V148 -> 0 | M36: ='2. Back Up Beton'!Y148 -> 0
C37: =D36 -> 4200 | D37: =C37+100 -> 4300 | E37: 5 | F37: =(100/((D37-C37)*E37))*((H37*0.5)+(I37*1)+(J37*2)+(K37*20)+(L37*15)+(M37*1.5)) -> 9 | G37: =IF(F37<=25,"B",IF(F37<=75,"S",IF(F37<=100,"RR","RB"))) -> B | H37: ='2. Back Up Beton'!J156 -> 0 | I37: ='2. Back Up Beton'!M156 -> 45 | J37: ='2. Back Up Beton'!P156 -> 0 | K37: ='2. Back Up Beton'!S156 -> 0 | L37: ='2. Back Up Beton'!V156 -> 0 | M37: ='2. Back Up Beton'!Y156 -> 0
C38: =D37 -> 4300 | D38: =C38+100 -> 4400 | E38: 5 | F38: =(100/((D38-C38)*E38))*((H38*0.5)+(I38*1)+(J38*2)+(K38*20)+(L38*15)+(M38*1.5)) -> 6 | G38: =IF(F38<=25,"B",IF(F38<=75,"S",IF(F38<=100,"RR","RB"))) -> B | H38: ='2. Back Up Beton'!J164 -> 60 | I38: ='2. Back Up Beton'!M164 -> 0 | J38: ='2. Back Up Beton'!P164 -> 0 | K38: ='2. Back Up Beton'!S164 -> 0 | L38: ='2. Back Up Beton'!V164 -> 0 | M38: ='2. Back Up Beton'!Y164 -> 0
C39: =D38 -> 4400 | D39: =C39+100 -> 4500 | E39: 5 | F39: =(100/((D39-C39)*E39))*((H39*0.5)+(I39*1)+(J39*2)+(K39*20)+(L39*15)+(M39*1.5)) -> 64 | G39: =IF(F39<=25,"B",IF(F39<=75,"S",IF(F39<=100,"RR","RB"))) -> S | H39: ='2. Back Up Beton'!J172 -> 0 | I39: ='2. Back Up Beton'!M172 -> 0 | J39: ='2. Back Up Beton'!P172 -> 0 | K39: ='2. Back Up Beton'!S172 -> 16 | L39: ='2. Back Up Beton'!V172 -> 0 | M39: ='2. Back Up Beton'!Y172 -> 0
C40: =D39 -> 4500 | D40: =C40+100 -> 4600 | E40: 5 | F40: =(100/((D40-C40)*E40))*((H40*0.5)+(I40*1)+(J40*2)+(K40*20)+(L40*15)+(M40*1.5)) -> 1.5 | G40: =IF(F40<=25,"B",IF(F40<=75,"S",IF(F40<=100,"RR","RB"))) -> B | H40: ='2. Back Up Beton'!J180 -> 15 | I40: ='2. Back Up Beton'!M180 -> 0 | J40: ='2. Back Up Beton'!P180 -> 0 | K40: ='2. Back Up Beton'!S180 -> 0 | L40: ='2. Back Up Beton'!V180 -> 0 | M40: ='2. Back Up Beton'!Y180 -> 0
C41: =D40 -> 4600 | D41: =C41+100 -> 4700 | E41: 5 | F41: =(100/((D41-C41)*E41))*((H41*0.5)+(I41*1)+(J41*2)+(K41*20)+(L41*15)+(M41*1.5)) -> 2.1 | G41: =IF(F41<=25,"B",IF(F41<=75,"S",IF(F41<=100,"RR","RB"))) -> B | H41: ='2. Back Up Beton'!J188 -> 21 | I41: ='2. Back Up Beton'!M188 -> 0 | J41: ='2. Back Up Beton'!P188 -> 0 | K41: ='2. Back Up Beton'!S188 -> 0 | L41: ='2. Back Up Beton'!V188 -> 0 | M41: ='2. Back Up Beton'!Y188 -> 0
C42: =D41 -> 4700 | D42: =C42+100 -> 4800 | E42: 5 | F42: =(100/((D42-C42)*E42))*((H42*0.5)+(I42*1)+(J42*2)+(K42*20)+(L42*15)+(M42*1.5)) -> 4.5 | G42: =IF(F42<=25,"B",IF(F42<=75,"S",IF(F42<=100,"RR","RB"))) -> B | H42: ='2. Back Up Beton'!J196 -> 45 | I42: ='2. Back Up Beton'!M196 -> 0 | J42: ='2. Back Up Beton'!P196 -> 0 | K42: ='2. Back Up Beton'!S196 -> 0 | L42: ='2. Back Up Beton'!V196 -> 0 | M42: ='2. Back Up Beton'!Y196 -> 0
C43: =D42 -> 4800 | D43: =C43+100 -> 4900 | E43: 5 | F43: =(100/((D43-C43)*E43))*((H43*0.5)+(I43*1)+(J43*2)+(K43*20)+(L43*15)+(M43*1.5)) -> 6 | G43: =IF(F43<=25,"B",IF(F43<=75,"S",IF(F43<=100,"RR","RB"))) -> B | H43: ='2. Back Up Beton'!J204 -> 0 | I43: ='2. Back Up Beton'!M204 -> 30 | J43: ='2. Back Up Beton'!P204 -> 0 | K43: ='2. Back Up Beton'!S204 -> 0 | L43: ='2. Back Up Beton'!V204 -> 0 | M43: ='2. Back Up Beton'!Y204 -> 0
C44: =D43 -> 4900 | D44: =C44+100 -> 5000 | E44: 5 | F44: =(100/((D44-C44)*E44))*((H44*0.5)+(I44*1)+(J44*2)+(K44*20)+(L44*15)+(M44*1.5)) -> 2.7 | G44: =IF(F44<=25,"B",IF(F44<=75,"S",IF(F44<=100,"RR","RB"))) -> B | H44: ='2. Back Up Beton'!J212 -> 27 | I44: ='2. Back Up Beton'!M212 -> 0 | J44: ='2. Back Up Beton'!P212 -> 0 | K44: ='2. Back Up Beton'!S212 -> 0 | L44: ='2. Back Up Beton'!V212 -> 0 | M44: ='2. Back Up Beton'!Y212 -> 0
C45: =D44 -> 5000 | D45: =C45+100 -> 5100 | E45: 5 | F45: =(100/((D45-C45)*E45))*((H45*0.5)+(I45*1)+(J45*2)+(K45*20)+(L45*15)+(M45*1.5)) -> 9 | G45: =IF(F45<=25,"B",IF(F45<=75,"S",IF(F45<=100,"RR","RB"))) -> B | H45: ='2. Back Up Beton'!J220 -> 0 | I45: ='2. Back Up Beton'!M220 -> 45 | J45: ='2. Back Up Beton'!P220 -> 0 | K45: ='2. Back Up Beton'!S220 -> 0 | L45: ='2. Back Up Beton'!V220 -> 0 | M45: ='2. Back Up Beton'!Y220 -> 0
C46: =D45 -> 5100 | D46: =C46+100 -> 5200 | E46: 5 | F46: =(100/((D46-C46)*E46))*((H46*0.5)+(I46*1)+(J46*2)+(K46*20)+(L46*15)+(M46*1.5)) -> 70 | G46: =IF(F46<=25,"B",IF(F46<=75,"S",IF(F46<=100,"RR","RB"))) -> S | H46: ='2. Back Up Beton'!J228 -> 0 | I46: ='2. Back Up Beton'!M228 -> 350 | J46: ='2. Back Up Beton'!P228 -> 0 | K46: ='2. Back Up Beton'!S228 -> 0 | L46: ='2. Back Up Beton'!V228 -> 0 | M46: ='2. Back Up Beton'!Y228 -> 0
C47: =NOTE!J13 -> 8150 | D47: 8200 | E47: 5 | F47: =(100/((D47-C47)*E47))*((H47*0.5)+(I47*1)+(J47*2)+(K47*20)+(L47*15)+(M47*1.5)) -> 30 | G47: =IF(F47<=25,"B",IF(F47<=75,"S",IF(F47<=100,"RR","RB"))) -> S | H47: ='2. Back Up Beton'!J236 -> 150 | I47: ='2. Back Up Beton'!M236 -> 0 | J47: ='2. Back Up Beton'!P236 -> 0 | K47: ='2. Back Up Beton'!S236 -> 0 | L47: ='2. Back Up Beton'!V236 -> 0 | M47: ='2. Back Up Beton'!Y236 -> 0
C48: =D47 -> 8200 | D48: =C48+100 -> 8300 | E48: 5 | F48: =(100/((D48-C48)*E48))*((H48*0.5)+(I48*1)+(J48*2)+(K48*20)+(L48*15)+(M48*1.5)) -> 30 | G48: =IF(F48<=25,"B",IF(F48<=75,"S",IF(F48<=100,"RR","RB"))) -> S | H48: ='2. Back Up Beton'!J244 -> 300 | I48: ='2. Back Up Beton'!M244 -> 0 | J48: ='2. Back Up Beton'!P244 -> 0 | K48: ='2. Back Up Beton'!S244 -> 0 | L48: ='2. Back Up Beton'!V244 -> 0 | M48: ='2. Back Up Beton'!Y244 -> 0
C49: =D48 -> 8300 | D49: =C49+100 -> 8400 | E49: 5 | F49: =(100/((D49-C49)*E49))*((H49*0.5)+(I49*1)+(J49*2)+(K49*20)+(L49*15)+(M49*1.5)) -> 30 | G49: =IF(F49<=25,"B",IF(F49<=75,"S",IF(F49<=100,"RR","RB"))) -> S | H49: ='2. Back Up Beton'!J252 -> 300 | I49: ='2. Back Up Beton'!M252 -> 0 | J49: ='2. Back Up Beton'!P252 -> 0 | K49: ='2. Back Up Beton'!S252 -> 0 | L49: ='2. Back Up Beton'!V252 -> 0 | M49: ='2. Back Up Beton'!Y252 -> 0
C50: =D49 -> 8400 | D50: 8500 | E50: 5 | F50: =(100/((D50-C50)*E50))*((H50*0.5)+(I50*1)+(J50*2)+(K50*20)+(L50*15)+(M50*1.5)) -> 30 | G50: =IF(F50<=25,"B",IF(F50<=75,"S",IF(F50<=100,"RR","RB"))) -> S | H50: ='2. Back Up Beton'!J260 -> 300 | I50: ='2. Back Up Beton'!M260 -> 0 | J50: ='2. Back Up Beton'!P260 -> 0 | K50: ='2. Back Up Beton'!S260 -> 0 | L50: ='2. Back Up Beton'!V260 -> 0 | M50: ='2. Back Up Beton'!Y260 -> 0
C51: =D50 -> 8500 | D51: =C51+100 -> 8600 | E51: 5 | F51: =(100/((D51-C51)*E51))*((H51*0.5)+(I51*1)+(J51*2)+(K51*20)+(L51*15)+(M51*1.5)) -> 30 | G51: =IF(F51<=25,"B",IF(F51<=75,"S",IF(F51<=100,"RR","RB"))) -> S | H51: ='2. Back Up Beton'!J268 -> 300 | I51: ='2. Back Up Beton'!M268 -> 0 | J51: ='2. Back Up Beton'!P268 -> 0 | K51: ='2. Back Up Beton'!S268 -> 0 | L51: ='2. Back Up Beton'!V268 -> 0 | M51: ='2. Back Up Beton'!Y268 -> 0
C52: =D51 -> 8600 | D52: =C52+100 -> 8700 | E52: 5 | F52: =(100/((D52-C52)*E52))*((H52*0.5)+(I52*1)+(J52*2)+(K52*20)+(L52*15)+(M52*1.5)) -> 30 | G52: =IF(F52<=25,"B",IF(F52<=75,"S",IF(F52<=100,"RR","RB"))) -> S | H52: ='2. Back Up Beton'!J276 -> 300 | I52: ='2. Back Up Beton'!M276 -> 0 | J52: ='2. Back Up Beton'!P276 -> 0 | K52: ='2. Back Up Beton'!S276 -> 0 | L52: ='2. Back Up Beton'!V276 -> 0 | M52: ='2. Back Up Beton'!Y276 -> 0
C53: =D52 -> 8700 | D53: =C53+100 -> 8800 | E53: 5 | F53: =(100/((D53-C53)*E53))*((H53*0.5)+(I53*1)+(J53*2)+(K53*20)+(L53*15)+(M53*1.5)) -> 30 | G53: =IF(F53<=25,"B",IF(F53<=75,"S",IF(F53<=100,"RR","RB"))) -> S | H53: ='2. Back Up Beton'!J284 -> 300 | I53: ='2. Back Up Beton'!M284 -> 0 | J53: ='2. Back Up Beton'!P284 -> 0 | K53: ='2. Back Up Beton'!S284 -> 0 | L53: ='2. Back Up Beton'!V284 -> 0 | M53: ='2. Back Up Beton'!Y284 -> 0
C54: =D53 -> 8800 | D54: =C54+100 -> 8900 | E54: 5 | F54: =(100/((D54-C54)*E54))*((H54*0.5)+(I54*1)+(J54*2)+(K54*20)+(L54*15)+(M54*1.5)) -> 30 | G54: =IF(F54<=25,"B",IF(F54<=75,"S",IF(F54<=100,"RR","RB"))) -> S | H54: ='2. Back Up Beton'!J292 -> 300 | I54: ='2. Back Up Beton'!M292 -> 0 | J54: ='2. Back Up Beton'!P292 -> 0 | K54: ='2. Back Up Beton'!S292 -> 0 | L54: ='2. Back Up Beton'!V292 -> 0 | M54: ='2. Back Up Beton'!Y292 -> 0
C55: =D54 -> 8900 | D55: =NOTE!L13 -> 8960 | E55: 5 | F55: =(100/((D55-C55)*E55))*((H55*0.5)+(I55*1)+(J55*2)+(K55*20)+(L55*15)+(M55*1.5)) -> 30 | G55: =IF(F55<=25,"B",IF(F55<=75,"S",IF(F55<=100,"RR","RB"))) -> S | H55: ='2. Back Up Beton'!J300 -> 180 | I55: ='2. Back Up Beton'!M300 -> 0 | J55: ='2. Back Up Beton'!P300 -> 0 | K55: ='2. Back Up Beton'!S300 -> 0 | L55: ='2. Back Up Beton'!V300 -> 0 | M55: ='2. Back Up Beton'!Y300 -> 0
C56: =NOTE!J15 -> 9280 | D56: 9300 | E56: 5 | F56: =(100/((D56-C56)*E56))*((H56*0.5)+(I56*1)+(J56*2)+(K56*20)+(L56*15)+(M56*1.5)) -> 30 | G56: =IF(F56<=25,"B",IF(F56<=75,"S",IF(F56<=100,"RR","RB"))) -> S | H56: ='2. Back Up Beton'!J308 -> 60 | I56: ='2. Back Up Beton'!M308 -> 0 | J56: ='2. Back Up Beton'!P308 -> 0 | K56: ='2. Back Up Beton'!S308 -> 0 | L56: ='2. Back Up Beton'!V308 -> 0 | M56: ='2. Back Up Beton'!Y308 -> 0
C57: =D56 -> 9300 | D57: =C57+100 -> 9400 | E57: 5 | F57: =(100/((D57-C57)*E57))*((H57*0.5)+(I57*1)+(J57*2)+(K57*20)+(L57*15)+(M57*1.5)) -> 30 | G57: =IF(F57<=25,"B",IF(F57<=75,"S",IF(F57<=100,"RR","RB"))) -> S | H57: ='2. Back Up Beton'!J316 -> 300 | I57: ='2. Back Up Beton'!M316 -> 0 | J57: ='2. Back Up Beton'!P316 -> 0 | K57: ='2. Back Up Beton'!S316 -> 0 | L57: ='2. Back Up Beton'!V316 -> 0 | M57: ='2. Back Up Beton'!Y316 -> 0
C58: =D57 -> 9400 | D58: =C58+100 -> 9500 | E58: 5 | F58: =(100/((D58-C58)*E58))*((H58*0.5)+(I58*1)+(J58*2)+(K58*20)+(L58*15)+(M58*1.5)) -> 30 | G58: =IF(F58<=25,"B",IF(F58<=75,"S",IF(F58<=100,"RR","RB"))) -> S | H58: ='2. Back Up Beton'!J324 -> 300 | I58: ='2. Back Up Beton'!M324 -> 0 | J58: ='2. Back Up Beton'!P324 -> 0 | K58: ='2. Back Up Beton'!S324 -> 0 | L58: ='2. Back Up Beton'!V324 -> 0 | M58: ='2. Back Up Beton'!Y324 -> 0
C59: =D58 -> 9500 | D59: =C59+100 -> 9600 | E59: 5 | F59: =(100/((D59-C59)*E59))*((H59*0.5)+(I59*1)+(J59*2)+(K59*20)+(L59*15)+(M59*1.5)) -> 30 | G59: =IF(F59<=25,"B",IF(F59<=75,"S",IF(F59<=100,"RR","RB"))) -> S | H59: ='2. Back Up Beton'!J332 -> 300 | I59: ='2. Back Up Beton'!M332 -> 0 | J59: ='2. Back Up Beton'!P332 -> 0 | K59: ='2. Back Up Beton'!S332 -> 0 | L59: ='2. Back Up Beton'!V332 -> 0 | M59: ='2. Back Up Beton'!Y332 -> 0
C60: =D59 -> 9600 | D60: =C60+100 -> 9700 | E60: 5 | F60: =(100/((D60-C60)*E60))*((H60*0.5)+(I60*1)+(J60*2)+(K60*20)+(L60*15)+(M60*1.5)) -> 30 | G60: =IF(F60<=25,"B",IF(F60<=75,"S",IF(F60<=100,"RR","RB"))) -> S | H60: ='2. Back Up Beton'!J340 -> 300 | I60: ='2. Back Up Beton'!M340 -> 0 | J60: ='2. Back Up Beton'!P340 -> 0 | K60: ='2. Back Up Beton'!S340 -> 0 | L60: ='2. Back Up Beton'!V340 -> 0 | M60: ='2. Back Up Beton'!Y340 -> 0
C61: =D60 -> 9700 | D61: =C61+100 -> 9800 | E61: 5 | F61: =(100/((D61-C61)*E61))*((H61*0.5)+(I61*1)+(J61*2)+(K61*20)+(L61*15)+(M61*1.5)) -> 30 | G61: =IF(F61<=25,"B",IF(F61<=75,"S",IF(F61<=100,"RR","RB"))) -> S | H61: ='2. Back Up Beton'!J348 -> 300 | I61: ='2. Back Up Beton'!M348 -> 0 | J61: ='2. Back Up Beton'!P348 -> 0 | K61: ='2. Back Up Beton'!S348 -> 0 | L61: ='2. Back Up Beton'!V348 -> 0 | M61: ='2. Back Up Beton'!Y348 -> 0
C62: =D61 -> 9800 | D62: =C62+100 -> 9900 | E62: 5 | F62: =(100/((D62-C62)*E62))*((H62*0.5)+(I62*1)+(J62*2)+(K62*20)+(L62*15)+(M62*1.5)) -> 30 | G62: =IF(F62<=25,"B",IF(F62<=75,"S",IF(F62<=100,"RR","RB"))) -> S | H62: ='2. Back Up Beton'!J356 -> 300 | I62: ='2. Back Up Beton'!M356 -> 0 | J62: ='2. Back Up Beton'!P356 -> 0 | K62: ='2. Back Up Beton'!S356 -> 0 | L62: ='2. Back Up Beton'!V356 -> 0 | M62: ='2. Back Up Beton'!Y356 -> 0
C63: =D62 -> 9900 | D63: =NOTE!L15 -> 9960 | E63: 5 | F63: =(100/((D63-C63)*E63))*((H63*0.5)+(I63*1)+(J63*2)+(K63*20)+(L63*15)+(M63*1.5)) -> 30 | G63: =IF(F63<=25,"B",IF(F63<=75,"S",IF(F63<=100,"RR","RB"))) -> S | H63: ='2. Back Up Beton'!J364 -> 180 | I63: ='2. Back Up Beton'!M364 -> 0 | J63: ='2. Back Up Beton'!P364 -> 0 | K63: ='2. Back Up Beton'!S364 -> 0 | L63: ='2. Back Up Beton'!V364 -> 0 | M63: ='2. Back Up Beton'!Y364 -> 0
C64: =NOTE!J17 -> 11000 | D64: 11100 | E64: 5 | F64: =(100/((D64-C64)*E64))*((H64*0.5)+(I64*1)+(J64*2)+(K64*20)+(L64*15)+(M64*1.5)) -> 30 | G64: =IF(F64<=25,"B",IF(F64<=75,"S",IF(F64<=100,"RR","RB"))) -> S | H64: ='2. Back Up Beton'!J372 -> 300 | I64: ='2. Back Up Beton'!M372 -> 0 | J64: ='2. Back Up Beton'!P372 -> 0 | K64: ='2. Back Up Beton'!S372 -> 0 | L64: ='2. Back Up Beton'!V372 -> 0 | M64: ='2. Back Up Beton'!Y372 -> 0
C65: =D64 -> 11100 | D65: =C65+100 -> 11200 | E65: 5 | F65: =(100/((D65-C65)*E65))*((H65*0.5)+(I65*1)+(J65*2)+(K65*20)+(L65*15)+(M65*1.5)) -> 30 | G65: =IF(F65<=25,"B",IF(F65<=75,"S",IF(F65<=100,"RR","RB"))) -> S | H65: ='2. Back Up Beton'!J380 -> 300 | I65: ='2. Back Up Beton'!M380 -> 0 | J65: ='2. Back Up Beton'!P380 -> 0 | K65: ='2. Back Up Beton'!S380 -> 0 | L65: ='2. Back Up Beton'!V380 -> 0 | M65: ='2. Back Up Beton'!Y380 -> 0
C66: =D65 -> 11200 | D66: =C66+100 -> 11300 | E66: 5 | F66: =(100/((D66-C66)*E66))*((H66*0.5)+(I66*1)+(J66*2)+(K66*20)+(L66*15)+(M66*1.5)) -> 30 | G66: =IF(F66<=25,"B",IF(F66<=75,"S",IF(F66<=100,"RR","RB"))) -> S | H66: ='2. Back Up Beton'!J388 -> 300 | I66: ='2. Back Up Beton'!M388 -> 0 | J66: ='2. Back Up Beton'!P388 -> 0 | K66: ='2. Back Up Beton'!S388 -> 0 | L66: ='2. Back Up Beton'!V388 -> 0 | M66: ='2. Back Up Beton'!Y388 -> 0
C67: =D66 -> 11300 | D67: =NOTE!L17 -> 11310 | E67: 5 | F67: =(100/((D67-C67)*E67))*((H67*0.5)+(I67*1)+(J67*2)+(K67*20)+(L67*15)+(M67*1.5)) -> 30 | G67: =IF(F67<=25,"B",IF(F67<=75,"S",IF(F67<=100,"RR","RB"))) -> S | H67: ='2. Back Up Beton'!J396 -> 30 | I67: ='2. Back Up Beton'!M396 -> 0 | J67: ='2. Back Up Beton'!P396 -> 0 | K67: ='2. Back Up Beton'!S396 -> 0 | L67: ='2. Back Up Beton'!V396 -> 0 | M67: ='2. Back Up Beton'!Y396 -> 0
C68: =NOTE!J19 -> 14500 | D68: =C68+100 -> 14600 | E68: 6 | F68: =(100/((D68-C68)*E68))*((H68*0.5)+(I68*1)+(J68*2)+(K68*20)+(L68*15)+(M68*1.5)) -> 0 | G68: =IF(F68<=25,"B",IF(F68<=75,"S",IF(F68<=100,"RR","RB"))) -> B | H68: ='2. Back Up Beton'!J404 -> 0 | I68: ='2. Back Up Beton'!M404 -> 0 | J68: ='2. Back Up Beton'!P404 -> 0 | K68: ='2. Back Up Beton'!S404 -> 0 | L68: ='2. Back Up Beton'!V404 -> 0 | M68: ='2. Back Up Beton'!Y404 -> 0
C69: =D68 -> 14600 | D69: =C69+100 -> 14700 | E69: 6 | F69: =(100/((D69-C69)*E69))*((H69*0.5)+(I69*1)+(J69*2)+(K69*20)+(L69*15)+(M69*1.5)) -> 0 | G69: =IF(F69<=25,"B",IF(F69<=75,"S",IF(F69<=100,"RR","RB"))) -> B | H69: ='2. Back Up Beton'!J412 -> 0 | I69: ='2. Back Up Beton'!M412 -> 0 | J69: ='2. Back Up Beton'!P412 -> 0 | K69: ='2. Back Up Beton'!S412 -> 0 | L69: ='2. Back Up Beton'!V412 -> 0 | M69: ='2. Back Up Beton'!Y412 -> 0
C70: =D69 -> 14700 | D70: =C70+100 -> 14800 | E70: 6 | F70: =(100/((D70-C70)*E70))*((H70*0.5)+(I70*1)+(J70*2)+(K70*20)+(L70*15)+(M70*1.5)) -> 0 | G70: =IF(F70<=25,"B",IF(F70<=75,"S",IF(F70<=100,"RR","RB"))) -> B | H70: ='2. Back Up Beton'!J420 -> 0 | I70: ='2. Back Up Beton'!M420 -> 0 | J70: ='2. Back Up Beton'!P420 -> 0 | K70: ='2. Back Up Beton'!S420 -> 0 | L70: ='2. Back Up Beton'!V420 -> 0 | M70: ='2. Back Up Beton'!Y420 -> 0
C71: =D70 -> 14800 | D71: =C71+100 -> 14900 | E71: 6 | F71: =(100/((D71-C71)*E71))*((H71*0.5)+(I71*1)+(J71*2)+(K71*20)+(L71*15)+(M71*1.5)) -> 2.5 | G71: =IF(F71<=25,"B",IF(F71<=75,"S",IF(F71<=100,"RR","RB"))) -> B | H71: ='2. Back Up Beton'!J428 -> 30 | I71: ='2. Back Up Beton'!M428 -> 0 | J71: ='2. Back Up Beton'!P428 -> 0 | K71: ='2. Back Up Beton'!S428 -> 0 | L71: ='2. Back Up Beton'!V428 -> 0 | M71: ='2. Back Up Beton'!Y428 -> 0
C72: =D71 -> 14900 | D72: =C72+100 -> 15000 | E72: 6 | F72: =(100/((D72-C72)*E72))*((H72*0.5)+(I72*1)+(J72*2)+(K72*20)+(L72*15)+(M72*1.5)) -> 2.5 | G72: =IF(F72<=25,"B",IF(F72<=75,"S",IF(F72<=100,"RR","RB"))) -> B | H72: ='2. Back Up Beton'!J436 -> 30 | I72: ='2. Back Up Beton'!M436 -> 0 | J72: ='2. Back Up Beton'!P436 -> 0 | K72: ='2. Back Up Beton'!S436 -> 0 | L72: ='2. Back Up Beton'!V436 -> 0 | M72: ='2. Back Up Beton'!Y436 -> 0
C73: =D72 -> 15000 | D73: =C73+100 -> 15100 | E73: 6 | F73: =(100/((D73-C73)*E73))*((H73*0.5)+(I73*1)+(J73*2)+(K73*20)+(L73*15)+(M73*1.5)) -> 0 | G73: =IF(F73<=25,"B",IF(F73<=75,"S",IF(F73<=100,"RR","RB"))) -> B | H73: ='2. Back Up Beton'!J444 -> 0 | I73: ='2. Back Up Beton'!M444 -> 0 | J73: ='2. Back Up Beton'!P444 -> 0 | K73: ='2. Back Up Beton'!S444 -> 0 | L73: ='2. Back Up Beton'!V444 -> 0 | M73: ='2. Back Up Beton'!Y444 -> 0
C74: =D73 -> 15100 | D74: =C74+100 -> 15200 | E74: 6 | F74: =(100/((D74-C74)*E74))*((H74*0.5)+(I74*1)+(J74*2)+(K74*20)+(L74*15)+(M74*1.5)) -> 0 | G74: =IF(F74<=25,"B",IF(F74<=75,"S",IF(F74<=100,"RR","RB"))) -> B | H74: ='2. Back Up Beton'!J452 -> 0 | I74: ='2. Back Up Beton'!M452 -> 0 | J74: ='2. Back Up Beton'!P452 -> 0 | K74: ='2. Back Up Beton'!S452 -> 0 | L74: ='2. Back Up Beton'!V452 -> 0 | M74: ='2. Back Up Beton'!Y452 -> 0
C75: =D74 -> 15200 | D75: =C75+100 -> 15300 | E75: 6 | F75: =(100/((D75-C75)*E75))*((H75*0.5)+(I75*1)+(J75*2)+(K75*20)+(L75*15)+(M75*1.5)) -> 0 | G75: =IF(F75<=25,"B",IF(F75<=75,"S",IF(F75<=100,"RR","RB"))) -> B | H75: ='2. Back Up Beton'!J460 -> 0 | I75: ='2. Back Up Beton'!M460 -> 0 | J75: ='2. Back Up Beton'!P460 -> 0 | K75: ='2. Back Up Beton'!S460 -> 0 | L75: ='2. Back Up Beton'!V460 -> 0 | M75: ='2. Back Up Beton'!Y460 -> 0
C76: =D75 -> 15300 | D76: =C76+100 -> 15400 | E76: 6 | F76: =(100/((D76-C76)*E76))*((H76*0.5)+(I76*1)+(J76*2)+(K76*20)+(L76*15)+(M76*1.5)) -> 0 | G76: =IF(F76<=25,"B",IF(F76<=75,"S",IF(F76<=100,"RR","RB"))) -> B | H76: ='2. Back Up Beton'!J468 -> 0 | I76: ='2. Back Up Beton'!M468 -> 0 | J76: ='2. Back Up Beton'!P468 -> 0 | K76: ='2. Back Up Beton'!S468 -> 0 | L76: ='2. Back Up Beton'!V468 -> 0 | M76: ='2. Back Up Beton'!Y468 -> 0
C77: =D76 -> 15400 | D77: =C77+100 -> 15500 | E77: 6 | F77: =(100/((D77-C77)*E77))*((H77*0.5)+(I77*1)+(J77*2)+(K77*20)+(L77*15)+(M77*1.5)) -> 0 | G77: =IF(F77<=25,"B",IF(F77<=75,"S",IF(F77<=100,"RR","RB"))) -> B | H77: ='2. Back Up Beton'!J476 -> 0 | I77: ='2. Back Up Beton'!M476 -> 0 | J77: ='2. Back Up Beton'!P476 -> 0 | K77: ='2. Back Up Beton'!S476 -> 0 | L77: ='2. Back Up Beton'!V476 -> 0 | M77: ='2. Back Up Beton'!Y476 -> 0
C78: =D77 -> 15500 | D78: =C78+100 -> 15600 | E78: 6 | F78: =(100/((D78-C78)*E78))*((H78*0.5)+(I78*1)+(J78*2)+(K78*20)+(L78*15)+(M78*1.5)) -> 0 | G78: =IF(F78<=25,"B",IF(F78<=75,"S",IF(F78<=100,"RR","RB"))) -> B | H78: ='2. Back Up Beton'!J484 -> 0 | I78: ='2. Back Up Beton'!M484 -> 0 | J78: ='2. Back Up Beton'!P484 -> 0 | K78: ='2. Back Up Beton'!S484 -> 0 | L78: ='2. Back Up Beton'!V484 -> 0 | M78: ='2. Back Up Beton'!Y484 -> 0
C79: =D78 -> 15600 | D79: =C79+100 -> 15700 | E79: 6 | F79: =(100/((D79-C79)*E79))*((H79*0.5)+(I79*1)+(J79*2)+(K79*20)+(L79*15)+(M79*1.5)) -> 0 | G79: =IF(F79<=25,"B",IF(F79<=75,"S",IF(F79<=100,"RR","RB"))) -> B | H79: ='2. Back Up Beton'!J492 -> 0 | I79: ='2. Back Up Beton'!M492 -> 0 | J79: ='2. Back Up Beton'!P492 -> 0 | K79: ='2. Back Up Beton'!S492 -> 0 | L79: ='2. Back Up Beton'!V492 -> 0 | M79: ='2. Back Up Beton'!Y492 -> 0
C80: =D79 -> 15700 | D80: =C80+100 -> 15800 | E80: 6 | F80: =(100/((D80-C80)*E80))*((H80*0.5)+(I80*1)+(J80*2)+(K80*20)+(L80*15)+(M80*1.5)) -> 0 | G80: =IF(F80<=25,"B",IF(F80<=75,"S",IF(F80<=100,"RR","RB"))) -> B | H80: ='2. Back Up Beton'!J500 -> 0 | I80: ='2. Back Up Beton'!M500 -> 0 | J80: ='2. Back Up Beton'!P500 -> 0 | K80: ='2. Back Up Beton'!S500 -> 0 | L80: ='2. Back Up Beton'!V500 -> 0 | M80: ='2. Back Up Beton'!Y500 -> 0
C81: =D80 -> 15800 | D81: =C81+100 -> 15900 | E81: 6 | F81: =(100/((D81-C81)*E81))*((H81*0.5)+(I81*1)+(J81*2)+(K81*20)+(L81*15)+(M81*1.5)) -> 0 | G81: =IF(F81<=25,"B",IF(F81<=75,"S",IF(F81<=100,"RR","RB"))) -> B | H81: ='2. Back Up Beton'!J508 -> 0 | I81: ='2. Back Up Beton'!M508 -> 0 | J81: ='2. Back Up Beton'!P508 -> 0 | K81: ='2. Back Up Beton'!S508 -> 0 | L81: ='2. Back Up Beton'!V508 -> 0 | M81: ='2. Back Up Beton'!Y508 -> 0
C82: =D81 -> 15900 | D82: =C82+100 -> 16000 | E82: 6 | F82: =(100/((D82-C82)*E82))*((H82*0.5)+(I82*1)+(J82*2)+(K82*20)+(L82*15)+(M82*1.5)) -> 0 | G82: =IF(F82<=25,"B",IF(F82<=75,"S",IF(F82<=100,"RR","RB"))) -> B | H82: ='2. Back Up Beton'!J516 -> 0 | I82: ='2. Back Up Beton'!M516 -> 0 | J82: ='2. Back Up Beton'!P516 -> 0 | K82: ='2. Back Up Beton'!S516 -> 0 | L82: ='2. Back Up Beton'!V516 -> 0 | M82: ='2. Back Up Beton'!Y516 -> 0
C83: =D82 -> 16000 | D83: =C83+100 -> 16100 | E83: 6 | F83: =(100/((D83-C83)*E83))*((H83*0.5)+(I83*1)+(J83*2)+(K83*20)+(L83*15)+(M83*1.5)) -> 0 | G83: =IF(F83<=25,"B",IF(F83<=75,"S",IF(F83<=100,"RR","RB"))) -> B | H83: ='2. Back Up Beton'!J524 -> 0 | I83: ='2. Back Up Beton'!M524 -> 0 | J83: ='2. Back Up Beton'!P524 -> 0 | K83: ='2. Back Up Beton'!S524 -> 0 | L83: ='2. Back Up Beton'!V524 -> 0 | M83: ='2. Back Up Beton'!Y524 -> 0
C84: =D83 -> 16100 | D84: =C84+100 -> 16200 | E84: 6 | F84: =(100/((D84-C84)*E84))*((H84*0.5)+(I84*1)+(J84*2)+(K84*20)+(L84*15)+(M84*1.5)) -> 0 | G84: =IF(F84<=25,"B",IF(F84<=75,"S",IF(F84<=100,"RR","RB"))) -> B | H84: ='2. Back Up Beton'!J532 -> 0 | I84: ='2. Back Up Beton'!M532 -> 0 | J84: ='2. Back Up Beton'!P532 -> 0 | K84: ='2. Back Up Beton'!S532 -> 0 | L84: ='2. Back Up Beton'!V532 -> 0 | M84: ='2. Back Up Beton'!Y532 -> 0
C85: =D84 -> 16200 | D85: =C85+100 -> 16300 | E85: 6 | F85: =(100/((D85-C85)*E85))*((H85*0.5)+(I85*1)+(J85*2)+(K85*20)+(L85*15)+(M85*1.5)) -> 0 | G85: =IF(F85<=25,"B",IF(F85<=75,"S",IF(F85<=100,"RR","RB"))) -> B | H85: ='2. Back Up Beton'!J540 -> 0 | I85: ='2. Back Up Beton'!M540 -> 0 | J85: ='2. Back Up Beton'!P540 -> 0 | K85: ='2. Back Up Beton'!S540 -> 0 | L85: ='2. Back Up Beton'!V540 -> 0 | M85: ='2. Back Up Beton'!Y540 -> 0
C86: =D85 -> 16300 | D86: =C86+100 -> 16400 | E86: 6 | F86: =(100/((D86-C86)*E86))*((H86*0.5)+(I86*1)+(J86*2)+(K86*20)+(L86*15)+(M86*1.5)) -> 0 | G86: =IF(F86<=25,"B",IF(F86<=75,"S",IF(F86<=100,"RR","RB"))) -> B | H86: ='2. Back Up Beton'!J548 -> 0 | I86: ='2. Back Up Beton'!M548 -> 0 | J86: ='2. Back Up Beton'!P548 -> 0 | K86: ='2. Back Up Beton'!S548 -> 0 | L86: ='2. Back Up Beton'!V548 -> 0 | M86: ='2. Back Up Beton'!Y548 -> 0
C87: =D86 -> 16400 | D87: =C87+100 -> 16500 | E87: 6 | F87: =(100/((D87-C87)*E87))*((H87*0.5)+(I87*1)+(J87*2)+(K87*20)+(L87*15)+(M87*1.5)) -> 0 | G87: =IF(F87<=25,"B",IF(F87<=75,"S",IF(F87<=100,"RR","RB"))) -> B | H87: ='2. Back Up Beton'!J556 -> 0 | I87: ='2. Back Up Beton'!M556 -> 0 | J87: ='2. Back Up Beton'!P556 -> 0 | K87: ='2. Back Up Beton'!S556 -> 0 | L87: ='2. Back Up Beton'!V556 -> 0 | M87: ='2. Back Up Beton'!Y556 -> 0
C88: =D87 -> 16500 | D88: =C88+100 -> 16600 | E88: 6 | F88: =(100/((D88-C88)*E88))*((H88*0.5)+(I88*1)+(J88*2)+(K88*20)+(L88*15)+(M88*1.5)) -> 0 | G88: =IF(F88<=25,"B",IF(F88<=75,"S",IF(F88<=100,"RR","RB"))) -> B | H88: ='2. Back Up Beton'!J564 -> 0 | I88: ='2. Back Up Beton'!M564 -> 0 | J88: ='2. Back Up Beton'!P564 -> 0 | K88: ='2. Back Up Beton'!S564 -> 0 | L88: ='2. Back Up Beton'!V564 -> 0 | M88: ='2. Back Up Beton'!Y564 -> 0
A89: 1 | C89: =D88 -> 16600 | D89: =C89+100 -> 16700 | E89: 6 | F89: =(100/((D89-C89)*E89))*((H89*0.5)+(I89*1)+(J89*2)+(K89*20)+(L89*15)+(M89*1.5)) -> 0 | G89: =IF(F89<=25,"B",IF(F89<=75,"S",IF(F89<=100,"RR","RB"))) -> B | H89: ='2. Back Up Beton'!J572 -> 0 | I89: ='2. Back Up Beton'!M572 -> 0 | J89: ='2. Back Up Beton'!P572 -> 0 | K89: ='2. Back Up Beton'!S572 -> 0 | L89: ='2. Back Up Beton'!V572 -> 0 | M89: ='2. Back Up Beton'!Y572 -> 0
C90: =D89 -> 16700 | D90: =C90+100 -> 16800 | E90: 6 | F90: =(100/((D90-C90)*E90))*((H90*0.5)+(I90*1)+(J90*2)+(K90*20)+(L90*15)+(M90*1.5)) -> 0 | G90: =IF(F90<=25,"B",IF(F90<=75,"S",IF(F90<=100,"RR","RB"))) -> B | H90: ='2. Back Up Beton'!J580 -> 0 | I90: ='2. Back Up Beton'!M580 -> 0 | J90: ='2. Back Up Beton'!P580 -> 0 | K90: ='2. Back Up Beton'!S580 -> 0 | L90: ='2. Back Up Beton'!V580 -> 0 | M90: ='2. Back Up Beton'!Y580 -> 0
C91: =D90 -> 16800 | D91: =C91+100 -> 16900 | E91: 6 | F91: =(100/((D91-C91)*E91))*((H91*0.5)+(I91*1)+(J91*2)+(K91*20)+(L91*15)+(M91*1.5)) -> 0 | G91: =IF(F91<=25,"B",IF(F91<=75,"S",IF(F91<=100,"RR","RB"))) -> B | H91: ='2. Back Up Beton'!J588 -> 0 | I91: ='2. Back Up Beton'!M588 -> 0 | J91: ='2. Back Up Beton'!P588 -> 0 | K91: ='2. Back Up Beton'!S588 -> 0 | L91: ='2. Back Up Beton'!V588 -> 0 | M91: ='2. Back Up Beton'!Y588 -> 0
C92: =D91 -> 16900 | D92: =C92+100 -> 17000 | E92: 6 | F92: =(100/((D92-C92)*E92))*((H92*0.5)+(I92*1)+(J92*2)+(K92*20)+(L92*15)+(M92*1.5)) -> 0 | G92: =IF(F92<=25,"B",IF(F92<=75,"S",IF(F92<=100,"RR","RB"))) -> B | H92: ='2. Back Up Beton'!J596 -> 0 | I92: ='2. Back Up Beton'!M596 -> 0 | J92: ='2. Back Up Beton'!P596 -> 0 | K92: ='2. Back Up Beton'!S596 -> 0 | L92: ='2. Back Up Beton'!V596 -> 0 | M92: ='2. Back Up Beton'!Y596 -> 0
A93: 1 | C93: =D92 -> 17000 | D93: =C93+100 -> 17100 | E93: 6 | F93: =(100/((D93-C93)*E93))*((H93*0.5)+(I93*1)+(J93*2)+(K93*20)+(L93*15)+(M93*1.5)) -> 0 | G93: =IF(F93<=25,"B",IF(F93<=75,"S",IF(F93<=100,"RR","RB"))) -> B | H93: ='2. Back Up Beton'!J604 -> 0 | I93: ='2. Back Up Beton'!M604 -> 0 | J93: ='2. Back Up Beton'!P604 -> 0 | K93: ='2. Back Up Beton'!S604 -> 0 | L93: ='2. Back Up Beton'!V604 -> 0 | M93: ='2. Back Up Beton'!Y604 -> 0
C94: =D93 -> 17100 | D94: =C94+100 -> 17200 | E94: 6 | F94: =(100/((D94-C94)*E94))*((H94*0.5)+(I94*1)+(J94*2)+(K94*20)+(L94*15)+(M94*1.5)) -> 0 | G94: =IF(F94<=25,"B",IF(F94<=75,"S",IF(F94<=100,"RR","RB"))) -> B | H94: ='2. Back Up Beton'!J612 -> 0 | I94: ='2. Back Up Beton'!M612 -> 0 | J94: ='2. Back Up Beton'!P612 -> 0 | K94: ='2. Back Up Beton'!S612 -> 0 | L94: ='2. Back Up Beton'!V612 -> 0 | M94: ='2. Back Up Beton'!Y612 -> 0
C95: =D94 -> 17200 | D95: =C95+100 -> 17300 | E95: 6 | F95: =(100/((D95-C95)*E95))*((H95*0.5)+(I95*1)+(J95*2)+(K95*20)+(L95*15)+(M95*1.5)) -> 0 | G95: =IF(F95<=25,"B",IF(F95<=75,"S",IF(F95<=100,"RR","RB"))) -> B | H95: ='2. Back Up Beton'!J620 -> 0 | I95: ='2. Back Up Beton'!M620 -> 0 | J95: ='2. Back Up Beton'!P620 -> 0 | K95: ='2. Back Up Beton'!S620 -> 0 | L95: ='2. Back Up Beton'!V620 -> 0 | M95: ='2. Back Up Beton'!Y620 -> 0
C96: =D95 -> 17300 | D96: =C96+100 -> 17400 | E96: 6 | F96: =(100/((D96-C96)*E96))*((H96*0.5)+(I96*1)+(J96*2)+(K96*20)+(L96*15)+(M96*1.5)) -> 0 | G96: =IF(F96<=25,"B",IF(F96<=75,"S",IF(F96<=100,"RR","RB"))) -> B | H96: ='2. Back Up Beton'!J628 -> 0 | I96: ='2. Back Up Beton'!M628 -> 0 | J96: ='2. Back Up Beton'!P628 -> 0 | K96: ='2. Back Up Beton'!S628 -> 0 | L96: ='2. Back Up Beton'!V628 -> 0 | M96: ='2. Back Up Beton'!Y628 -> 0
C97: =D96 -> 17400 | D97: =C97+100 -> 17500 | E97: 6 | F97: =(100/((D97-C97)*E97))*((H97*0.5)+(I97*1)+(J97*2)+(K97*20)+(L97*15)+(M97*1.5)) -> 0 | G97: =IF(F97<=25,"B",IF(F97<=75,"S",IF(F97<=100,"RR","RB"))) -> B | H97: ='2. Back Up Beton'!J636 -> 0 | I97: ='2. Back Up Beton'!M636 -> 0 | J97: ='2. Back Up Beton'!P636 -> 0 | K97: ='2. Back Up Beton'!S636 -> 0 | L97: ='2. Back Up Beton'!V636 -> 0 | M97: ='2. Back Up Beton'!Y636 -> 0
C98: =D97 -> 17500 | D98: 17600 | E98: 5 | F98: =(100/((D98-C98)*E98))*((H98*0.5)+(I98*1)+(J98*2)+(K98*20)+(L98*15)+(M98*1.5)) -> 0 | G98: =IF(F98<=25,"B",IF(F98<=75,"S",IF(F98<=100,"RR","RB"))) -> B | H98: ='2. Back Up Beton'!J644 -> 0 | I98: ='2. Back Up Beton'!M644 -> 0 | J98: ='2. Back Up Beton'!P644 -> 0 | K98: ='2. Back Up Beton'!S644 -> 0 | L98: ='2. Back Up Beton'!V644 -> 0 | M98: ='2. Back Up Beton'!Y644 -> 0
C99: =D98 -> 17600 | D99: =C99+100 -> 17700 | E99: 5 | F99: =(100/((D99-C99)*E99))*((H99*0.5)+(I99*1)+(J99*2)+(K99*20)+(L99*15)+(M99*1.5)) -> 0 | G99: =IF(F99<=25,"B",IF(F99<=75,"S",IF(F99<=100,"RR","RB"))) -> B | H99: ='2. Back Up Beton'!J652 -> 0 | I99: ='2. Back Up Beton'!M652 -> 0 | J99: ='2. Back Up Beton'!P652 -> 0 | K99: ='2. Back Up Beton'!S652 -> 0 | L99: ='2. Back Up Beton'!V652 -> 0 | M99: ='2. Back Up Beton'!Y652 -> 0
C100: =D99 -> 17700 | D100: =C100+100 -> 17800 | E100: 5 | F100: =(100/((D100-C100)*E100))*((H100*0.5)+(I100*1)+(J100*2)+(K100*20)+(L100*15)+(M100*1.5)) -> 0 | G100: =IF(F100<=25,"B",IF(F100<=75,"S",IF(F100<=100,"RR","RB"))) -> B | H100: ='2. Back Up Beton'!J660 -> 0 | I100: ='2. Back Up Beton'!M660 -> 0 | J100: ='2. Back Up Beton'!P660 -> 0 | K100: ='2. Back Up Beton'!S660 -> 0 | L100: ='2. Back Up Beton'!V660 -> 0 | M100: ='2. Back Up Beton'!Y660 -> 0
C101: =D100 -> 17800 | D101: =C101+100 -> 17900 | E101: 5 | F101: =(100/((D101-C101)*E101))*((H101*0.5)+(I101*1)+(J101*2)+(K101*20)+(L101*15)+(M101*1.5)) -> 0 | G101: =IF(F101<=25,"B",IF(F101<=75,"S",IF(F101<=100,"RR","RB"))) -> B | H101: ='2. Back Up Beton'!J668 -> 0 | I101: ='2. Back Up Beton'!M668 -> 0 | J101: ='2. Back Up Beton'!P668 -> 0 | K101: ='2. Back Up Beton'!S668 -> 0 | L101: ='2. Back Up Beton'!V668 -> 0 | M101: ='2. Back Up Beton'!Y668 -> 0
C102: =D101 -> 17900 | D102: =C102+100 -> 18000 | E102: 5 | F102: =(100/((D102-C102)*E102))*((H102*0.5)+(I102*1)+(J102*2)+(K102*20)+(L102*15)+(M102*1.5)) -> 0 | G102: =IF(F102<=25,"B",IF(F102<=75,"S",IF(F102<=100,"RR","RB"))) -> B | H102: ='2. Back Up Beton'!J676 -> 0 | I102: ='2. Back Up Beton'!M676 -> 0 | J102: ='2. Back Up Beton'!P676 -> 0 | K102: ='2. Back Up Beton'!S676 -> 0 | L102: ='2. Back Up Beton'!V676 -> 0 | M102: ='2. Back Up Beton'!Y676 -> 0
C103: =D102 -> 18000 | D103: =C103+100 -> 18100 | E103: 5 | F103: =(100/((D103-C103)*E103))*((H103*0.5)+(I103*1)+(J103*2)+(K103*20)+(L103*15)+(M103*1.5)) -> 5 | G103: =IF(F103<=25,"B",IF(F103<=75,"S",IF(F103<=100,"RR","RB"))) -> B | H103: ='2. Back Up Beton'!J684 -> 50 | I103: ='2. Back Up Beton'!M684 -> 0 | J103: ='2. Back Up Beton'!P684 -> 0 | K103: ='2. Back Up Beton'!S684 -> 0 | L103: ='2. Back Up Beton'!V684 -> 0 | M103: ='2. Back Up Beton'!Y684 -> 0
C104: =D103 -> 18100 | D104: =C104+100 -> 18200 | E104: 5 | F104: =(100/((D104-C104)*E104))*((H104*0.5)+(I104*1)+(J104*2)+(K104*20)+(L104*15)+(M104*1.5)) -> 0 | G104: =IF(F104<=25,"B",IF(F104<=75,"S",IF(F104<=100,"RR","RB"))) -> B | H104: ='2. Back Up Beton'!J692 -> 0 | I104: ='2. Back Up Beton'!M692 -> 0 | J104: ='2. Back Up Beton'!P692 -> 0 | K104: ='2. Back Up Beton'!S692 -> 0 | L104: ='2. Back Up Beton'!V692 -> 0 | M104: ='2. Back Up Beton'!Y692 -> 0
C105: =D104 -> 18200 | D105: =C105+100 -> 18300 | E105: 5 | F105: =(100/((D105-C105)*E105))*((H105*0.5)+(I105*1)+(J105*2)+(K105*20)+(L105*15)+(M105*1.5)) -> 0 | G105: =IF(F105<=25,"B",IF(F105<=75,"S",IF(F105<=100,"RR","RB"))) -> B | H105: ='2. Back Up Beton'!J700 -> 0 | I105: ='2. Back Up Beton'!M700 -> 0 | J105: ='2. Back Up Beton'!P700 -> 0 | K105: ='2. Back Up Beton'!S700 -> 0 | L105: ='2. Back Up Beton'!V700 -> 0 | M105: ='2. Back Up Beton'!Y700 -> 0
C106: =D105 -> 18300 | D106: =C106+100 -> 18400 | E106: 5 | F106: =(100/((D106-C106)*E106))*((H106*0.5)+(I106*1)+(J106*2)+(K106*20)+(L106*15)+(M106*1.5)) -> 0 | G106: =IF(F106<=25,"B",IF(F106<=75,"S",IF(F106<=100,"RR","RB"))) -> B | H106: ='2. Back Up Beton'!J708 -> 0 | I106: ='2. Back Up Beton'!M708 -> 0 | J106: ='2. Back Up Beton'!P708 -> 0 | K106: ='2. Back Up Beton'!S708 -> 0 | L106: ='2. Back Up Beton'!V708 -> 0 | M106: ='2. Back Up Beton'!Y708 -> 0
C107: =D106 -> 18400 | D107: =C107+100 -> 18500 | E107: 5 | F107: =(100/((D107-C107)*E107))*((H107*0.5)+(I107*1)+(J107*2)+(K107*20)+(L107*15)+(M107*1.5)) -> 0 | G107: =IF(F107<=25,"B",IF(F107<=75,"S",IF(F107<=100,"RR","RB"))) -> B | H107: ='2. Back Up Beton'!J716 -> 0 | I107: ='2. Back Up Beton'!M716 -> 0 | J107: ='2. Back Up Beton'!P716 -> 0 | K107: ='2. Back Up Beton'!S716 -> 0 | L107: ='2. Back Up Beton'!V716 -> 0 | M107: ='2. Back Up Beton'!Y716 -> 0
C108: =D107 -> 18500 | D108: =C108+100 -> 18600 | E108: 5 | F108: =(100/((D108-C108)*E108))*((H108*0.5)+(I108*1)+(J108*2)+(K108*20)+(L108*15)+(M108*1.5)) -> 15 | G108: =IF(F108<=25,"B",IF(F108<=75,"S",IF(F108<=100,"RR","RB"))) -> B | H108: ='2. Back Up Beton'!J724 -> 0 | I108: ='2. Back Up Beton'!M724 -> 75 | J108: ='2. Back Up Beton'!P724 -> 0 | K108: ='2. Back Up Beton'!S724 -> 0 | L108: ='2. Back Up Beton'!V724 -> 0 | M108: ='2. Back Up Beton'!Y724 -> 0
C109: =D108 -> 18600 | D109: =C109+100 -> 18700 | E109: 5 | F109: =(100/((D109-C109)*E109))*((H109*0.5)+(I109*1)+(J109*2)+(K109*20)+(L109*15)+(M109*1.5)) -> 4 | G109: =IF(F109<=25,"B",IF(F109<=75,"S",IF(F109<=100,"RR","RB"))) -> B | H109: ='2. Back Up Beton'!J732 -> 0 | I109: ='2. Back Up Beton'!M732 -> 20 | J109: ='2. Back Up Beton'!P732 -> 0 | K109: ='2. Back Up Beton'!S732 -> 0 | L109: ='2. Back Up Beton'!V732 -> 0 | M109: ='2. Back Up Beton'!Y732 -> 0
C110: =D109 -> 18700 | D110: =C110+100 -> 18800 | E110: 5 | F110: =(100/((D110-C110)*E110))*((H110*0.5)+(I110*1)+(J110*2)+(K110*20)+(L110*15)+(M110*1.5)) -> 140 | G110: =IF(F110<=25,"B",IF(F110<=75,"S",IF(F110<=100,"RR","RB"))) -> RB | H110: ='2. Back Up Beton'!J740 -> 0 | I110: ='2. Back Up Beton'!M740 -> 300 | J110: ='2. Back Up Beton'!P740 -> 200 | K110: ='2. Back Up Beton'!S740 -> 0 | L110: ='2. Back Up Beton'!V740 -> 0 | M110: ='2. Back Up Beton'!Y740 -> 0
C111: =D110 -> 18800 | D111: =C111+100 -> 18900 | E111: 5 | F111: =(100/((D111-C111)*E111))*((H111*0.5)+(I111*1)+(J111*2)+(K111*20)+(L111*15)+(M111*1.5)) -> 140 | G111: =IF(F111<=25,"B",IF(F111<=75,"S",IF(F111<=100,"RR","RB"))) -> RB | H111: ='2. Back Up Beton'!J748 -> 0 | I111: ='2. Back Up Beton'!M748 -> 200 | J111: ='2. Back Up Beton'!P748 -> 250 | K111: ='2. Back Up Beton'!S748 -> 0 | L111: ='2. Back Up Beton'!V748 -> 0 | M111: ='2. Back Up Beton'!Y748 -> 0
...

Sheet 2. Back Up Beton
C2: PEMERINTAH PROVINSI LAMPUNG
C3: DINAS BINA MARGA DAN BINA KONSTRUKSI
B6: BACK - UP DATA SURVEY KONDISI JALAN (BETON)
B9: NO. RUAS | E9: : | F9: ='Link List'!D3 -> 044
B12: NAMA RUAS | E12: : | F12: ='Link List'!F3 -> SP TELUK KILUAN - SP. UMBAR
B15: PANJANG RUAS | E15: : | F15: ='Link List'!I3 -> 25.157
C18: STA | F18: NILAI TTI | G18: KONDISI | H18: TIPE KERUSAKAN KONDISI JALAN BETON | Z18: KET
C19: DARI (M) | D19: KE (M) | E19: LEBAR | H19: P | I19: L | J19: BETON RETAK | K19: P | L19: L | M19: PECAH/ GOMPAL | N19: P | O19: L | P19: STRUKTUR RETAK | Q19: P | R19: L | S19: PATAHAN/ PENURUNAN | T19: JUMLAH PUMPING | W19: JUMLAH PECAH SUDUT
B20: 1 | H20: 2 | K20: 3 | N20: 4 | Q20: 5 | W20: 7 | Z20: 8
C21: ='2. Rekap Back Up Beton'!C21 -> 0 | D21: ='2. Rekap Back Up Beton'!D21 -> 100 | E21: ='2. Rekap Back Up Beton'!E21 -> 5 | F21: =(100/((D21-C21)*E21))*((J28*0.5)+(M28*1)+(P28*2)+(S28*20)+(V28*15)+(Y28*1.5)) -> 0 | G21: =IF(F21<=25,"B",IF(F21<=75,"S",IF(F21<=100,"RR","RB"))) -> B | H21: 0 | I21: 0 | J21: =H21*I21 -> 0 | K21: 0 | L21: 0 | M21: =K21*L21 -> 0 | N21: 0 | O21: 0 | P21: =N21*O21 -> 0 | Q21: 0 | R21: 0 | S21: =Q21*R21 -> 0 | T21: 0 | U21: 0 | V21: =T21*U21 -> 0 | W21: 0 | X21: 0 | Y21: =W21*X21 -> 0
H22: 0 | I22: 0 | J22: =H22*I22 -> 0 | K22: 0 | L22: 0 | M22: =K22*L22 -> 0 | N22: 0 | O22: 0 | P22: =N22*O22 -> 0 | Q22: 0 | R22: 0 | S22: =Q22*R22 -> 0 | T22: 0 | U22: 0 | V22: =T22*U22 -> 0 | W22: 0 | X22: 0 | Y22: =W22*X22 -> 0
H23: 0 | I23: 0 | J23: =H23*I23 -> 0 | K23: 0 | L23: 0 | M23: =K23*L23 -> 0 | N23: 0 | O23: 0 | P23: =N23*O23 -> 0 | Q23: 0 | R23: 0 | S23: =Q23*R23 -> 0 | T23: 0 | U23: 0 | V23: =T23*U23 -> 0 | W23: 0 | X23: 0 | Y23: =W23*X23 -> 0
H24: 0 | I24: 0 | J24: =H24*I24 -> 0 | K24: 0 | L24: 0 | M24: =K24*L24 -> 0 | N24: 0 | O24: 0 | P24: =N24*O24 -> 0 | Q24: 0 | R24: 0 | S24: =Q24*R24 -> 0 | T24: 0 | U24: 0 | V24: =T24*U24 -> 0 | W24: 0 | X24: 0 | Y24: =W24*X24 -> 0
H25: 0 | I25: 0 | J25: =H25*I25 -> 0 | K25: 0 | L25: 0 | M25: =K25*L25 -> 0 | N25: 0 | O25: 0 | P25: =N25*O25 -> 0 | Q25: 0 | R25: 0 | S25: =Q25*R25 -> 0 | T25: 0 | U25: 0 | V25: =T25*U25 -> 0 | W25: 0 | X25: 0 | Y25: =W25*X25 -> 0
H26: 0 | I26: 0 | J26: =H26*I26 -> 0 | K26: 0 | L26: 0 | M26: =K26*L26 -> 0 | N26: 0 | O26: 0 | P26: =N26*O26 -> 0 | Q26: 0 | R26: 0 | S26: =Q26*R26 -> 0 | T26: 0 | U26: 0 | V26: =T26*U26 -> 0 | W26: 0 | X26: 0 | Y26: =W26*X26 -> 0
H27: 0 | I27: 0 | J27: =H27*I27 -> 0 | K27: 0 | L27: 0 | M27: =K27*L27 -> 0 | N27: 0 | O27: 0 | P27: =N27*O27 -> 0 | Q27: 0 | R27: 0 | S27: =Q27*R27 -> 0 | T27: 0 | U27: 0 | V27: =T27*U27 -> 0 | W27: 0 | X27: 0 | Y27: =W27*X27 -> 0
H28: Total | J28: =SUM(J21:J27) -> 0 | K28: Total | M28: =SUM(M21:M27) -> 0 | N28: Total | P28: =SUM(P21:P27) -> 0 | Q28: Total | S28: =SUM(S21:S27) -> 0 | T28: Total | V28: =SUM(V21:V27) -> 0 | W28: Total | Y28: =SUM(Y21:Y27) -> 0
C29: ='2. Rekap Back Up Beton'!C22 -> 100 | D29: ='2. Rekap Back Up Beton'!D22 -> 200 | E29: ='2. Rekap Back Up Beton'!E22 -> 5 | F29: =(100/((D29-C29)*E29))*((J36*0.5)+(M36*1)+(P36*2)+(S36*20)+(V36*15)+(Y36*1.5)) -> 0 | G29: =IF(F29<=25,"B",IF(F29<=75,"S",IF(F29<=100,"RR","RB"))) -> B | H29: 0 | I29: 0 | J29: =H29*I29 -> 0 | K29: 0 | L29: 0 | M29: =K29*L29 -> 0 | N29: 0 | O29: 4 | P29: =N29*O29 -> 0 | Q29: 0 | R29: 0 | S29: =Q29*R29 -> 0 | T29: 0 | U29: 0 | V29: =T29*U29 -> 0 | W29: 0 | X29: 0 | Y29: =W29*X29 -> 0
H30: 0 | I30: 0 | J30: =H30*I30 -> 0 | K30: 0 | L30: 0 | M30: =K30*L30 -> 0 | N30: 0 | O30: 0 | P30: =N30*O30 -> 0 | Q30: 0 | R30: 0 | S30: =Q30*R30 -> 0 | T30: 0 | U30: 0 | V30: =T30*U30 -> 0 | W30: 0 | X30: 0 | Y30: =W30*X30 -> 0
H31: 0 | I31: 0 | J31: =H31*I31 -> 0 | K31: 0 | L31: 0 | M31: =K31*L31 -> 0 | N31: 0 | O31: 0 | P31: =N31*O31 -> 0 | Q31: 0 | R31: 0 | S31: =Q31*R31 -> 0 | T31: 0 | U31: 0 | V31: =T31*U31 -> 0 | W31: 0 | X31: 0 | Y31: =W31*X31 -> 0
H32: 0 | I32: 0 | J32: =H32*I32 -> 0 | K32: 0 | L32: 0 | M32: =K32*L32 -> 0 | N32: 0 | O32: 0 | P32: =N32*O32 -> 0 | Q32: 0 | R32: 0 | S32: =Q32*R32 -> 0 | T32: 0 | U32: 0 | V32: =T32*U32 -> 0 | W32: 0 | X32: 0 | Y32: =W32*X32 -> 0
H33: 0 | I33: 0 | J33: =H33*I33 -> 0 | K33: 0 | L33: 0 | M33: =K33*L33 -> 0 | N33: 0 | O33: 0 | P33: =N33*O33 -> 0 | Q33: 0 | R33: 0 | S33: =Q33*R33 -> 0 | T33: 0 | U33: 0 | V33: =T33*U33 -> 0 | W33: 0 | X33: 0 | Y33: =W33*X33 -> 0
H34: 0 | I34: 0 | J34: =H34*I34 -> 0 | K34: 0 | L34: 0 | M34: =K34*L34 -> 0 | N34: 0 | O34: 0 | P34: =N34*O34 -> 0 | Q34: 0 | R34: 0 | S34: =Q34*R34 -> 0 | T34: 0 | U34: 0 | V34: =T34*U34 -> 0 | W34: 0 | X34: 0 | Y34: =W34*X34 -> 0
H35: 0 | I35: 0 | J35: =H35*I35 -> 0 | K35: 0 | L35: 0 | M35: =K35*L35 -> 0 | N35: 0 | O35: 0 | P35: =N35*O35 -> 0 | Q35: 0 | R35: 0 | S35: =Q35*R35 -> 0 | T35: 0 | U35: 0 | V35: =T35*U35 -> 0 | W35: 0 | X35: 0 | Y35: =W35*X35 -> 0
H36: Total | J36: =SUM(J29:J35) -> 0 | K36: Total | M36: =SUM(M29:M35) -> 0 | N36: Total | P36: =SUM(P29:P35) -> 0 | Q36: Total | S36: =SUM(S29:S35) -> 0 | T36: Total | V36: =SUM(V29:V35) -> 0 | W36: Total | Y36: =SUM(Y29:Y35) -> 0
C37: ='2. Rekap Back Up Beton'!C23 -> 200 | D37: ='2. Rekap Back Up Beton'!D23 -> 300 | E37: ='2. Rekap Back Up Beton'!E23 -> 5 | F37: =(100/((D37-C37)*E37))*((J44*0.5)+(M44*1)+(P44*2)+(S44*20)+(V44*15)+(Y44*1.5)) -> 4 | G37: =IF(F37<=25,"B",IF(F37<=75,"S",IF(F37<=100,"RR","RB"))) -> B | H37: 0 | I37: 0 | J37: =H37*I37 -> 0 | K37: 0 | L37: 0 | M37: =K37*L37 -> 0 | N37: 0 | O37: 4 | P37: =N37*O37 -> 0 | Q37: 1 | R37: 1 | S37: =Q37*R37 -> 1 | T37: 0 | U37: 0 | V37: =T37*U37 -> 0 | W37: 0 | X37: 0 | Y37: =W37*X37 -> 0
H38: 0 | I38: 0 | J38: =H38*I38 -> 0 | K38: 0 | L38: 0 | M38: =K38*L38 -> 0 | N38: 0 | O38: 0 | P38: =N38*O38 -> 0 | Q38: 0 | R38: 0 | S38: =Q38*R38 -> 0 | T38: 0 | U38: 0 | V38: =T38*U38 -> 0 | W38: 0 | X38: 0 | Y38: =W38*X38 -> 0
H39: 0 | I39: 0 | J39: =H39*I39 -> 0 | K39: 0 | L39: 0 | M39: =K39*L39 -> 0 | N39: 0 | O39: 0 | P39: =N39*O39 -> 0 | Q39: 0 | R39: 0 | S39: =Q39*R39 -> 0 | T39: 0 | U39: 0 | V39: =T39*U39 -> 0 | W39: 0 | X39: 0 | Y39: =W39*X39 -> 0
H40: 0 | I40: 0 | J40: =H40*I40 -> 0 | K40: 0 | L40: 0 | M40: =K40*L40 -> 0 | N40: 0 | O40: 0 | P40: =N40*O40 -> 0 | Q40: 0 | R40: 0 | S40: =Q40*R40 -> 0 | T40: 0 | U40: 0 | V40: =T40*U40 -> 0 | W40: 0 | X40: 0 | Y40: =W40*X40 -> 0
H41: 0 | I41: 0 | J41: =H41*I41 -> 0 | K41: 0 | L41: 0 | M41: =K41*L41 -> 0 | N41: 0 | O41: 0 | P41: =N41*O41 -> 0 | Q41: 0 | R41: 0 | S41: =Q41*R41 -> 0 | T41: 0 | U41: 0 | V41: =T41*U41 -> 0 | W41: 0 | X41: 0 | Y41: =W41*X41 -> 0
H42: 0 | I42: 0 | J42: =H42*I42 -> 0 | K42: 0 | L42: 0 | M42: =K42*L42 -> 0 | N42: 0 | O42: 0 | P42: =N42*O42 -> 0 | Q42: 0 | R42: 0 | S42: =Q42*R42 -> 0 | T42: 0 | U42: 0 | V42: =T42*U42 -> 0 | W42: 0 | X42: 0 | Y42: =W42*X42 -> 0
H43: 0 | I43: 0 | J43: =H43*I43 -> 0 | K43: 0 | L43: 0 | M43: =K43*L43 -> 0 | N43: 0 | O43: 0 | P43: =N43*O43 -> 0 | Q43: 0 | R43: 0 | S43: =Q43*R43 -> 0 | T43: 0 | U43: 0 | V43: =T43*U43 -> 0 | W43: 0 | X43: 0 | Y43: =W43*X43 -> 0
H44: Total | J44: =SUM(J37:J43) -> 0 | K44: Total | M44: =SUM(M37:M43) -> 0 | N44: Total | P44: =SUM(P37:P43) -> 0 | Q44: Total | S44: =SUM(S37:S43) -> 1 | T44: Total | V44: =SUM(V37:V43) -> 0 | W44: Total | Y44: =SUM(Y37:Y43) -> 0
C45: ='2. Rekap Back Up Beton'!C24 -> 300 | D45: ='2. Rekap Back Up Beton'!D24 -> 400 | E45: ='2. Rekap Back Up Beton'!E24 -> 5 | F45: =(100/((D45-C45)*E45))*((J52*0.5)+(M52*1)+(P52*2)+(S52*20)+(V52*15)+(Y52*1.5)) -> 0 | G45: =IF(F45<=25,"B",IF(F45<=75,"S",IF(F45<=100,"RR","RB"))) -> B | H45: 0 | I45: 0 | J45: =H45*I45 -> 0 | K45: 0 | L45: 0 | M45: =K45*L45 -> 0 | N45: 0 | O45: 4 | P45: =N45*O45 -> 0 | Q45: 0 | R45: 0 | S45: =Q45*R45 -> 0 | T45: 0 | U45: 0 | V45: =T45*U45 -> 0 | W45: 0 | X45: 0 | Y45: =W45*X45 -> 0
H46: 0 | I46: 0 | J46: =H46*I46 -> 0 | K46: 0 | L46: 0 | M46: =K46*L46 -> 0 | N46: 0 | O46: 0 | P46: =N46*O46 -> 0 | Q46: 0 | R46: 0 | S46: =Q46*R46 -> 0 | T46: 0 | U46: 0 | V46: =T46*U46 -> 0 | W46: 0 | X46: 0 | Y46: =W46*X46 -> 0
H47: 0 | I47: 0 | J47: =H47*I47 -> 0 | K47: 0 | L47: 0 | M47: =K47*L47 -> 0 | N47: 0 | O47: 0 | P47: =N47*O47 -> 0 | Q47: 0 | R47: 0 | S47: =Q47*R47 -> 0 | T47: 0 | U47: 0 | V47: =T47*U47 -> 0 | W47: 0 | X47: 0 | Y47: =W47*X47 -> 0
H48: 0 | I48: 0 | J48: =H48*I48 -> 0 | K48: 0 | L48: 0 | M48: =K48*L48 -> 0 | N48: 0 | O48: 0 | P48: =N48*O48 -> 0 | Q48: 0 | R48: 0 | S48: =Q48*R48 -> 0 | T48: 0 | U48: 0 | V48: =T48*U48 -> 0 | W48: 0 | X48: 0 | Y48: =W48*X48 -> 0
H49: 0 | I49: 0 | J49: =H49*I49 -> 0 | K49: 0 | L49: 0 | M49: =K49*L49 -> 0 | N49: 0 | O49: 0 | P49: =N49*O49 -> 0 | Q49: 0 | R49: 0 | S49: =Q49*R49 -> 0 | T49: 0 | U49: 0 | V49: =T49*U49 -> 0 | W49: 0 | X49: 0 | Y49: =W49*X49 -> 0
H50: 0 | I50: 0 | J50: =H50*I50 -> 0 | K50: 0 | L50: 0 | M50: =K50*L50 -> 0 | N50: 0 | O50: 0 | P50: =N50*O50 -> 0 | Q50: 0 | R50: 0 | S50: =Q50*R50 -> 0 | T50: 0 | U50: 0 | V50: =T50*U50 -> 0 | W50: 0 | X50: 0 | Y50: =W50*X50 -> 0
H51: 0 | I51: 0 | J51: =H51*I51 -> 0 | K51: 0 | L51: 0 | M51: =K51*L51 -> 0 | N51: 0 | O51: 0 | P51: =N51*O51 -> 0 | Q51: 0 | R51: 0 | S51: =Q51*R51 -> 0 | T51: 0 | U51: 0 | V51: =T51*U51 -> 0 | W51: 0 | X51: 0 | Y51: =W51*X51 -> 0
H52: Total | J52: =SUM(J45:J51) -> 0 | K52: Total | M52: =SUM(M45:M51) -> 0 | N52: Total | P52: =SUM(P45:P51) -> 0 | Q52: Total | S52: =SUM(S45:S51) -> 0 | T52: Total | V52: =SUM(V45:V51) -> 0 | W52: Total | Y52: =SUM(Y45:Y51) -> 0
C53: ='2. Rekap Back Up Beton'!C25 -> 400 | D53: ='2. Rekap Back Up Beton'!D25 -> 500 | E53: ='2. Rekap Back Up Beton'!E25 -> 5 | F53: =(100/((D53-C53)*E53))*((J60*0.5)+(M60*1)+(P60*2)+(S60*20)+(V60*15)+(Y60*1.5)) -> 1.3 | G53: =IF(F53<=25,"B",IF(F53<=75,"S",IF(F53<=100,"RR","RB"))) -> B | H53: 1 | I53: 5 | J53: =H53*I53 -> 5 | K53: 0 | L53: 0 | M53: =K53*L53 -> 0 | N53: 2 | O53: 1 | P53: =N53*O53 -> 2 | Q53: 0 | R53: 0 | S53: =Q53*R53 -> 0 | T53: 0 | U53: 0 | V53: =T53*U53 -> 0 | W53: 0 | X53: 0 | Y53: =W53*X53 -> 0
H54: 0 | I54: 0 | J54: =H54*I54 -> 0 | K54: 0 | L54: 0 | M54: =K54*L54 -> 0 | N54: 0 | O54: 0 | P54: =N54*O54 -> 0 | Q54: 0 | R54: 0 | S54: =Q54*R54 -> 0 | T54: 0 | U54: 0 | V54: =T54*U54 -> 0 | W54: 0 | X54: 0 | Y54: =W54*X54 -> 0
H55: 0 | I55: 0 | J55: =H55*I55 -> 0 | K55: 0 | L55: 0 | M55: =K55*L55 -> 0 | N55: 0 | O55: 0 | P55: =N55*O55 -> 0 | Q55: 0 | R55: 0 | S55: =Q55*R55 -> 0 | T55: 0 | U55: 0 | V55: =T55*U55 -> 0 | W55: 0 | X55: 0 | Y55: =W55*X55 -> 0
H56: 0 | I56: 0 | J56: =H56*I56 -> 0 | K56: 0 | L56: 0 | M56: =K56*L56 -> 0 | N56: 0 | O56: 0 | P56: =N56*O56 -> 0 | Q56: 0 | R56: 0 | S56: =Q56*R56 -> 0 | T56: 0 | U56: 0 | V56: =T56*U56 -> 0 | W56: 0 | X56: 0 | Y56: =W56*X56 -> 0
H57: 0 | I57: 0 | J57: =H57*I57 -> 0 | K57: 0 | L57: 0 | M57: =K57*L57 -> 0 | N57: 0 | O57: 0 | P57: =N57*O57 -> 0 | Q57: 0 | R57: 0 | S57: =Q57*R57 -> 0 | T57: 0 | U57: 0 | V57: =T57*U57 -> 0 | W57: 0 | X57: 0 | Y57: =W57*X57 -> 0
H58: 0 | I58: 0 | J58: =H58*I58 -> 0 | K58: 0 | L58: 0 | M58: =K58*L58 -> 0 | N58: 0 | O58: 0 | P58: =N58*O58 -> 0 | Q58: 0 | R58: 0 | S58: =Q58*R58 -> 0 | T58: 0 | U58: 0 | V58: =T58*U58 -> 0 | W58: 0 | X58: 0 | Y58: =W58*X58 -> 0
H59: 0 | I59: 0 | J59: =H59*I59 -> 0 | K59: 0 | L59: 0 | M59: =K59*L59 -> 0 | N59: 0 | O59: 0 | P59: =N59*O59 -> 0 | Q59: 0 | R59: 0 | S59: =Q59*R59 -> 0 | T59: 0 | U59: 0 | V59: =T59*U59 -> 0 | W59: 0 | X59: 0 | Y59: =W59*X59 -> 0
H60: Total | J60: =SUM(J53:J59) -> 5 | K60: Total | M60: =SUM(M53:M59) -> 0 | N60: Total | P60: =SUM(P53:P59) -> 2 | Q60: Total | S60: =SUM(S53:S59) -> 0 | T60: Total | V60: =SUM(V53:V59) -> 0 | W60: Total | Y60: =SUM(Y53:Y59) -> 0
C61: ='2. Rekap Back Up Beton'!C26 -> 500 | D61: ='2. Rekap Back Up Beton'!D26 -> 600 | E61: ='2. Rekap Back Up Beton'!E26 -> 5 | F61: =(100/((D61-C61)*E61))*((J68*0.5)+(M68*1)+(P68*2)+(S68*20)+(V68*15)+(Y68*1.5)) -> 0 | G61: =IF(F61<=25,"B",IF(F61<=75,"S",IF(F61<=100,"RR","RB"))) -> B | H61: 0 | I61: 0 | J61: =H61*I61 -> 0 | K61: 0 | L61: 0 | M61: =K61*L61 -> 0 | N61: 0 | O61: 4 | P61: =N61*O61 -> 0 | Q61: 0 | R61: 0 | S61: =Q61*R61 -> 0 | T61: 0 | U61: 0 | V61: =T61*U61 -> 0 | W61: 0 | X61: 0 | Y61: =W61*X61 -> 0
H62: 0 | I62: 0 | J62: =H62*I62 -> 0 | K62: 0 | L62: 0 | M62: =K62*L62 -> 0 | N62: 0 | O62: 0 | P62: =N62*O62 -> 0 | Q62: 0 | R62: 0 | S62: =Q62*R62 -> 0 | T62: 0 | U62: 0 | V62: =T62*U62 -> 0 | W62: 0 | X62: 0 | Y62: =W62*X62 -> 0
H63: 0 | I63: 0 | J63: =H63*I63 -> 0 | K63: 0 | L63: 0 | M63: =K63*L63 -> 0 | N63: 0 | O63: 0 | P63: =N63*O63 -> 0 | Q63: 0 | R63: 0 | S63: =Q63*R63 -> 0 | T63: 0 | U63: 0 | V63: =T63*U63 -> 0 | W63: 0 | X63: 0 | Y63: =W63*X63 -> 0
H64: 0 | I64: 0 | J64: =H64*I64 -> 0 | K64: 0 | L64: 0 | M64: =K64*L64 -> 0 | N64: 0 | O64: 0 | P64: =N64*O64 -> 0 | Q64: 0 | R64: 0 | S64: =Q64*R64 -> 0 | T64: 0 | U64: 0 | V64: =T64*U64 -> 0 | W64: 0 | X64: 0 | Y64: =W64*X64 -> 0
H65: 0 | I65: 0 | J65: =H65*I65 -> 0 | K65: 0 | L65: 0 | M65: =K65*L65 -> 0 | N65: 0 | O65: 0 | P65: =N65*O65 -> 0 | Q65: 0 | R65: 0 | S65: =Q65*R65 -> 0 | T65: 0 | U65: 0 | V65: =T65*U65 -> 0 | W65: 0 | X65: 0 | Y65: =W65*X65 -> 0
H66: 0 | I66: 0 | J66: =H66*I66 -> 0 | K66: 0 | L66: 0 | M66: =K66*L66 -> 0 | N66: 0 | O66: 0 | P66: =N66*O66 -> 0 | Q66: 0 | R66: 0 | S66: =Q66*R66 -> 0 | T66: 0 | U66: 0 | V66: =T66*U66 -> 0 | W66: 0 | X66: 0 | Y66: =W66*X66 -> 0
H67: 0 | I67: 0 | J67: =H67*I67 -> 0 | K67: 0 | L67: 0 | M67: =K67*L67 -> 0 | N67: 0 | O67: 0 | P67: =N67*O67 -> 0 | Q67: 0 | R67: 0 | S67: =Q67*R67 -> 0 | T67: 0 | U67: 0 | V67: =T67*U67 -> 0 | W67: 0 | X67: 0 | Y67: =W67*X67 -> 0
H68: Total | J68: =SUM(J61:J67) -> 0 | K68: Total | M68: =SUM(M61:M67) -> 0 | N68: Total | P68: =SUM(P61:P67) -> 0 | Q68: Total | S68: =SUM(S61:S67) -> 0 | T68: Total | V68: =SUM(V61:V67) -> 0 | W68: Total | Y68: =SUM(Y61:Y67) -> 0
C69: ='2. Rekap Back Up Beton'!C27 -> 600 | D69: ='2. Rekap Back Up Beton'!D27 -> 700 | E69: ='2. Rekap Back Up Beton'!E27 -> 5 | F69: =(100/((D69-C69)*E69))*((J76*0.5)+(M76*1)+(P76*2)+(S76*20)+(V76*15)+(Y76*1.5)) -> 0 | G69: =IF(F69<=25,"B",IF(F69<=75,"S",IF(F69<=100,"RR","RB"))) -> B | H69: 0 | I69: 0 | J69: =H69*I69 -> 0 | K69: 0 | L69: 0 | M69: =K69*L69 -> 0 | N69: 0 | O69: 4 | P69: =N69*O69 -> 0 | Q69: 0 | R69: 0 | S69: =Q69*R69 -> 0 | T69: 0 | U69: 0 | V69: =T69*U69 -> 0 | W69: 0 | X69: 0 | Y69: =W69*X69 -> 0
H70: 0 | I70: 0 | J70: =H70*I70 -> 0 | K70: 0 | L70: 0 | M70: =K70*L70 -> 0 | N70: 0 | O70: 0 | P70: =N70*O70 -> 0 | Q70: 0 | R70: 0 | S70: =Q70*R70 -> 0 | T70: 0 | U70: 0 | V70: =T70*U70 -> 0 | W70: 0 | X70: 0 | Y70: =W70*X70 -> 0
H71: 0 | I71: 0 | J71: =H71*I71 -> 0 | K71: 0 | L71: 0 | M71: =K71*L71 -> 0 | N71: 0 | O71: 0 | P71: =N71*O71 -> 0 | Q71: 0 | R71: 0 | S71: =Q71*R71 -> 0 | T71: 0 | U71: 0 | V71: =T71*U71 -> 0 | W71: 0 | X71: 0 | Y71: =W71*X71 -> 0
H72: 0 | I72: 0 | J72: =H72*I72 -> 0 | K72: 0 | L72: 0 | M72: =K72*L72 -> 0 | N72: 0 | O72: 0 | P72: =N72*O72 -> 0 | Q72: 0 | R72: 0 | S72: =Q72*R72 -> 0 | T72: 0 | U72: 0 | V72: =T72*U72 -> 0 | W72: 0 | X72: 0 | Y72: =W72*X72 -> 0
H73: 0 | I73: 0 | J73: =H73*I73 -> 0 | K73: 0 | L73: 0 | M73: =K73*L73 -> 0 | N73: 0 | O73: 0 | P73: =N73*O73 -> 0 | Q73: 0 | R73: 0 | S73: =Q73*R73 -> 0 | T73: 0 | U73: 0 | V73: =T73*U73 -> 0 | W73: 0 | X73: 0 | Y73: =W73*X73 -> 0
H74: 0 | I74: 0 | J74: =H74*I74 -> 0 | K74: 0 | L74: 0 | M74: =K74*L74 -> 0 | N74: 0 | O74: 0 | P74: =N74*O74 -> 0 | Q74: 0 | R74: 0 | S74: =Q74*R74 -> 0 | T74: 0 | U74: 0 | V74: =T74*U74 -> 0 | W74: 0 | X74: 0 | Y74: =W74*X74 -> 0
H75: 0 | I75: 0 | J75: =H75*I75 -> 0 | K75: 0 | L75: 0 | M75: =K75*L75 -> 0 | N75: 0 | O75: 0 | P75: =N75*O75 -> 0 | Q75: 0 | R75: 0 | S75: =Q75*R75 -> 0 | T75: 0 | U75: 0 | V75: =T75*U75 -> 0 | W75: 0 | X75: 0 | Y75: =W75*X75 -> 0
H76: Total | J76: =SUM(J69:J75) -> 0 | K76: Total | M76: =SUM(M69:M75) -> 0 | N76: Total | P76: =SUM(P69:P75) -> 0 | Q76: Total | S76: =SUM(S69:S75) -> 0 | T76: Total | V76: =SUM(V69:V75) -> 0 | W76: Total | Y76: =SUM(Y69:Y75) -> 0
C77: ='2. Rekap Back Up Beton'!C28 -> 700 | D77: ='2. Rekap Back Up Beton'!D28 -> 800 | E77: ='2. Rekap Back Up Beton'!E28 -> 5 | F77: =(100/((D77-C77)*E77))*((J84*0.5)+(M84*1)+(P84*2)+(S84*20)+(V84*15)+(Y84*1.5)) -> 0 | G77: =IF(F77<=25,"B",IF(F77<=75,"S",IF(F77<=100,"RR","RB"))) -> B | H77: 0 | I77: 0 | J77: =H77*I77 -> 0 | K77: 0 | L77: 0 | M77: =K77*L77 -> 0 | N77: 0 | O77: 4 | P77: =N77*O77 -> 0 | Q77: 0 | R77: 0 | S77: =Q77*R77 -> 0 | T77: 0 | U77: 0 | V77: =T77*U77 -> 0 | W77: 0 | X77: 0 | Y77: =W77*X77 -> 0
H78: 0 | I78: 0 | J78: =H78*I78 -> 0 | K78: 0 | L78: 0 | M78: =K78*L78 -> 0 | N78: 0 | O78: 0 | P78: =N78*O78 -> 0 | Q78: 0 | R78: 0 | S78: =Q78*R78 -> 0 | T78: 0 | U78: 0 | V78: =T78*U78 -> 0 | W78: 0 | X78: 0 | Y78: =W78*X78 -> 0
H79: 0 | I79: 0 | J79: =H79*I79 -> 0 | K79: 0 | L79: 0 | M79: =K79*L79 -> 0 | N79: 0 | O79: 0 | P79: =N79*O79 -> 0 | Q79: 0 | R79: 0 | S79: =Q79*R79 -> 0 | T79: 0 | U79: 0 | V79: =T79*U79 -> 0 | W79: 0 | X79: 0 | Y79: =W79*X79 -> 0
H80: 0 | I80: 0 | J80: =H80*I80 -> 0 | K80: 0 | L80: 0 | M80: =K80*L80 -> 0 | N80: 0 | O80: 0 | P80: =N80*O80 -> 0 | Q80: 0 | R80: 0 | S80: =Q80*R80 -> 0 | T80: 0 | U80: 0 | V80: =T80*U80 -> 0 | W80: 0 | X80: 0 | Y80: =W80*X80 -> 0
H81: 0 | I81: 0 | J81: =H81*I81 -> 0 | K81: 0 | L81: 0 | M81: =K81*L81 -> 0 | N81: 0 | O81: 0 | P81: =N81*O81 -> 0 | Q81: 0 | R81: 0 | S81: =Q81*R81 -> 0 | T81: 0 | U81: 0 | V81: =T81*U81 -> 0 | W81: 0 | X81: 0 | Y81: =W81*X81 -> 0
H82: 0 | I82: 0 | J82: =H82*I82 -> 0 | K82: 0 | L82: 0 | M82: =K82*L82 -> 0 | N82: 0 | O82: 0 | P82: =N82*O82 -> 0 | Q82: 0 | R82: 0 | S82: =Q82*R82 -> 0 | T82: 0 | U82: 0 | V82: =T82*U82 -> 0 | W82: 0 | X82: 0 | Y82: =W82*X82 -> 0
H83: 0 | I83: 0 | J83: =H83*I83 -> 0 | K83: 0 | L83: 0 | M83: =K83*L83 -> 0 | N83: 0 | O83: 0 | P83: =N83*O83 -> 0 | Q83: 0 | R83: 0 | S83: =Q83*R83 -> 0 | T83: 0 | U83: 0 | V83: =T83*U83 -> 0 | W83: 0 | X83: 0 | Y83: =W83*X83 -> 0
H84: Total | J84: =SUM(J77:J83) -> 0 | K84: Total | M84: =SUM(M77:M83) -> 0 | N84: Total | P84: =SUM(P77:P83) -> 0 | Q84: Total | S84: =SUM(S77:S83) -> 0 | T84: Total | V84: =SUM(V77:V83) -> 0 | W84: Total | Y84: =SUM(Y77:Y83) -> 0
C85: ='2. Rekap Back Up Beton'!C29 -> 800 | D85: ='2. Rekap Back Up Beton'!D29 -> 900 | E85: ='2. Rekap Back Up Beton'!E29 -> 6 | F85: =(100/((D85-C85)*E85))*((J92*0.5)+(M92*1)+(P92*2)+(S92*20)+(V92*15)+(Y92*1.5)) -> 0 | G85: =IF(F85<=25,"B",IF(F85<=75,"S",IF(F85<=100,"RR","RB"))) -> B | H85: 0 | I85: 0 | J85: =H85*I85 -> 0 | K85: 0 | L85: 0 | M85: =K85*L85 -> 0 | N85: 0 | O85: 4 | P85: =N85*O85 -> 0 | Q85: 0 | R85: 0 | S85: =Q85*R85 -> 0 | T85: 0 | U85: 0 | V85: =T85*U85 -> 0 | W85: 0 | X85: 0 | Y85: =W85*X85 -> 0
H86: 0 | I86: 0 | J86: =H86*I86 -> 0 | K86: 0 | L86: 0 | M86: =K86*L86 -> 0 | N86: 0 | O86: 0 | P86: =N86*O86 -> 0 | Q86: 0 | R86: 0 | S86: =Q86*R86 -> 0 | T86: 0 | U86: 0 | V86: =T86*U86 -> 0 | W86: 0 | X86: 0 | Y86: =W86*X86 -> 0
H87: 0 | I87: 0 | J87: =H87*I87 -> 0 | K87: 0 | L87: 0 | M87: =K87*L87 -> 0 | N87: 0 | O87: 0 | P87: =N87*O87 -> 0 | Q87: 0 | R87: 0 | S87: =Q87*R87 -> 0 | T87: 0 | U87: 0 | V87: =T87*U87 -> 0 | W87: 0 | X87: 0 | Y87: =W87*X87 -> 0
H88: 0 | I88: 0 | J88: =H88*I88 -> 0 | K88: 0 | L88: 0 | M88: =K88*L88 -> 0 | N88: 0 | O88: 0 | P88: =N88*O88 -> 0 | Q88: 0 | R88: 0 | S88: =Q88*R88 -> 0 | T88: 0 | U88: 0 | V88: =T88*U88 -> 0 | W88: 0 | X88: 0 | Y88: =W88*X88 -> 0
H89: 0 | I89: 0 | J89: =H89*I89 -> 0 | K89: 0 | L89: 0 | M89: =K89*L89 -> 0 | N89: 0 | O89: 0 | P89: =N89*O89 -> 0 | Q89: 0 | R89: 0 | S89: =Q89*R89 -> 0 | T89: 0 | U89: 0 | V89: =T89*U89 -> 0 | W89: 0 | X89: 0 | Y89: =W89*X89 -> 0
H90: 0 | I90: 0 | J90: =H90*I90 -> 0 | K90: 0 | L90: 0 | M90: =K90*L90 -> 0 | N90: 0 | O90: 0 | P90: =N90*O90 -> 0 | Q90: 0 | R90: 0 | S90: =Q90*R90 -> 0 | T90: 0 | U90: 0 | V90: =T90*U90 -> 0 | W90: 0 | X90: 0 | Y90: =W90*X90 -> 0
H91: 0 | I91: 0 | J91: =H91*I91 -> 0 | K91: 0 | L91: 0 | M91: =K91*L91 -> 0 | N91: 0 | O91: 0 | P91: =N91*O91 -> 0 | Q91: 0 | R91: 0 | S91: =Q91*R91 -> 0 | T91: 0 | U91: 0 | V91: =T91*U91 -> 0 | W91: 0 | X91: 0 | Y91: =W91*X91 -> 0
H92: Total | J92: =SUM(J85:J91) -> 0 | K92: Total | M92: =SUM(M85:M91) -> 0 | N92: Total | P92: =SUM(P85:P91) -> 0 | Q92: Total | S92: =SUM(S85:S91) -> 0 | T92: Total | V92: =SUM(V85:V91) -> 0 | W92: Total | Y92: =SUM(Y85:Y91) -> 0
C93: ='2. Rekap Back Up Beton'!C30 -> 900 | D93: ='2. Rekap Back Up Beton'!D30 -> 1000 | E93: ='2. Rekap Back Up Beton'!E30 -> 6 | F93: =(100/((D93-C93)*E93))*((J100*0.5)+(M100*1)+(P100*2)+(S100*20)+(V100*15)+(Y100*1.5)) -> 0 | G93: =IF(F93<=25,"B",IF(F93<=75,"S",IF(F93<=100,"RR","RB"))) -> B | H93: 0 | I93: 0 | J93: =H93*I93 -> 0 | K93: 0 | L93: 0 | M93: =K93*L93 -> 0 | N93: 0 | O93: 4 | P93: =N93*O93 -> 0 | Q93: 0 | R93: 0 | S93: =Q93*R93 -> 0 | T93: 0 | U93: 0 | V93: =T93*U93 -> 0 | W93: 0 | X93: 0 | Y93: =W93*X93 -> 0
H94: 0 | I94: 0 | J94: =H94*I94 -> 0 | K94: 0 | L94: 0 | M94: =K94*L94 -> 0 | N94: 0 | O94: 0 | P94: =N94*O94 -> 0 | Q94: 0 | R94: 0 | S94: =Q94*R94 -> 0 | T94: 0 | U94: 0 | V94: =T94*U94 -> 0 | W94: 0 | X94: 0 | Y94: =W94*X94 -> 0
H95: 0 | I95: 0 | J95: =H95*I95 -> 0 | K95: 0 | L95: 0 | M95: =K95*L95 -> 0 | N95: 0 | O95: 0 | P95: =N95*O95 -> 0 | Q95: 0 | R95: 0 | S95: =Q95*R95 -> 0 | T95: 0 | U95: 0 | V95: =T95*U95 -> 0 | W95: 0 | X95: 0 | Y95: =W95*X95 -> 0
H96: 0 | I96: 0 | J96: =H96*I96 -> 0 | K96: 0 | L96: 0 | M96: =K96*L96 -> 0 | N96: 0 | O96: 0 | P96: =N96*O96 -> 0 | Q96: 0 | R96: 0 | S96: =Q96*R96 -> 0 | T96: 0 | U96: 0 | V96: =T96*U96 -> 0 | W96: 0 | X96: 0 | Y96: =W96*X96 -> 0
H97: 0 | I97: 0 | J97: =H97*I97 -> 0 | K97: 0 | L97: 0 | M97: =K97*L97 -> 0 | N97: 0 | O97: 0 | P97: =N97*O97 -> 0 | Q97: 0 | R97: 0 | S97: =Q97*R97 -> 0 | T97: 0 | U97: 0 | V97: =T97*U97 -> 0 | W97: 0 | X97: 0 | Y97: =W97*X97 -> 0
H98: 0 | I98: 0 | J98: =H98*I98 -> 0 | K98: 0 | L98: 0 | M98: =K98*L98 -> 0 | N98: 0 | O98: 0 | P98: =N98*O98 -> 0 | Q98: 0 | R98: 0 | S98: =Q98*R98 -> 0 | T98: 0 | U98: 0 | V98: =T98*U98 -> 0 | W98: 0 | X98: 0 | Y98: =W98*X98 -> 0
H99: 0 | I99: 0 | J99: =H99*I99 -> 0 | K99: 0 | L99: 0 | M99: =K99*L99 -> 0 | N99: 0 | O99: 0 | P99: =N99*O99 -> 0 | Q99: 0 | R99: 0 | S99: =Q99*R99 -> 0 | T99: 0 | U99: 0 | V99: =T99*U99 -> 0 | W99: 0 | X99: 0 | Y99: =W99*X99 -> 0
H100: Total | J100: =SUM(J93:J99) -> 0 | K100: Total | M100: =SUM(M93:M99) -> 0 | N100: Total | P100: =SUM(P93:P99) -> 0 | Q100: Total | S100: =SUM(S93:S99) -> 0 | T100: Total | V100: =SUM(V93:V99) -> 0 | W100: Total | Y100: =SUM(Y93:Y99) -> 0
C101: ='2. Rekap Back Up Beton'!C31 -> 3650 | D101: ='2. Rekap Back Up Beton'!D31 -> 3700 | E101: ='2. Rekap Back Up Beton'!E31 -> 5 | F101: =(100/((D101-C101)*E101))*((J108*0.5)+(M108*1)+(P108*2)+(S108*20)+(V108*15)+(Y108*1.5)) -> 176 | G101: =IF(F101<=25,"B",IF(F101<=75,"S",IF(F101<=100,"RR","RB"))) -> RB | H101: 0 | I101: 0 | J101: =H101*I101 -> 0 | K101: 20 | L101: 2 | M101: =K101*L101 -> 40 | N101: 0 | O101: 4 | P101: =N101*O101 -> 0 | Q101: 10 | R101: 2 | S101: =Q101*R101 -> 20 | T101: 0 | U101: 0 | V101: =T101*U101 -> 0 | W101: 0 | X101: 0 | Y101: =W101*X101 -> 0
H102: 0 | I102: 0 | J102: =H102*I102 -> 0 | K102: 0 | L102: 0 | M102: =K102*L102 -> 0 | N102: 0 | O102: 0 | P102: =N102*O102 -> 0 | Q102: 0 | R102: 0 | S102: =Q102*R102 -> 0 | T102: 0 | U102: 0 | V102: =T102*U102 -> 0 | W102: 0 | X102: 0 | Y102: =W102*X102 -> 0
H103: 0 | I103: 0 | J103: =H103*I103 -> 0 | K103: 0 | L103: 0 | M103: =K103*L103 -> 0 | N103: 0 | O103: 0 | P103: =N103*O103 -> 0 | Q103: 0 | R103: 0 | S103: =Q103*R103 -> 0 | T103: 0 | U103: 0 | V103: =T103*U103 -> 0 | W103: 0 | X103: 0 | Y103: =W103*X103 -> 0
H104: 0 | I104: 0 | J104: =H104*I104 -> 0 | K104: 0 | L104: 0 | M104: =K104*L104 -> 0 | N104: 0 | O104: 0 | P104: =N104*O104 -> 0 | Q104: 0 | R104: 0 | S104: =Q104*R104 -> 0 | T104: 0 | U104: 0 | V104: =T104*U104 -> 0 | W104: 0 | X104: 0 | Y104: =W104*X104 -> 0
H105: 0 | I105: 0 | J105: =H105*I105 -> 0 | K105: 0 | L105: 0 | M105: =K105*L105 -> 0 | N105: 0 | O105: 0 | P105: =N105*O105 -> 0 | Q105: 0 | R105: 0 | S105: =Q105*R105 -> 0 | T105: 0 | U105: 0 | V105: =T105*U105 -> 0 | W105: 0 | X105: 0 | Y105: =W105*X105 -> 0
H106: 0 | I106: 0 | J106: =H106*I106 -> 0 | K106: 0 | L106: 0 | M106: =K106*L106 -> 0 | N106: 0 | O106: 0 | P106: =N106*O106 -> 0 | Q106: 0 | R106: 0 | S106: =Q106*R106 -> 0 | T106: 0 | U106: 0 | V106: =T106*U106 -> 0 | W106: 0 | X106: 0 | Y106: =W106*X106 -> 0
H107: 0 | I107: 0 | J107: =H107*I107 -> 0 | K107: 0 | L107: 0 | M107: =K107*L107 -> 0 | N107: 0 | O107: 0 | P107: =N107*O107 -> 0 | Q107: 0 | R107: 0 | S107: =Q107*R107 -> 0 | T107: 0 | U107: 0 | V107: =T107*U107 -> 0 | W107: 0 | X107: 0 | Y107: =W107*X107 -> 0
H108: Total | J108: =SUM(J101:J107) -> 0 | K108: Total | M108: =SUM(M101:M107) -> 40 | N108: Total | P108: =SUM(P101:P107) -> 0 | Q108: Total | S108: =SUM(S101:S107) -> 20 | T108: Total | V108: =SUM(V101:V107) -> 0 | W108: Total | Y108: =SUM(Y101:Y107) -> 0
C109: ='2. Rekap Back Up Beton'!C32 -> 3700 | D109: ='2. Rekap Back Up Beton'!D32 -> 3800 | E109: ='2. Rekap Back Up Beton'!E32 -> 5 | F109: =(100/((D109-C109)*E109))*((J116*0.5)+(M116*1)+(P116*2)+(S116*20)+(V116*15)+(Y116*1.5)) -> 10 | G109: =IF(F109<=25,"B",IF(F109<=75,"S",IF(F109<=100,"RR","RB"))) -> B | H109: 0 | I109: 0 | J109: =H109*I109 -> 0 | K109: 10 | L109: 5 | M109: =K109*L109 -> 50 | N109: 0 | O109: 4 | P109: =N109*O109 -> 0 | Q109: 0 | R109: 0 | S109: =Q109*R109 -> 0 | T109: 0 | U109: 0 | V109: =T109*U109 -> 0 | W109: 0 | X109: 0 | Y109: =W109*X109 -> 0
H110: 0 | I110: 0 | J110: =H110*I110 -> 0 | K110: 0 | L110: 0 | M110: =K110*L110 -> 0 | N110: 0 | O110: 0 | P110: =N110*O110 -> 0 | Q110: 0 | R110: 0 | S110: =Q110*R110 -> 0 | T110: 0 | U110: 0 | V110: =T110*U110 -> 0 | W110: 0 | X110: 0 | Y110: =W110*X110 -> 0
H111: 0 | I111: 0 | J111: =H111*I111 -> 0 | K111: 0 | L111: 0 | M111: =K111*L111 -> 0 | N111: 0 | O111: 0 | P111: =N111*O111 -> 0 | Q111: 0 | R111: 0 | S111: =Q111*R111 -> 0 | T111: 0 | U111: 0 | V111: =T111*U111 -> 0 | W111: 0 | X111: 0 | Y111: =W111*X111 -> 0
...

Sheet 3. Rekap Back Up Non Aspal 
C2: PEMERINTAH PROVINSI LAMPUNG
C3: DINAS BINA MARGA DAN BINA KONSTRUKSI
B6: BACK - UP DATA SURVEY KONDISI JALAN (NON-ASPAL)
B9: NO. RUAS | E9: : | F9: ='Link List'!D3 -> 044
B12: NAMA RUAS | E12: : | F12: ='Link List'!F3 -> SP TELUK KILUAN - SP. UMBAR
B15: PANJANG RUAS | E15: : | F15: ='Link List'!I3 -> 25.157
C18: STA | F18: NILAI TTI | G18: KONDISI | H18: TIPE KERUSAKAN KONDISI JALAN NON ASPAL | V18: KET
C19: DARI (M) | D19: KE (M) | E19: LEBAR | H19: BENTUK KEMIRINGAN | I19: KEMIRINGAN | J19: PENURUNAN | K19: EROSI | L19: GELOMBANG | M19: UKURAN KERIKIL | N19: TEBAL KERIKIL | O19: LUAS KERIKIL | P19: DISTRIBUSI | Q19: JUMLAH LUBANG | R19: UKURAN LUBANG | S19: LUAS LUBANG | T19: LUAS ALUR | U19: DALAM ALUR
B20: 1 | H20: 2 | J20: 3 | K20: 4 | L20: 5 | M20: 6 | P20: 7 | Q20: 8 | T20: 9 | V20: 10
A21: ` | C21: =NOTE!J10 -> 1000 | D21: =C21+100 -> 1100 | E21: 3 | F21: =(100/((D21-C21)*E21))*((I21*0.05)+(J21*0.05)+(K21*0.05)+(L21)+(O21)+(S21*1.5)+(T21*1)) -> 100 | G21: =IF(F21<=25,"RB",IF(F21<=75,"RB",IF(F21<=100,"RB","RB"))) -> RB | H21: ='3. Back Up Non Aspal'!H28 -> 1 | I21: ='3. Back Up Non Aspal'!K28 -> 0 | J21: ='3. Back Up Non Aspal'!N28 -> 0 | K21: ='3. Back Up Non Aspal'!Q28 -> 0 | L21: ='3. Back Up Non Aspal'!T28 -> 300 | M21: ='3. Back Up Non Aspal'!U28 -> 1 | N21: ='3. Back Up Non Aspal'!V28 -> 1 | O21: ='3. Back Up Non Aspal'!Y28 -> 0 | P21: ='3. Back Up Non Aspal'!Z28 -> 1 | Q21: ='3. Back Up Non Aspal'!AA28 -> 0 | R21: ='3. Back Up Non Aspal'!AB28 -> 1 | S21: ='3. Back Up Non Aspal'!AE28 -> 0 | T21: ='3. Back Up Non Aspal'!AH28 -> 0 | U21: ='3. Back Up Non Aspal'!AI28 -> 1
C22: =D21 -> 1100 | D22: =C22+100 -> 1200 | E22: 3 | F22: =(100/((D22-C22)*E22))*((I22*0.05)+(J22*0.05)+(K22*0.05)+(L22)+(O22)+(S22*1.5)+(T22*1)) -> 100 | G22: =IF(F22<=25,"RB",IF(F22<=75,"RB",IF(F22<=100,"RB","RB"))) -> RB | H22: ='3. Back Up Non Aspal'!H36 -> 1 | I22: ='3. Back Up Non Aspal'!K36 -> 0 | J22: ='3. Back Up Non Aspal'!N36 -> 0 | K22: ='3. Back Up Non Aspal'!Q36 -> 0 | L22: ='3. Back Up Non Aspal'!T36 -> 300 | M22: ='3. Back Up Non Aspal'!U36 -> 1 | N22: ='3. Back Up Non Aspal'!V36 -> 1 | O22: ='3. Back Up Non Aspal'!Y36 -> 0 | P22: ='3. Back Up Non Aspal'!Z36 -> 1 | Q22: ='3. Back Up Non Aspal'!AA36 -> 0 | R22: ='3. Back Up Non Aspal'!AB36 -> 1 | S22: ='3. Back Up Non Aspal'!AE36 -> 0 | T22: ='3. Back Up Non Aspal'!AH36 -> 0 | U22: ='3. Back Up Non Aspal'!AI36 -> 1
C23: =D22 -> 1200 | D23: =C23+100 -> 1300 | E23: 3 | F23: =(100/((D23-C23)*E23))*((I23*0.05)+(J23*0.05)+(K23*0.05)+(L23)+(O23)+(S23*1.5)+(T23*1)) -> 100 | G23: =IF(F23<=25,"RB",IF(F23<=75,"RB",IF(F23<=100,"RB","RB"))) -> RB | H23: ='3. Back Up Non Aspal'!H44 -> 1 | I23: ='3. Back Up Non Aspal'!K44 -> 0 | J23: ='3. Back Up Non Aspal'!N44 -> 0 | K23: ='3. Back Up Non Aspal'!Q44 -> 0 | L23: ='3. Back Up Non Aspal'!T44 -> 300 | M23: ='3. Back Up Non Aspal'!U57 -> 1 | N23: ='3. Back Up Non Aspal'!V57 -> 1 | O23: ='3. Back Up Non Aspal'!Y57 -> 0 | P23: ='3. Back Up Non Aspal'!Z57 -> 1 | Q23: ='3. Back Up Non Aspal'!AA57 -> 0 | R23: ='3. Back Up Non Aspal'!AB57 -> 1 | S23: ='3. Back Up Non Aspal'!AE57 -> 0 | T23: ='3. Back Up Non Aspal'!AH57 -> 0 | U23: ='3. Back Up Non Aspal'!AI57 -> 1
C24: =D23 -> 1300 | D24: =C24+100 -> 1400 | E24: 3 | F24: =(100/((D24-C24)*E24))*((I24*0.05)+(J24*0.05)+(K24*0.05)+(L24)+(O24)+(S24*1.5)+(T24*1)) -> 100 | G24: =IF(F24<=25,"RB",IF(F24<=75,"RB",IF(F24<=100,"RB","RB"))) -> RB | H24: ='3. Back Up Non Aspal'!H52 -> 1 | I24: ='3. Back Up Non Aspal'!K52 -> 0 | J24: ='3. Back Up Non Aspal'!N52 -> 0 | K24: ='3. Back Up Non Aspal'!Q52 -> 0 | L24: ='3. Back Up Non Aspal'!T52 -> 300 | M24: ='3. Back Up Non Aspal'!U52 -> 1 | N24: ='3. Back Up Non Aspal'!V52 -> 1 | O24: ='3. Back Up Non Aspal'!Y52 -> 0 | P24: ='3. Back Up Non Aspal'!Z52 -> 1 | Q24: ='3. Back Up Non Aspal'!AA52 -> 0 | R24: ='3. Back Up Non Aspal'!AB52 -> 1 | S24: ='3. Back Up Non Aspal'!AE52 -> 0 | T24: ='3. Back Up Non Aspal'!AH52 -> 0 | U24: ='3. Back Up Non Aspal'!AI52 -> 1
C25: =D24 -> 1400 | D25: =C25+100 -> 1500 | E25: 3 | F25: =(100/((D25-C25)*E25))*((I25*0.05)+(J25*0.05)+(K25*0.05)+(L25)+(O25)+(S25*1.5)+(T25*1)) -> 166.66667 | G25: =IF(F25<=25,"RB",IF(F25<=75,"RB",IF(F25<=100,"RB","RB"))) -> RB | H25: ='3. Back Up Non Aspal'!H60 -> 1 | I25: ='3. Back Up Non Aspal'!K60 -> 0 | J25: ='3. Back Up Non Aspal'!N60 -> 0 | K25: ='3. Back Up Non Aspal'!Q60 -> 0 | L25: ='3. Back Up Non Aspal'!T60 -> 300 | M25: ='3. Back Up Non Aspal'!U60 -> 3 | N25: ='3. Back Up Non Aspal'!V60 -> 4 | O25: ='3. Back Up Non Aspal'!Y60 -> 200 | P25: ='3. Back Up Non Aspal'!Z60 -> 1 | Q25: ='3. Back Up Non Aspal'!AA60 -> 0 | R25: ='3. Back Up Non Aspal'!AB60 -> 1 | S25: ='3. Back Up Non Aspal'!AE60 -> 0 | T25: ='3. Back Up Non Aspal'!AH60 -> 0 | U25: ='3. Back Up Non Aspal'!AI60 -> 1
C26: =D25 -> 1500 | D26: =C26+100 -> 1600 | E26: 3 | F26: =(100/((D26-C26)*E26))*((I26*0.05)+(J26*0.05)+(K26*0.05)+(L26)+(O26)+(S26*1.5)+(T26*1)) -> 66.666667 | G26: =IF(F26<=25,"RB",IF(F26<=75,"RB",IF(F26<=100,"RB","RB"))) -> RB | H26: ='3. Back Up Non Aspal'!H68 -> 1 | I26: ='3. Back Up Non Aspal'!K68 -> 0 | J26: ='3. Back Up Non Aspal'!N68 -> 0 | K26: ='3. Back Up Non Aspal'!Q68 -> 0 | L26: ='3. Back Up Non Aspal'!T68 -> 200 | M26: ='3. Back Up Non Aspal'!U68 -> 1 | N26: ='3. Back Up Non Aspal'!V68 -> 1 | O26: ='3. Back Up Non Aspal'!Y68 -> 0 | P26: ='3. Back Up Non Aspal'!Z68 -> 1 | Q26: ='3. Back Up Non Aspal'!AA68 -> 0 | R26: ='3. Back Up Non Aspal'!AB68 -> 1 | S26: ='3. Back Up Non Aspal'!AE68 -> 0 | T26: ='3. Back Up Non Aspal'!AH68 -> 0 | U26: ='3. Back Up Non Aspal'!AI68 -> 1
C27: =D26 -> 1600 | D27: =C27+100 -> 1700 | E27: 3 | F27: =(100/((D27-C27)*E27))*((I27*0.05)+(J27*0.05)+(K27*0.05)+(L27)+(O27)+(S27*1.5)+(T27*1)) -> 66.666667 | G27: =IF(F27<=25,"RB",IF(F27<=75,"RB",IF(F27<=100,"RB","RB"))) -> RB | H27: ='3. Back Up Non Aspal'!H76 -> 1 | I27: ='3. Back Up Non Aspal'!K76 -> 0 | J27: ='3. Back Up Non Aspal'!N76 -> 0 | K27: ='3. Back Up Non Aspal'!Q76 -> 0 | L27: ='3. Back Up Non Aspal'!T76 -> 200 | M27: ='3. Back Up Non Aspal'!U76 -> 1 | N27: ='3. Back Up Non Aspal'!V76 -> 1 | O27: ='3. Back Up Non Aspal'!Y76 -> 0 | P27: ='3. Back Up Non Aspal'!Z76 -> 1 | Q27: ='3. Back Up Non Aspal'!AA76 -> 0 | R27: ='3. Back Up Non Aspal'!AB76 -> 1 | S27: ='3. Back Up Non Aspal'!AE76 -> 0 | T27: ='3. Back Up Non Aspal'!AH76 -> 0 | U27: ='3. Back Up Non Aspal'!AI76 -> 1
C28: =D27 -> 1700 | D28: =C28+100 -> 1800 | E28: 3 | F28: =(100/((D28-C28)*E28))*((I28*0.05)+(J28*0.05)+(K28*0.05)+(L28)+(O28)+(S28*1.5)+(T28*1)) -> 66.666667 | G28: =IF(F28<=25,"RB",IF(F28<=75,"RB",IF(F28<=100,"RB","RB"))) -> RB | H28: ='3. Back Up Non Aspal'!H84 -> 1 | I28: ='3. Back Up Non Aspal'!K84 -> 0 | J28: ='3. Back Up Non Aspal'!N84 -> 0 | K28: ='3. Back Up Non Aspal'!Q84 -> 0 | L28: ='3. Back Up Non Aspal'!T84 -> 200 | M28: ='3. Back Up Non Aspal'!U84 -> 1 | N28: ='3. Back Up Non Aspal'!V84 -> 1 | O28: ='3. Back Up Non Aspal'!Y84 -> 0 | P28: ='3. Back Up Non Aspal'!Z84 -> 1 | Q28: ='3. Back Up Non Aspal'!AA84 -> 0 | R28: ='3. Back Up Non Aspal'!AB84 -> 1 | S28: ='3. Back Up Non Aspal'!AE84 -> 0 | T28: ='3. Back Up Non Aspal'!AH84 -> 0 | U28: ='3. Back Up Non Aspal'!AI84 -> 1
C29: =D28 -> 1800 | D29: =C29+100 -> 1900 | E29: 3 | F29: =(100/((D29-C29)*E29))*((I29*0.05)+(J29*0.05)+(K29*0.05)+(L29)+(O29)+(S29*1.5)+(T29*1)) -> 66.666667 | G29: =IF(F29<=25,"RB",IF(F29<=75,"RB",IF(F29<=100,"RB","RB"))) -> RB | H29: ='3. Back Up Non Aspal'!H92 -> 1 | I29: ='3. Back Up Non Aspal'!K92 -> 0 | J29: ='3. Back Up Non Aspal'!N92 -> 0 | K29: ='3. Back Up Non Aspal'!Q92 -> 0 | L29: ='3. Back Up Non Aspal'!T92 -> 200 | M29: ='3. Back Up Non Aspal'!U92 -> 1 | N29: ='3. Back Up Non Aspal'!V92 -> 1 | O29: ='3. Back Up Non Aspal'!Y92 -> 0 | P29: ='3. Back Up Non Aspal'!Z92 -> 1 | Q29: ='3. Back Up Non Aspal'!AA92 -> 0 | R29: ='3. Back Up Non Aspal'!AB92 -> 1 | S29: ='3. Back Up Non Aspal'!AE92 -> 0 | T29: ='3. Back Up Non Aspal'!AH92 -> 0 | U29: ='3. Back Up Non Aspal'!AI92 -> 1
C30: =D29 -> 1900 | D30: =C30+100 -> 2000 | E30: 3 | F30: =(100/((D30-C30)*E30))*((I30*0.05)+(J30*0.05)+(K30*0.05)+(L30)+(O30)+(S30*1.5)+(T30*1)) -> 82.666667 | G30: =IF(F30<=25,"RB",IF(F30<=75,"RB",IF(F30<=100,"RB","RB"))) -> RB | H30: ='3. Back Up Non Aspal'!H100 -> 1 | I30: ='3. Back Up Non Aspal'!K100 -> 0 | J30: ='3. Back Up Non Aspal'!N100 -> 0 | K30: ='3. Back Up Non Aspal'!Q100 -> 0 | L30: ='3. Back Up Non Aspal'!T100 -> 48 | M30: ='3. Back Up Non Aspal'!U100 -> 2 | N30: ='3. Back Up Non Aspal'!V100 -> 2 | O30: ='3. Back Up Non Aspal'!Y100 -> 200 | P30: ='3. Back Up Non Aspal'!Z100 -> 1 | Q30: ='3. Back Up Non Aspal'!AA100 -> 0 | R30: ='3. Back Up Non Aspal'!AB100 -> 1 | S30: ='3. Back Up Non Aspal'!AE100 -> 0 | T30: ='3. Back Up Non Aspal'!AH100 -> 0 | U30: ='3. Back Up Non Aspal'!AI100 -> 1
C31: =D30 -> 2000 | D31: =C31+100 -> 2100 | E31: 3 | F31: =(100/((D31-C31)*E31))*((I31*0.05)+(J31*0.05)+(K31*0.05)+(L31)+(O31)+(S31*1.5)+(T31*1)) -> 45 | G31: =IF(F31<=25,"RB",IF(F31<=75,"RB",IF(F31<=100,"RB","RB"))) -> RB | H31: ='3. Back Up Non Aspal'!H108 -> 1 | I31: ='3. Back Up Non Aspal'!K108 -> 0 | J31: ='3. Back Up Non Aspal'!N108 -> 0 | K31: ='3. Back Up Non Aspal'!Q108 -> 0 | L31: ='3. Back Up Non Aspal'!T108 -> 75 | M31: ='3. Back Up Non Aspal'!U108 -> 2 | N31: ='3. Back Up Non Aspal'!V108 -> 2 | O31: ='3. Back Up Non Aspal'!Y108 -> 60 | P31: ='3. Back Up Non Aspal'!Z108 -> 1 | Q31: ='3. Back Up Non Aspal'!AA108 -> 0 | R31: ='3. Back Up Non Aspal'!AB108 -> 1 | S31: ='3. Back Up Non Aspal'!AE108 -> 0 | T31: ='3. Back Up Non Aspal'!AH108 -> 0 | U31: ='3. Back Up Non Aspal'!AI108 -> 1
C32: =D31 -> 2100 | D32: =C32+100 -> 2200 | E32: 3 | F32: =(100/((D32-C32)*E32))*((I32*0.05)+(J32*0.05)+(K32*0.05)+(L32)+(O32)+(S32*1.5)+(T32*1)) -> 93.333333 | G32: =IF(F32<=25,"RB",IF(F32<=75,"RB",IF(F32<=100,"RB","RB"))) -> RB | H32: ='3. Back Up Non Aspal'!H116 -> 1 | I32: ='3. Back Up Non Aspal'!K116 -> 0 | J32: ='3. Back Up Non Aspal'!N116 -> 0 | K32: ='3. Back Up Non Aspal'!Q116 -> 0 | L32: ='3. Back Up Non Aspal'!T116 -> 30 | M32: ='3. Back Up Non Aspal'!U116 -> 2 | N32: ='3. Back Up Non Aspal'!V116 -> 2 | O32: ='3. Back Up Non Aspal'!Y116 -> 250 | P32: ='3. Back Up Non Aspal'!Z116 -> 1 | Q32: ='3. Back Up Non Aspal'!AA116 -> 0 | R32: ='3. Back Up Non Aspal'!AB116 -> 1 | S32: ='3. Back Up Non Aspal'!AE116 -> 0 | T32: ='3. Back Up Non Aspal'!AH116 -> 0 | U32: ='3. Back Up Non Aspal'!AI116 -> 1
C33: =D32 -> 2200 | D33: =C33+100 -> 2300 | E33: 3 | F33: =(100/((D33-C33)*E33))*((I33*0.05)+(J33*0.05)+(K33*0.05)+(L33)+(O33)+(S33*1.5)+(T33*1)) -> 66.666667 | G33: =IF(F33<=25,"RB",IF(F33<=75,"RB",IF(F33<=100,"RB","RB"))) -> RB | H33: ='3. Back Up Non Aspal'!H124 -> 1 | I33: ='3. Back Up Non Aspal'!K124 -> 0 | J33: ='3. Back Up Non Aspal'!N124 -> 0 | K33: ='3. Back Up Non Aspal'!Q124 -> 0 | L33: ='3. Back Up Non Aspal'!T124 -> 0 | M33: ='3. Back Up Non Aspal'!U124 -> 3 | N33: ='3. Back Up Non Aspal'!V124 -> 2 | O33: ='3. Back Up Non Aspal'!Y124 -> 200 | P33: ='3. Back Up Non Aspal'!Z124 -> 1 | Q33: ='3. Back Up Non Aspal'!AA124 -> 0 | R33: ='3. Back Up Non Aspal'!AB124 -> 1 | S33: ='3. Back Up Non Aspal'!AE124 -> 0 | T33: ='3. Back Up Non Aspal'!AH124 -> 0 | U33: ='3. Back Up Non Aspal'!AI124 -> 1
C34: =D33 -> 2300 | D34: =C34+100 -> 2400 | E34: 3 | F34: =(100/((D34-C34)*E34))*((I34*0.05)+(J34*0.05)+(K34*0.05)+(L34)+(O34)+(S34*1.5)+(T34*1)) -> 83.333333 | G34: =IF(F34<=25,"RB",IF(F34<=75,"RB",IF(F34<=100,"RB","RB"))) -> RB | H34: ='3. Back Up Non Aspal'!H132 -> 1 | I34: ='3. Back Up Non Aspal'!K132 -> 0 | J34: ='3. Back Up Non Aspal'!N132 -> 0 | K34: ='3. Back Up Non Aspal'!Q132 -> 0 | L34: ='3. Back Up Non Aspal'!T132 -> 0 | M34: ='3. Back Up Non Aspal'!U132 -> 2 | N34: ='3. Back Up Non Aspal'!V132 -> 4 | O34: ='3. Back Up Non Aspal'!Y132 -> 250 | P34: ='3. Back Up Non Aspal'!Z132 -> 1 | Q34: ='3. Back Up Non Aspal'!AA132 -> 0 | R34: ='3. Back Up Non Aspal'!AB132 -> 1 | S34: ='3. Back Up Non Aspal'!AE132 -> 0 | T34: ='3. Back Up Non Aspal'!AH132 -> 0 | U34: ='3. Back Up Non Aspal'!AI132 -> 1
C35: =D34 -> 2400 | D35: =C35+100 -> 2500 | E35: 3 | F35: =(100/((D35-C35)*E35))*((I35*0.05)+(J35*0.05)+(K35*0.05)+(L35)+(O35)+(S35*1.5)+(T35*1)) -> 83.333333 | G35: =IF(F35<=25,"RB",IF(F35<=75,"RB",IF(F35<=100,"RB","RB"))) -> RB | H35: ='3. Back Up Non Aspal'!H140 -> 1 | I35: ='3. Back Up Non Aspal'!K140 -> 0 | J35: ='3. Back Up Non Aspal'!N140 -> 0 | K35: ='3. Back Up Non Aspal'!Q140 -> 0 | L35: ='3. Back Up Non Aspal'!T140 -> 0 | M35: ='3. Back Up Non Aspal'!U140 -> 2 | N35: ='3. Back Up Non Aspal'!V140 -> 3 | O35: ='3. Back Up Non Aspal'!Y140 -> 250 | P35: ='3. Back Up Non Aspal'!Z140 -> 1 | Q35: ='3. Back Up Non Aspal'!AA140 -> 0 | R35: ='3. Back Up Non Aspal'!AB140 -> 1 | S35: ='3. Back Up Non Aspal'!AE140 -> 0 | T35: ='3. Back Up Non Aspal'!AH140 -> 0 | U35: ='3. Back Up Non Aspal'!AI140 -> 1
C36: =D35 -> 2500 | D36: =C36+100 -> 2600 | E36: 3 | F36: =(100/((D36-C36)*E36))*((I36*0.05)+(J36*0.05)+(K36*0.05)+(L36)+(O36)+(S36*1.5)+(T36*1)) -> 91.666667 | G36: =IF(F36<=25,"RB",IF(F36<=75,"RB",IF(F36<=100,"RB","RB"))) -> RB | H36: ='3. Back Up Non Aspal'!H148 -> 1 | I36: ='3. Back Up Non Aspal'!K148 -> 0 | J36: ='3. Back Up Non Aspal'!N148 -> 0 | K36: ='3. Back Up Non Aspal'!Q148 -> 0 | L36: ='3. Back Up Non Aspal'!T148 -> 75 | M36: ='3. Back Up Non Aspal'!U148 -> 3 | N36: ='3. Back Up Non Aspal'!V148 -> 3 | O36: ='3. Back Up Non Aspal'!Y148 -> 200 | P36: ='3. Back Up Non Aspal'!Z148 -> 1 | Q36: ='3. Back Up Non Aspal'!AA148 -> 0 | R36: ='3. Back Up Non Aspal'!AB148 -> 1 | S36: ='3. Back Up Non Aspal'!AE148 -> 0 | T36: ='3. Back Up Non Aspal'!AH148 -> 0 | U36: ='3. Back Up Non Aspal'!AI148 -> 1
C37: =D36 -> 2600 | D37: =C37+100 -> 2700 | E37: 3 | F37: =(100/((D37-C37)*E37))*((I37*0.05)+(J37*0.05)+(K37*0.05)+(L37)+(O37)+(S37*1.5)+(T37*1)) -> 83.333333 | G37: =IF(F37<=25,"RB",IF(F37<=75,"RB",IF(F37<=100,"RB","RB"))) -> RB | H37: ='3. Back Up Non Aspal'!H156 -> 1 | I37: ='3. Back Up Non Aspal'!K156 -> 0 | J37: ='3. Back Up Non Aspal'!N156 -> 0 | K37: ='3. Back Up Non Aspal'!Q156 -> 0 | L37: ='3. Back Up Non Aspal'!T156 -> 0 | M37: ='3. Back Up Non Aspal'!U156 -> 3 | N37: ='3. Back Up Non Aspal'!V156 -> 3 | O37: ='3. Back Up Non Aspal'!Y156 -> 250 | P37: ='3. Back Up Non Aspal'!Z156 -> 1 | Q37: ='3. Back Up Non Aspal'!AA156 -> 0 | R37: ='3. Back Up Non Aspal'!AB156 -> 1 | S37: ='3. Back Up Non Aspal'!AE156 -> 0 | T37: ='3. Back Up Non Aspal'!AH156 -> 0 | U37: ='3. Back Up Non Aspal'!AI156 -> 1
C38: =D37 -> 2700 | D38: =C38+100 -> 2800 | E38: 3 | F38: =(100/((D38-C38)*E38))*((I38*0.05)+(J38*0.05)+(K38*0.05)+(L38)+(O38)+(S38*1.5)+(T38*1)) -> 83.333333 | G38: =IF(F38<=25,"RB",IF(F38<=75,"RB",IF(F38<=100,"RB","RB"))) -> RB | H38: ='3. Back Up Non Aspal'!H164 -> 1 | I38: ='3. Back Up Non Aspal'!K164 -> 0 | J38: ='3. Back Up Non Aspal'!N164 -> 0 | K38: ='3. Back Up Non Aspal'!Q164 -> 0 | L38: ='3. Back Up Non Aspal'!T164 -> 0 | M38: ='3. Back Up Non Aspal'!U164 -> 4 | N38: ='3. Back Up Non Aspal'!V164 -> 3 | O38: ='3. Back Up Non Aspal'!Y164 -> 250 | P38: ='3. Back Up Non Aspal'!Z164 -> 1 | Q38: ='3. Back Up Non Aspal'!AA164 -> 0 | R38: ='3. Back Up Non Aspal'!AB164 -> 1 | S38: ='3. Back Up Non Aspal'!AE164 -> 0 | T38: ='3. Back Up Non Aspal'!AH164 -> 0 | U38: ='3. Back Up Non Aspal'!AI164 -> 1
C39: =D38 -> 2800 | D39: =C39+100 -> 2900 | E39: 3 | F39: =(100/((D39-C39)*E39))*((I39*0.05)+(J39*0.05)+(K39*0.05)+(L39)+(O39)+(S39*1.5)+(T39*1)) -> 95.833333 | G39: =IF(F39<=25,"RB",IF(F39<=75,"RB",IF(F39<=100,"RB","RB"))) -> RB | H39: ='3. Back Up Non Aspal'!H172 -> 1 | I39: ='3. Back Up Non Aspal'!K172 -> 0 | J39: ='3. Back Up Non Aspal'!N172 -> 0 | K39: ='3. Back Up Non Aspal'!Q172 -> 0 | L39: ='3. Back Up Non Aspal'!T172 -> 37.5 | M39: ='3. Back Up Non Aspal'!U172 -> 2 | N39: ='3. Back Up Non Aspal'!V172 -> 3 | O39: ='3. Back Up Non Aspal'!Y172 -> 250 | P39: ='3. Back Up Non Aspal'!Z172 -> 1 | Q39: ='3. Back Up Non Aspal'!AA172 -> 0 | R39: ='3. Back Up Non Aspal'!AB172 -> 1 | S39: ='3. Back Up Non Aspal'!AE172 -> 0 | T39: ='3. Back Up Non Aspal'!AH172 -> 0 | U39: ='3. Back Up Non Aspal'!AI172 -> 1
C40: =D39 -> 2900 | D40: =C40+100 -> 3000 | E40: 3 | F40: =(100/((D40-C40)*E40))*((I40*0.05)+(J40*0.05)+(K40*0.05)+(L40)+(O40)+(S40*1.5)+(T40*1)) -> 33.333333 | G40: =IF(F40<=25,"RB",IF(F40<=75,"RB",IF(F40<=100,"RB","RB"))) -> RB | H40: ='3. Back Up Non Aspal'!H180 -> 1 | I40: ='3. Back Up Non Aspal'!K180 -> 0 | J40: ='3. Back Up Non Aspal'!N180 -> 0 | K40: ='3. Back Up Non Aspal'!Q180 -> 0 | L40: ='3. Back Up Non Aspal'!T180 -> 50 | M40: ='3. Back Up Non Aspal'!U180 -> 4 | N40: ='3. Back Up Non Aspal'!V180 -> 3 | O40: ='3. Back Up Non Aspal'!Y180 -> 50 | P40: ='3. Back Up Non Aspal'!Z180 -> 1 | Q40: ='3. Back Up Non Aspal'!AA180 -> 0 | R40: ='3. Back Up Non Aspal'!AB180 -> 1 | S40: ='3. Back Up Non Aspal'!AE180 -> 0 | T40: ='3. Back Up Non Aspal'!AH180 -> 0 | U40: ='3. Back Up Non Aspal'!AI180 -> 1
C41: =D40 -> 3000 | D41: =C41+100 -> 3100 | E41: 3 | F41: =(100/((D41-C41)*E41))*((I41*0.05)+(J41*0.05)+(K41*0.05)+(L41)+(O41)+(S41*1.5)+(T41*1)) -> 83.333333 | G41: =IF(F41<=25,"RB",IF(F41<=75,"RB",IF(F41<=100,"RB","RB"))) -> RB | H41: ='3. Back Up Non Aspal'!H188 -> 1 | I41: ='3. Back Up Non Aspal'!K188 -> 0 | J41: ='3. Back Up Non Aspal'!N188 -> 0 | K41: ='3. Back Up Non Aspal'!Q188 -> 0 | L41: ='3. Back Up Non Aspal'!T188 -> 0 | M41: ='3. Back Up Non Aspal'!U188 -> 4 | N41: ='3. Back Up Non Aspal'!V188 -> 4 | O41: ='3. Back Up Non Aspal'!Y188 -> 250 | P41: ='3. Back Up Non Aspal'!Z188 -> 1 | Q41: ='3. Back Up Non Aspal'!AA188 -> 0 | R41: ='3. Back Up Non Aspal'!AB188 -> 1 | S41: ='3. Back Up Non Aspal'!AE188 -> 0 | T41: ='3. Back Up Non Aspal'!AH188 -> 0 | U41: ='3. Back Up Non Aspal'!AI188 -> 1
C42: =D41 -> 3100 | D42: =C42+100 -> 3200 | E42: 3 | F42: =(100/((D42-C42)*E42))*((I42*0.05)+(J42*0.05)+(K42*0.05)+(L42)+(O42)+(S42*1.5)+(T42*1)) -> 83.333333 | G42: =IF(F42<=25,"RB",IF(F42<=75,"RB",IF(F42<=100,"RB","RB"))) -> RB | H42: ='3. Back Up Non Aspal'!H196 -> 1 | I42: ='3. Back Up Non Aspal'!K196 -> 0 | J42: ='3. Back Up Non Aspal'!N196 -> 0 | K42: ='3. Back Up Non Aspal'!Q196 -> 0 | L42: ='3. Back Up Non Aspal'!T196 -> 0 | M42: ='3. Back Up Non Aspal'!U196 -> 3 | N42: ='3. Back Up Non Aspal'!V196 -> 3 | O42: ='3. Back Up Non Aspal'!Y196 -> 250 | P42: ='3. Back Up Non Aspal'!Z196 -> 1 | Q42: ='3. Back Up Non Aspal'!AA196 -> 0 | R42: ='3. Back Up Non Aspal'!AB196 -> 1 | S42: ='3. Back Up Non Aspal'!AE196 -> 0 | T42: ='3. Back Up Non Aspal'!AH196 -> 0 | U42: ='3. Back Up Non Aspal'!AI196 -> 1
C43: =D42 -> 3200 | D43: =C43+100 -> 3300 | E43: 3 | F43: =(100/((D43-C43)*E43))*((I43*0.05)+(J43*0.05)+(K43*0.05)+(L43)+(O43)+(S43*1.5)+(T43*1)) -> 83.958333 | G43: =IF(F43<=25,"RB",IF(F43<=75,"RB",IF(F43<=100,"RB","RB"))) -> RB | H43: ='3. Back Up Non Aspal'!H204 -> 1 | I43: ='3. Back Up Non Aspal'!K204 -> 0 | J43: ='3. Back Up Non Aspal'!N204 -> 0 | K43: ='3. Back Up Non Aspal'!Q204 -> 37.5 | L43: ='3. Back Up Non Aspal'!T204 -> 0 | M43: ='3. Back Up Non Aspal'!U204 -> 1 | N43: ='3. Back Up Non Aspal'!V204 -> 1 | O43: ='3. Back Up Non Aspal'!Y204 -> 250 | P43: ='3. Back Up Non Aspal'!Z204 -> 1 | Q43: ='3. Back Up Non Aspal'!AA204 -> 0 | R43: ='3. Back Up Non Aspal'!AB204 -> 1 | S43: ='3. Back Up Non Aspal'!AE204 -> 0 | T43: ='3. Back Up Non Aspal'!AH204 -> 0 | U43: ='3. Back Up Non Aspal'!AI204 -> 1
C44: =D43 -> 3300 | D44: =C44+100 -> 3400 | E44: 3 | F44: =(100/((D44-C44)*E44))*((I44*0.05)+(J44*0.05)+(K44*0.05)+(L44)+(O44)+(S44*1.5)+(T44*1)) -> 83.333333 | G44: =IF(F44<=25,"RB",IF(F44<=75,"RB",IF(F44<=100,"RB","RB"))) -> RB | H44: ='3. Back Up Non Aspal'!H212 -> 1 | I44: ='3. Back Up Non Aspal'!K212 -> 0 | J44: ='3. Back Up Non Aspal'!N212 -> 0 | K44: ='3. Back Up Non Aspal'!Q212 -> 0 | L44: ='3. Back Up Non Aspal'!T212 -> 0 | M44: ='3. Back Up Non Aspal'!U212 -> 1 | N44: ='3. Back Up Non Aspal'!V212 -> 1 | O44: ='3. Back Up Non Aspal'!Y212 -> 250 | P44: ='3. Back Up Non Aspal'!Z212 -> 1 | Q44: ='3. Back Up Non Aspal'!AA212 -> 0 | R44: ='3. Back Up Non Aspal'!AB212 -> 1 | S44: ='3. Back Up Non Aspal'!AE212 -> 0 | T44: ='3. Back Up Non Aspal'!AH212 -> 0 | U44: ='3. Back Up Non Aspal'!AI212 -> 1
C45: =D44 -> 3400 | D45: =C45+100 -> 3500 | E45: 3 | F45: =(100/((D45-C45)*E45))*((I45*0.05)+(J45*0.05)+(K45*0.05)+(L45)+(O45)+(S45*1.5)+(T45*1)) -> 100 | G45: =IF(F45<=25,"RB",IF(F45<=75,"RB",IF(F45<=100,"RB","RB"))) -> RB | H45: ='3. Back Up Non Aspal'!H220 -> 1 | I45: ='3. Back Up Non Aspal'!K220 -> 0 | J45: ='3. Back Up Non Aspal'!N220 -> 0 | K45: ='3. Back Up Non Aspal'!Q220 -> 0 | L45: ='3. Back Up Non Aspal'!T220 -> 0 | M45: ='3. Back Up Non Aspal'!U220 -> 1 | N45: ='3. Back Up Non Aspal'!V220 -> 1 | O45: ='3. Back Up Non Aspal'!Y220 -> 300 | P45: ='3. Back Up Non Aspal'!Z220 -> 1 | Q45: ='3. Back Up Non Aspal'!AA220 -> 0 | R45: ='3. Back Up Non Aspal'!AB220 -> 1 | S45: ='3. Back Up Non Aspal'!AE220 -> 0 | T45: ='3. Back Up Non Aspal'!AH220 -> 0 | U45: ='3. Back Up Non Aspal'!AI220 -> 1
C46: =D45 -> 3500 | D46: =C46+100 -> 3600 | E46: 3 | F46: =(100/((D46-C46)*E46))*((I46*0.05)+(J46*0.05)+(K46*0.05)+(L46)+(O46)+(S46*1.5)+(T46*1)) -> 100 | G46: =IF(F46<=25,"RB",IF(F46<=75,"RB",IF(F46<=100,"RB","RB"))) -> RB | H46: ='3. Back Up Non Aspal'!H228 -> 1 | I46: ='3. Back Up Non Aspal'!K228 -> 0 | J46: ='3. Back Up Non Aspal'!N228 -> 0 | K46: ='3. Back Up Non Aspal'!Q228 -> 0 | L46: ='3. Back Up Non Aspal'!T228 -> 0 | M46: ='3. Back Up Non Aspal'!U228 -> 1 | N46: ='3. Back Up Non Aspal'!V228 -> 1 | O46: ='3. Back Up Non Aspal'!Y228 -> 300 | P46: ='3. Back Up Non Aspal'!Z228 -> 1 | Q46: ='3. Back Up Non Aspal'!AA228 -> 0 | R46: ='3. Back Up Non Aspal'!AB228 -> 1 | S46: ='3. Back Up Non Aspal'!AE228 -> 0 | T46: ='3. Back Up Non Aspal'!AH228 -> 0 | U46: ='3. Back Up Non Aspal'!AI228 -> 1
C47: =D46 -> 3600 | D47: =NOTE!L10 -> 3650 | E47: 3 | F47: =(100/((D47-C47)*E47))*((I47*0.05)+(J47*0.05)+(K47*0.05)+(L47)+(O47)+(S47*1.5)+(T47*1)) -> 0 | G47: =IF(F47<=25,"RB",IF(F47<=75,"RB",IF(F47<=100,"RB","RB"))) -> RB | H47: ='3. Back Up Non Aspal'!H236 -> 1 | I47: ='3. Back Up Non Aspal'!K236 -> 0 | J47: ='3. Back Up Non Aspal'!N236 -> 0 | K47: ='3. Back Up Non Aspal'!Q236 -> 0 | L47: ='3. Back Up Non Aspal'!T236 -> 0 | M47: ='3. Back Up Non Aspal'!U236 -> 1 | N47: ='3. Back Up Non Aspal'!V236 -> 1 | O47: ='3. Back Up Non Aspal'!Y236 -> 0 | P47: ='3. Back Up Non Aspal'!Z236 -> 1 | Q47: ='3. Back Up Non Aspal'!AA236 -> 0 | R47: ='3. Back Up Non Aspal'!AB236 -> 1 | S47: ='3. Back Up Non Aspal'!AE236 -> 0 | T47: ='3. Back Up Non Aspal'!AH236 -> 0 | U47: ='3. Back Up Non Aspal'!AI236 -> 1
C48: =NOTE!J12 -> 5200 | D48: =C48+100 -> 5300 | E48: 4 | F48: =(100/((D48-C48)*E48))*((I48*0.05)+(J48*0.05)+(K48*0.05)+(L48)+(O48)+(S48*1.5)+(T48*1)) -> 0 | G48: =IF(F48<=25,"RB",IF(F48<=75,"RB",IF(F48<=100,"RB","RB"))) -> RB | H48: ='3. Back Up Non Aspal'!H242 -> 1 | I48: ='3. Back Up Non Aspal'!K242 -> 0 | J48: ='3. Back Up Non Aspal'!N242 -> 0 | K48: ='3. Back Up Non Aspal'!Q242 -> 0 | L48: ='3. Back Up Non Aspal'!T242 -> 0 | M48: ='3. Back Up Non Aspal'!U242 -> 1 | N48: ='3. Back Up Non Aspal'!V242 -> 1 | O48: ='3. Back Up Non Aspal'!Y242 -> 0 | P48: ='3. Back Up Non Aspal'!Z242 -> 1 | Q48: ='3. Back Up Non Aspal'!AA242 -> 0 | R48: ='3. Back Up Non Aspal'!AB242 -> 1 | S48: ='3. Back Up Non Aspal'!AE242 -> 0 | T48: ='3. Back Up Non Aspal'!AH242 -> 0 | U48: ='3. Back Up Non Aspal'!AI242 -> 1
C49: =D48 -> 5300 | D49: =C49+100 -> 5400 | E49: 4 | F49: =(100/((D49-C49)*E49))*((I49*0.05)+(J49*0.05)+(K49*0.05)+(L49)+(O49)+(S49*1.5)+(T49*1)) -> 0 | G49: =IF(F49<=25,"RB",IF(F49<=75,"RB",IF(F49<=100,"RB","RB"))) -> RB | H49: ='3. Back Up Non Aspal'!H250 -> 1 | I49: ='3. Back Up Non Aspal'!K250 -> 0 | J49: ='3. Back Up Non Aspal'!N250 -> 0 | K49: ='3. Back Up Non Aspal'!Q250 -> 0 | L49: ='3. Back Up Non Aspal'!T250 -> 0 | M49: ='3. Back Up Non Aspal'!U250 -> 1 | N49: ='3. Back Up Non Aspal'!V250 -> 1 | O49: ='3. Back Up Non Aspal'!Y250 -> 0 | P49: ='3. Back Up Non Aspal'!Z250 -> 1 | Q49: ='3. Back Up Non Aspal'!AA250 -> 0 | R49: ='3. Back Up Non Aspal'!AB250 -> 1 | S49: ='3. Back Up Non Aspal'!AE250 -> 0 | T49: ='3. Back Up Non Aspal'!AH250 -> 0 | U49: ='3. Back Up Non Aspal'!AI250 -> 1
C50: =D49 -> 5400 | D50: =C50+100 -> 5500 | E50: 4 | F50: =(100/((D50-C50)*E50))*((I50*0.05)+(J50*0.05)+(K50*0.05)+(L50)+(O50)+(S50*1.5)+(T50*1)) -> 75 | G50: =IF(F50<=25,"RB",IF(F50<=75,"RB",IF(F50<=100,"RB","RB"))) -> RB | H50: ='3. Back Up Non Aspal'!H244 -> 1 | I50: ='3. Back Up Non Aspal'!K244 -> 0 | J50: ='3. Back Up Non Aspal'!N244 -> 0 | K50: ='3. Back Up Non Aspal'!Q244 -> 0 | L50: ='3. Back Up Non Aspal'!T244 -> 0 | M50: ='3. Back Up Non Aspal'!U244 -> 1 | N50: ='3. Back Up Non Aspal'!V244 -> 1 | O50: ='3. Back Up Non Aspal'!Y244 -> 300 | P50: ='3. Back Up Non Aspal'!Z244 -> 1 | Q50: ='3. Back Up Non Aspal'!AA244 -> 0 | R50: ='3. Back Up Non Aspal'!AB244 -> 1 | S50: ='3. Back Up Non Aspal'!AE244 -> 0 | T50: ='3. Back Up Non Aspal'!AH244 -> 0 | U50: ='3. Back Up Non Aspal'!AI244 -> 1
C51: =D50 -> 5500 | D51: =C51+100 -> 5600 | E51: 4 | F51: =(100/((D51-C51)*E51))*((I51*0.05)+(J51*0.05)+(K51*0.05)+(L51)+(O51)+(S51*1.5)+(T51*1)) -> 75 | G51: =IF(F51<=25,"RB",IF(F51<=75,"RB",IF(F51<=100,"RB","RB"))) -> RB | H51: ='3. Back Up Non Aspal'!H252 -> 1 | I51: ='3. Back Up Non Aspal'!K252 -> 0 | J51: ='3. Back Up Non Aspal'!N252 -> 0 | K51: ='3. Back Up Non Aspal'!Q252 -> 0 | L51: ='3. Back Up Non Aspal'!T252 -> 0 | M51: ='3. Back Up Non Aspal'!U252 -> 1 | N51: ='3. Back Up Non Aspal'!V252 -> 1 | O51: ='3. Back Up Non Aspal'!Y252 -> 300 | P51: ='3. Back Up Non Aspal'!Z252 -> 1 | Q51: ='3. Back Up Non Aspal'!AA252 -> 0 | R51: ='3. Back Up Non Aspal'!AB252 -> 1 | S51: ='3. Back Up Non Aspal'!AE252 -> 0 | T51: ='3. Back Up Non Aspal'!AH252 -> 0 | U51: ='3. Back Up Non Aspal'!AI252 -> 1
C52: =D51 -> 5600 | D52: =C52+100 -> 5700 | E52: 4 | F52: =(100/((D52-C52)*E52))*((I52*0.05)+(J52*0.05)+(K52*0.05)+(L52)+(O52)+(S52*1.5)+(T52*1)) -> 75 | G52: =IF(F52<=25,"RB",IF(F52<=75,"RB",IF(F52<=100,"RB","RB"))) -> RB | H52: ='3. Back Up Non Aspal'!H260 -> 1 | I52: ='3. Back Up Non Aspal'!K260 -> 0 | J52: ='3. Back Up Non Aspal'!N260 -> 0 | K52: ='3. Back Up Non Aspal'!Q260 -> 0 | L52: ='3. Back Up Non Aspal'!T260 -> 0 | M52: ='3. Back Up Non Aspal'!U260 -> 1 | N52: ='3. Back Up Non Aspal'!V260 -> 1 | O52: ='3. Back Up Non Aspal'!Y260 -> 300 | P52: ='3. Back Up Non Aspal'!Z260 -> 1 | Q52: ='3. Back Up Non Aspal'!AA260 -> 0 | R52: ='3. Back Up Non Aspal'!AB260 -> 1 | S52: ='3. Back Up Non Aspal'!AE260 -> 0 | T52: ='3. Back Up Non Aspal'!AH260 -> 0 | U52: ='3. Back Up Non Aspal'!AI260 -> 1
C53: =D52 -> 5700 | D53: =C53+100 -> 5800 | E53: 4 | F53: =(100/((D53-C53)*E53))*((I53*0.05)+(J53*0.05)+(K53*0.05)+(L53)+(O53)+(S53*1.5)+(T53*1)) -> 75 | G53: =IF(F53<=25,"RB",IF(F53<=75,"RB",IF(F53<=100,"RB","RB"))) -> RB | H53: ='3. Back Up Non Aspal'!H268 -> 1 | I53: ='3. Back Up Non Aspal'!K268 -> 0 | J53: ='3. Back Up Non Aspal'!N268 -> 0 | K53: ='3. Back Up Non Aspal'!Q268 -> 0 | L53: ='3. Back Up Non Aspal'!T268 -> 0 | M53: ='3. Back Up Non Aspal'!U268 -> 1 | N53: ='3. Back Up Non Aspal'!V268 -> 1 | O53: ='3. Back Up Non Aspal'!Y268 -> 300 | P53: ='3. Back Up Non Aspal'!Z268 -> 1 | Q53: ='3. Back Up Non Aspal'!AA268 -> 0 | R53: ='3. Back Up Non Aspal'!AB268 -> 1 | S53: ='3. Back Up Non Aspal'!AE268 -> 0 | T53: ='3. Back Up Non Aspal'!AH268 -> 0 | U53: ='3. Back Up Non Aspal'!AI268 -> 1
C54: =D53 -> 5800 | D54: =C54+100 -> 5900 | E54: 4 | F54: =(100/((D54-C54)*E54))*((I54*0.05)+(J54*0.05)+(K54*0.05)+(L54)+(O54)+(S54*1.5)+(T54*1)) -> 75 | G54: =IF(F54<=25,"RB",IF(F54<=75,"RB",IF(F54<=100,"RB","RB"))) -> RB | H54: ='3. Back Up Non Aspal'!H276 -> 1 | I54: ='3. Back Up Non Aspal'!K276 -> 0 | J54: ='3. Back Up Non Aspal'!N276 -> 0 | K54: ='3. Back Up Non Aspal'!Q276 -> 0 | L54: ='3. Back Up Non Aspal'!T276 -> 0 | M54: ='3. Back Up Non Aspal'!U276 -> 1 | N54: ='3. Back Up Non Aspal'!V276 -> 1 | O54: ='3. Back Up Non Aspal'!Y276 -> 300 | P54: ='3. Back Up Non Aspal'!Z276 -> 1 | Q54: ='3. Back Up Non Aspal'!AA276 -> 0 | R54: ='3. Back Up Non Aspal'!AB276 -> 1 | S54: ='3. Back Up Non Aspal'!AE276 -> 0 | T54: ='3. Back Up Non Aspal'!AH276 -> 0 | U54: ='3. Back Up Non Aspal'!AI276 -> 1
C55: =D54 -> 5900 | D55: =C55+100 -> 6000 | E55: 4 | F55: =(100/((D55-C55)*E55))*((I55*0.05)+(J55*0.05)+(K55*0.05)+(L55)+(O55)+(S55*1.5)+(T55*1)) -> 75 | G55: =IF(F55<=25,"RB",IF(F55<=75,"RB",IF(F55<=100,"RB","RB"))) -> RB | H55: ='3. Back Up Non Aspal'!H284 -> 1 | I55: ='3. Back Up Non Aspal'!K284 -> 0 | J55: ='3. Back Up Non Aspal'!N284 -> 0 | K55: ='3. Back Up Non Aspal'!Q284 -> 0 | L55: ='3. Back Up Non Aspal'!T284 -> 0 | M55: ='3. Back Up Non Aspal'!U284 -> 1 | N55: ='3. Back Up Non Aspal'!V284 -> 1 | O55: ='3. Back Up Non Aspal'!Y284 -> 300 | P55: ='3. Back Up Non Aspal'!Z284 -> 1 | Q55: ='3. Back Up Non Aspal'!AA284 -> 0 | R55: ='3. Back Up Non Aspal'!AB284 -> 1 | S55: ='3. Back Up Non Aspal'!AE284 -> 0 | T55: ='3. Back Up Non Aspal'!AH284 -> 0 | U55: ='3. Back Up Non Aspal'!AI284 -> 1
C56: =D55 -> 6000 | D56: =C56+100 -> 6100 | E56: 4 | F56: =(100/((D56-C56)*E56))*((I56*0.05)+(J56*0.05)+(K56*0.05)+(L56)+(O56)+(S56*1.5)+(T56*1)) -> 75 | G56: =IF(F56<=25,"RB",IF(F56<=75,"RB",IF(F56<=100,"RB","RB"))) -> RB | H56: ='3. Back Up Non Aspal'!H292 -> 1 | I56: ='3. Back Up Non Aspal'!K292 -> 0 | J56: ='3. Back Up Non Aspal'!N292 -> 0 | K56: ='3. Back Up Non Aspal'!Q292 -> 0 | L56: ='3. Back Up Non Aspal'!T292 -> 0 | M56: ='3. Back Up Non Aspal'!U292 -> 1 | N56: ='3. Back Up Non Aspal'!V292 -> 1 | O56: ='3. Back Up Non Aspal'!Y292 -> 300 | P56: ='3. Back Up Non Aspal'!Z292 -> 1 | Q56: ='3. Back Up Non Aspal'!AA292 -> 0 | R56: ='3. Back Up Non Aspal'!AB292 -> 1 | S56: ='3. Back Up Non Aspal'!AE292 -> 0 | T56: ='3. Back Up Non Aspal'!AH292 -> 0 | U56: ='3. Back Up Non Aspal'!AI292 -> 1
C57: =D56 -> 6100 | D57: =C57+100 -> 6200 | E57: 4 | F57: =(100/((D57-C57)*E57))*((I57*0.05)+(J57*0.05)+(K57*0.05)+(L57)+(O57)+(S57*1.5)+(T57*1)) -> 75 | G57: =IF(F57<=25,"RB",IF(F57<=75,"RB",IF(F57<=100,"RB","RB"))) -> RB | H57: ='3. Back Up Non Aspal'!H300 -> 1 | I57: ='3. Back Up Non Aspal'!K300 -> 0 | J57: ='3. Back Up Non Aspal'!N300 -> 0 | K57: ='3. Back Up Non Aspal'!Q300 -> 0 | L57: ='3. Back Up Non Aspal'!T300 -> 0 | M57: ='3. Back Up Non Aspal'!U300 -> 1 | N57: ='3. Back Up Non Aspal'!V300 -> 1 | O57: ='3. Back Up Non Aspal'!Y300 -> 300 | P57: ='3. Back Up Non Aspal'!Z300 -> 1 | Q57: ='3. Back Up Non Aspal'!AA300 -> 0 | R57: ='3. Back Up Non Aspal'!AB300 -> 1 | S57: ='3. Back Up Non Aspal'!AE300 -> 0 | T57: ='3. Back Up Non Aspal'!AH300 -> 0 | U57: ='3. Back Up Non Aspal'!AI300 -> 1
C58: =D57 -> 6200 | D58: =C58+100 -> 6300 | E58: 4 | F58: =(100/((D58-C58)*E58))*((I58*0.05)+(J58*0.05)+(K58*0.05)+(L58)+(O58)+(S58*1.5)+(T58*1)) -> 75 | G58: =IF(F58<=25,"RB",IF(F58<=75,"RB",IF(F58<=100,"RB","RB"))) -> RB | H58: ='3. Back Up Non Aspal'!H308 -> 1 | I58: ='3. Back Up Non Aspal'!K308 -> 0 | J58: ='3. Back Up Non Aspal'!N308 -> 0 | K58: ='3. Back Up Non Aspal'!Q308 -> 0 | L58: ='3. Back Up Non Aspal'!T308 -> 0 | M58: ='3. Back Up Non Aspal'!U308 -> 1 | N58: ='3. Back Up Non Aspal'!V308 -> 1 | O58: ='3. Back Up Non Aspal'!Y308 -> 300 | P58: ='3. Back Up Non Aspal'!Z308 -> 1 | Q58: ='3. Back Up Non Aspal'!AA308 -> 0 | R58: ='3. Back Up Non Aspal'!AB308 -> 1 | S58: ='3. Back Up Non Aspal'!AE308 -> 0 | T58: ='3. Back Up Non Aspal'!AH308 -> 0 | U58: ='3. Back Up Non Aspal'!AI308 -> 1
C59: =D58 -> 6300 | D59: =C59+100 -> 6400 | E59: 4 | F59: =(100/((D59-C59)*E59))*((I59*0.05)+(J59*0.05)+(K59*0.05)+(L59)+(O59)+(S59*1.5)+(T59*1)) -> 75 | G59: =IF(F59<=25,"RB",IF(F59<=75,"RB",IF(F59<=100,"RB","RB"))) -> RB | H59: ='3. Back Up Non Aspal'!H316 -> 1 | I59: ='3. Back Up Non Aspal'!K316 -> 0 | J59: ='3. Back Up Non Aspal'!N316 -> 0 | K59: ='3. Back Up Non Aspal'!Q316 -> 0 | L59: ='3. Back Up Non Aspal'!T316 -> 0 | M59: ='3. Back Up Non Aspal'!U316 -> 1 | N59: ='3. Back Up Non Aspal'!V316 -> 1 | O59: ='3. Back Up Non Aspal'!Y316 -> 300 | P59: ='3. Back Up Non Aspal'!Z316 -> 1 | Q59: ='3. Back Up Non Aspal'!AA316 -> 0 | R59: ='3. Back Up Non Aspal'!AB316 -> 1 | S59: ='3. Back Up Non Aspal'!AE316 -> 0 | T59: ='3. Back Up Non Aspal'!AH316 -> 0 | U59: ='3. Back Up Non Aspal'!AI316 -> 1
C60: =D59 -> 6400 | D60: =C60+100 -> 6500 | E60: 4 | F60: =(100/((D60-C60)*E60))*((I60*0.05)+(J60*0.05)+(K60*0.05)+(L60)+(O60)+(S60*1.5)+(T60*1)) -> 75 | G60: =IF(F60<=25,"RB",IF(F60<=75,"RB",IF(F60<=100,"RB","RB"))) -> RB | H60: ='3. Back Up Non Aspal'!H324 -> 1 | I60: ='3. Back Up Non Aspal'!K324 -> 0 | J60: ='3. Back Up Non Aspal'!N324 -> 0 | K60: ='3. Back Up Non Aspal'!Q324 -> 0 | L60: ='3. Back Up Non Aspal'!T324 -> 0 | M60: ='3. Back Up Non Aspal'!U324 -> 1 | N60: ='3. Back Up Non Aspal'!V324 -> 1 | O60: ='3. Back Up Non Aspal'!Y324 -> 300 | P60: ='3. Back Up Non Aspal'!Z324 -> 1 | Q60: ='3. Back Up Non Aspal'!AA324 -> 0 | R60: ='3. Back Up Non Aspal'!AB324 -> 1 | S60: ='3. Back Up Non Aspal'!AE324 -> 0 | T60: ='3. Back Up Non Aspal'!AH324 -> 0 | U60: ='3. Back Up Non Aspal'!AI324 -> 1
C61: =D60 -> 6500 | D61: =C61+100 -> 6600 | E61: 4 | F61: =(100/((D61-C61)*E61))*((I61*0.05)+(J61*0.05)+(K61*0.05)+(L61)+(O61)+(S61*1.5)+(T61*1)) -> 75 | G61: =IF(F61<=25,"RB",IF(F61<=75,"RB",IF(F61<=100,"RB","RB"))) -> RB | H61: ='3. Back Up Non Aspal'!H332 -> 1 | I61: ='3. Back Up Non Aspal'!K332 -> 0 | J61: ='3. Back Up Non Aspal'!N332 -> 0 | K61: ='3. Back Up Non Aspal'!Q332 -> 0 | L61: ='3. Back Up Non Aspal'!T332 -> 0 | M61: ='3. Back Up Non Aspal'!U332 -> 1 | N61: ='3. Back Up Non Aspal'!V332 -> 1 | O61: ='3. Back Up Non Aspal'!Y332 -> 300 | P61: ='3. Back Up Non Aspal'!Z332 -> 1 | Q61: ='3. Back Up Non Aspal'!AA332 -> 0 | R61: ='3. Back Up Non Aspal'!AB332 -> 1 | S61: ='3. Back Up Non Aspal'!AE332 -> 0 | T61: ='3. Back Up Non Aspal'!AH332 -> 0 | U61: ='3. Back Up Non Aspal'!AI332 -> 1
C62: =D61 -> 6600 | D62: =C62+100 -> 6700 | E62: 4 | F62: =(100/((D62-C62)*E62))*((I62*0.05)+(J62*0.05)+(K62*0.05)+(L62)+(O62)+(S62*1.5)+(T62*1)) -> 52.5 | G62: =IF(F62<=25,"RB",IF(F62<=75,"RB",IF(F62<=100,"RB","RB"))) -> RB | H62: ='3. Back Up Non Aspal'!H340 -> 1 | I62: ='3. Back Up Non Aspal'!K340 -> 0 | J62: ='3. Back Up Non Aspal'!N340 -> 0 | K62: ='3. Back Up Non Aspal'!Q340 -> 0 | L62: ='3. Back Up Non Aspal'!T340 -> 0 | M62: ='3. Back Up Non Aspal'!U340 -> 1 | N62: ='3. Back Up Non Aspal'!V340 -> 1 | O62: ='3. Back Up Non Aspal'!Y340 -> 210 | P62: ='3. Back Up Non Aspal'!Z340 -> 1 | Q62: ='3. Back Up Non Aspal'!AA340 -> 0 | R62: ='3. Back Up Non Aspal'!AB340 -> 1 | S62: ='3. Back Up Non Aspal'!AE340 -> 0 | T62: ='3. Back Up Non Aspal'!AH340 -> 0 | U62: ='3. Back Up Non Aspal'!AI340 -> 1
C63: =D62 -> 6700 | D63: =C63+100 -> 6800 | E63: 3 | F63: =(100/((D63-C63)*E63))*((I63*0.05)+(J63*0.05)+(K63*0.05)+(L63)+(O63)+(S63*1.5)+(T63*1)) -> 100 | G63: =IF(F63<=25,"RB",IF(F63<=75,"RB",IF(F63<=100,"RB","RB"))) -> RB | H63: ='3. Back Up Non Aspal'!H348 -> 1 | I63: ='3. Back Up Non Aspal'!K348 -> 0 | J63: ='3. Back Up Non Aspal'!N348 -> 0 | K63: ='3. Back Up Non Aspal'!Q348 -> 0 | L63: ='3. Back Up Non Aspal'!T348 -> 0 | M63: ='3. Back Up Non Aspal'!U348 -> 1 | N63: ='3. Back Up Non Aspal'!V348 -> 1 | O63: ='3. Back Up Non Aspal'!Y348 -> 300 | P63: ='3. Back Up Non Aspal'!Z348 -> 1 | Q63: ='3. Back Up Non Aspal'!AA348 -> 0 | R63: ='3. Back Up Non Aspal'!AB348 -> 1 | S63: ='3. Back Up Non Aspal'!AE348 -> 0 | T63: ='3. Back Up Non Aspal'!AH348 -> 0 | U63: ='3. Back Up Non Aspal'!AI348 -> 1
C64: =D63 -> 6800 | D64: =C64+100 -> 6900 | E64: 3 | F64: =(100/((D64-C64)*E64))*((I64*0.05)+(J64*0.05)+(K64*0.05)+(L64)+(O64)+(S64*1.5)+(T64*1)) -> 100 | G64: =IF(F64<=25,"RB",IF(F64<=75,"RB",IF(F64<=100,"RB","RB"))) -> RB | H64: ='3. Back Up Non Aspal'!H356 -> 1 | I64: ='3. Back Up Non Aspal'!K356 -> 0 | J64: ='3. Back Up Non Aspal'!N356 -> 0 | K64: ='3. Back Up Non Aspal'!Q356 -> 0 | L64: ='3. Back Up Non Aspal'!T356 -> 0 | M64: ='3. Back Up Non Aspal'!U356 -> 1 | N64: ='3. Back Up Non Aspal'!V356 -> 1 | O64: ='3. Back Up Non Aspal'!Y356 -> 300 | P64: ='3. Back Up Non Aspal'!Z356 -> 1 | Q64: ='3. Back Up Non Aspal'!AA356 -> 0 | R64: ='3. Back Up Non Aspal'!AB356 -> 1 | S64: ='3. Back Up Non Aspal'!AE356 -> 0 | T64: ='3. Back Up Non Aspal'!AH356 -> 0 | U64: ='3. Back Up Non Aspal'!AI356 -> 1
C65: =D64 -> 6900 | D65: =C65+100 -> 7000 | E65: 3 | F65: =(100/((D65-C65)*E65))*((I65*0.05)+(J65*0.05)+(K65*0.05)+(L65)+(O65)+(S65*1.5)+(T65*1)) -> 100 | G65: =IF(F65<=25,"RB",IF(F65<=75,"RB",IF(F65<=100,"RB","RB"))) -> RB | H65: ='3. Back Up Non Aspal'!H364 -> 1 | I65: ='3. Back Up Non Aspal'!K364 -> 0 | J65: ='3. Back Up Non Aspal'!N364 -> 0 | K65: ='3. Back Up Non Aspal'!Q364 -> 0 | L65: ='3. Back Up Non Aspal'!T364 -> 0 | M65: ='3. Back Up Non Aspal'!U364 -> 1 | N65: ='3. Back Up Non Aspal'!V364 -> 1 | O65: ='3. Back Up Non Aspal'!Y364 -> 300 | P65: ='3. Back Up Non Aspal'!Z364 -> 1 | Q65: ='3. Back Up Non Aspal'!AA364 -> 0 | R65: ='3. Back Up Non Aspal'!AB364 -> 1 | S65: ='3. Back Up Non Aspal'!AE364 -> 0 | T65: ='3. Back Up Non Aspal'!AH364 -> 0 | U65: ='3. Back Up Non Aspal'!AI364 -> 1
C66: =D65 -> 7000 | D66: =C66+100 -> 7100 | E66: 4 | F66: =(100/((D66-C66)*E66))*((I66*0.05)+(J66*0.05)+(K66*0.05)+(L66)+(O66)+(S66*1.5)+(T66*1)) -> 45 | G66: =IF(F66<=25,"RB",IF(F66<=75,"RB",IF(F66<=100,"RB","RB"))) -> RB | H66: ='3. Back Up Non Aspal'!H372 -> 1 | I66: ='3. Back Up Non Aspal'!K372 -> 0 | J66: ='3. Back Up Non Aspal'!N372 -> 0 | K66: ='3. Back Up Non Aspal'!Q372 -> 0 | L66: ='3. Back Up Non Aspal'!T372 -> 0 | M66: ='3. Back Up Non Aspal'!U372 -> 1 | N66: ='3. Back Up Non Aspal'!V372 -> 1 | O66: ='3. Back Up Non Aspal'!Y372 -> 180 | P66: ='3. Back Up Non Aspal'!Z372 -> 1 | Q66: ='3. Back Up Non Aspal'!AA372 -> 0 | R66: ='3. Back Up Non Aspal'!AB372 -> 1 | S66: ='3. Back Up Non Aspal'!AE372 -> 0 | T66: ='3. Back Up Non Aspal'!AH372 -> 0 | U66: ='3. Back Up Non Aspal'!AI372 -> 1
C67: =D66 -> 7100 | D67: =C67+100 -> 7200 | E67: 4 | F67: =(100/((D67-C67)*E67))*((I67*0.05)+(J67*0.05)+(K67*0.05)+(L67)+(O67)+(S67*1.5)+(T67*1)) -> 75 | G67: =IF(F67<=25,"RB",IF(F67<=75,"RB",IF(F67<=100,"RB","RB"))) -> RB | H67: ='3. Back Up Non Aspal'!H380 -> 1 | I67: ='3. Back Up Non Aspal'!K380 -> 0 | J67: ='3. Back Up Non Aspal'!N380 -> 0 | K67: ='3. Back Up Non Aspal'!Q380 -> 0 | L67: ='3. Back Up Non Aspal'!T380 -> 0 | M67: ='3. Back Up Non Aspal'!U380 -> 1 | N67: ='3. Back Up Non Aspal'!V380 -> 1 | O67: ='3. Back Up Non Aspal'!Y380 -> 300 | P67: ='3. Back Up Non Aspal'!Z380 -> 1 | Q67: ='3. Back Up Non Aspal'!AA380 -> 0 | R67: ='3. Back Up Non Aspal'!AB380 -> 1 | S67: ='3. Back Up Non Aspal'!AE380 -> 0 | T67: ='3. Back Up Non Aspal'!AH380 -> 0 | U67: ='3. Back Up Non Aspal'!AI380 -> 1
C68: =D67 -> 7200 | D68: =C68+100 -> 7300 | E68: 4 | F68: =(100/((D68-C68)*E68))*((I68*0.05)+(J68*0.05)+(K68*0.05)+(L68)+(O68)+(S68*1.5)+(T68*1)) -> 75 | G68: =IF(F68<=25,"RB",IF(F68<=75,"RB",IF(F68<=100,"RB","RB"))) -> RB | H68: ='3. Back Up Non Aspal'!H388 -> 1 | I68: ='3. Back Up Non Aspal'!K388 -> 0 | J68: ='3. Back Up Non Aspal'!N388 -> 0 | K68: ='3. Back Up Non Aspal'!Q388 -> 0 | L68: ='3. Back Up Non Aspal'!T388 -> 0 | M68: ='3. Back Up Non Aspal'!U388 -> 1 | N68: ='3. Back Up Non Aspal'!V388 -> 1 | O68: ='3. Back Up Non Aspal'!Y388 -> 300 | P68: ='3. Back Up Non Aspal'!Z388 -> 1 | Q68: ='3. Back Up Non Aspal'!AA388 -> 0 | R68: ='3. Back Up Non Aspal'!AB388 -> 1 | S68: ='3. Back Up Non Aspal'!AE388 -> 0 | T68: ='3. Back Up Non Aspal'!AH388 -> 0 | U68: ='3. Back Up Non Aspal'!AI388 -> 1
C69: =D68 -> 7300 | D69: =C69+100 -> 7400 | E69: 4 | F69: =(100/((D69-C69)*E69))*((I69*0.05)+(J69*0.05)+(K69*0.05)+(L69)+(O69)+(S69*1.5)+(T69*1)) -> 0 | G69: =IF(F69<=25,"RB",IF(F69<=75,"RB",IF(F69<=100,"RB","RB"))) -> RB | H69: ='3. Back Up Non Aspal'!H396 -> 1 | I69: ='3. Back Up Non Aspal'!K396 -> 0 | J69: ='3. Back Up Non Aspal'!N396 -> 0 | K69: ='3. Back Up Non Aspal'!Q396 -> 0 | L69: ='3. Back Up Non Aspal'!T396 -> 0 | M69: ='3. Back Up Non Aspal'!U396 -> 1 | N69: ='3. Back Up Non Aspal'!V396 -> 1 | O69: ='3. Back Up Non Aspal'!Y396 -> 0 | P69: ='3. Back Up Non Aspal'!Z396 -> 1 | Q69: ='3. Back Up Non Aspal'!AA396 -> 0 | R69: ='3. Back Up Non Aspal'!AB396 -> 1 | S69: ='3. Back Up Non Aspal'!AE396 -> 0 | T69: ='3. Back Up Non Aspal'!AH396 -> 0 | U69: ='3. Back Up Non Aspal'!AI396 -> 1
C70: =D69 -> 7400 | D70: =C70+100 -> 7500 | E70: 4 | F70: =(100/((D70-C70)*E70))*((I70*0.05)+(J70*0.05)+(K70*0.05)+(L70)+(O70)+(S70*1.5)+(T70*1)) -> 75 | G70: =IF(F70<=25,"RB",IF(F70<=75,"RB",IF(F70<=100,"RB","RB"))) -> RB | H70: ='3. Back Up Non Aspal'!H404 -> 1 | I70: ='3. Back Up Non Aspal'!K404 -> 0 | J70: ='3. Back Up Non Aspal'!N404 -> 0 | K70: ='3. Back Up Non Aspal'!Q404 -> 0 | L70: ='3. Back Up Non Aspal'!T404 -> 0 | M70: ='3. Back Up Non Aspal'!U404 -> 1 | N70: ='3. Back Up Non Aspal'!V404 -> 1 | O70: ='3. Back Up Non Aspal'!Y404 -> 300 | P70: ='3. Back Up Non Aspal'!Z404 -> 1 | Q70: ='3. Back Up Non Aspal'!AA404 -> 0 | R70: ='3. Back Up Non Aspal'!AB404 -> 1 | S70: ='3. Back Up Non Aspal'!AE404 -> 0 | T70: ='3. Back Up Non Aspal'!AH404 -> 0 | U70: ='3. Back Up Non Aspal'!AI404 -> 1
C71: =D70 -> 7500 | D71: =C71+100 -> 7600 | E71: 4 | F71: =(100/((D71-C71)*E71))*((I71*0.05)+(J71*0.05)+(K71*0.05)+(L71)+(O71)+(S71*1.5)+(T71*1)) -> 75 | G71: =IF(F71<=25,"RB",IF(F71<=75,"RB",IF(F71<=100,"RB","RB"))) -> RB | H71: ='3. Back Up Non Aspal'!H412 -> 1 | I71: ='3. Back Up Non Aspal'!K412 -> 0 | J71: ='3. Back Up Non Aspal'!N412 -> 0 | K71: ='3. Back Up Non Aspal'!Q412 -> 0 | L71: ='3. Back Up Non Aspal'!T412 -> 0 | M71: ='3. Back Up Non Aspal'!U412 -> 1 | N71: ='3. Back Up Non Aspal'!V412 -> 1 | O71: ='3. Back Up Non Aspal'!Y412 -> 300 | P71: ='3. Back Up Non Aspal'!Z412 -> 1 | Q71: ='3. Back Up Non Aspal'!AA412 -> 0 | R71: ='3. Back Up Non Aspal'!AB412 -> 1 | S71: ='3. Back Up Non Aspal'!AE412 -> 0 | T71: ='3. Back Up Non Aspal'!AH412 -> 0 | U71: ='3. Back Up Non Aspal'!AI412 -> 1
C72: =D71 -> 7600 | D72: =C72+100 -> 7700 | E72: 4 | F72: =(100/((D72-C72)*E72))*((I72*0.05)+(J72*0.05)+(K72*0.05)+(L72)+(O72)+(S72*1.5)+(T72*1)) -> 75 | G72: =IF(F72<=25,"RB",IF(F72<=75,"RB",IF(F72<=100,"RB","RB"))) -> RB | H72: ='3. Back Up Non Aspal'!H420 -> 1 | I72: ='3. Back Up Non Aspal'!K420 -> 0 | J72: ='3. Back Up Non Aspal'!N420 -> 0 | K72: ='3. Back Up Non Aspal'!Q420 -> 0 | L72: ='3. Back Up Non Aspal'!T420 -> 0 | M72: ='3. Back Up Non Aspal'!U420 -> 1 | N72: ='3. Back Up Non Aspal'!V420 -> 1 | O72: ='3. Back Up Non Aspal'!Y420 -> 300 | P72: ='3. Back Up Non Aspal'!Z420 -> 1 | Q72: ='3. Back Up Non Aspal'!AA420 -> 0 | R72: ='3. Back Up Non Aspal'!AB420 -> 1 | S72: ='3. Back Up Non Aspal'!AE420 -> 0 | T72: ='3. Back Up Non Aspal'!AH420 -> 0 | U72: ='3. Back Up Non Aspal'!AI420 -> 1
C73: =D72 -> 7700 | D73: =C73+100 -> 7800 | E73: 4 | F73: =(100/((D73-C73)*E73))*((I73*0.05)+(J73*0.05)+(K73*0.05)+(L73)+(O73)+(S73*1.5)+(T73*1)) -> 75 | G73: =IF(F73<=25,"RB",IF(F73<=75,"RB",IF(F73<=100,"RB","RB"))) -> RB | H73: ='3. Back Up Non Aspal'!H428 -> 1 | I73: ='3. Back Up Non Aspal'!K428 -> 0 | J73: ='3. Back Up Non Aspal'!N428 -> 0 | K73: ='3. Back Up Non Aspal'!Q428 -> 0 | L73: ='3. Back Up Non Aspal'!T428 -> 0 | M73: ='3. Back Up Non Aspal'!U428 -> 1 | N73: ='3. Back Up Non Aspal'!V428 -> 1 | O73: ='3. Back Up Non Aspal'!Y428 -> 300 | P73: ='3. Back Up Non Aspal'!Z428 -> 1 | Q73: ='3. Back Up Non Aspal'!AA428 -> 0 | R73: ='3. Back Up Non Aspal'!AB428 -> 1 | S73: ='3. Back Up Non Aspal'!AE428 -> 0 | T73: ='3. Back Up Non Aspal'!AH428 -> 0 | U73: ='3. Back Up Non Aspal'!AI428 -> 1
C74: =D73 -> 7800 | D74: =C74+100 -> 7900 | E74: 4 | F74: =(100/((D74-C74)*E74))*((I74*0.05)+(J74*0.05)+(K74*0.05)+(L74)+(O74)+(S74*1.5)+(T74*1)) -> 75 | G74: =IF(F74<=25,"RB",IF(F74<=75,"RB",IF(F74<=100,"RB","RB"))) -> RB | H74: ='3. Back Up Non Aspal'!H436 -> 1 | I74: ='3. Back Up Non Aspal'!K436 -> 0 | J74: ='3. Back Up Non Aspal'!N436 -> 0 | K74: ='3. Back Up Non Aspal'!Q436 -> 0 | L74: ='3. Back Up Non Aspal'!T436 -> 0 | M74: ='3. Back Up Non Aspal'!U436 -> 1 | N74: ='3. Back Up Non Aspal'!V436 -> 1 | O74: ='3. Back Up Non Aspal'!Y436 -> 300 | P74: ='3. Back Up Non Aspal'!Z436 -> 1 | Q74: ='3. Back Up Non Aspal'!AA436 -> 0 | R74: ='3. Back Up Non Aspal'!AB436 -> 1 | S74: ='3. Back Up Non Aspal'!AE436 -> 0 | T74: ='3. Back Up Non Aspal'!AH436 -> 0 | U74: ='3. Back Up Non Aspal'!AI436 -> 1
C75: =D74 -> 7900 | D75: =C75+100 -> 8000 | E75: 4 | F75: =(100/((D75-C75)*E75))*((I75*0.05)+(J75*0.05)+(K75*0.05)+(L75)+(O75)+(S75*1.5)+(T75*1)) -> 75 | G75: =IF(F75<=25,"RB",IF(F75<=75,"RB",IF(F75<=100,"RB","RB"))) -> RB | H75: ='3. Back Up Non Aspal'!H444 -> 1 | I75: ='3. Back Up Non Aspal'!K444 -> 0 | J75: ='3. Back Up Non Aspal'!N444 -> 0 | K75: ='3. Back Up Non Aspal'!Q444 -> 0 | L75: ='3. Back Up Non Aspal'!T444 -> 0 | M75: ='3. Back Up Non Aspal'!U444 -> 1 | N75: ='3. Back Up Non Aspal'!V444 -> 1 | O75: ='3. Back Up Non Aspal'!Y444 -> 300 | P75: ='3. Back Up Non Aspal'!Z444 -> 1 | Q75: ='3. Back Up Non Aspal'!AA444 -> 0 | R75: ='3. Back Up Non Aspal'!AB444 -> 1 | S75: ='3. Back Up Non Aspal'!AE444 -> 0 | T75: ='3. Back Up Non Aspal'!AH444 -> 0 | U75: ='3. Back Up Non Aspal'!AI444 -> 1
C76: =D75 -> 8000 | D76: =C76+100 -> 8100 | E76: 4 | F76: =(100/((D76-C76)*E76))*((I76*0.05)+(J76*0.05)+(K76*0.05)+(L76)+(O76)+(S76*1.5)+(T76*1)) -> 78.75 | G76: =IF(F76<=25,"RB",IF(F76<=75,"RB",IF(F76<=100,"RB","RB"))) -> RB | H76: ='3. Back Up Non Aspal'!H452 -> 1 | I76: ='3. Back Up Non Aspal'!K452 -> 0 | J76: ='3. Back Up Non Aspal'!N452 -> 0 | K76: ='3. Back Up Non Aspal'!Q452 -> 0 | L76: ='3. Back Up Non Aspal'!T452 -> 15 | M76: ='3. Back Up Non Aspal'!U452 -> 1 | N76: ='3. Back Up Non Aspal'!V452 -> 1 | O76: ='3. Back Up Non Aspal'!Y452 -> 300 | P76: ='3. Back Up Non Aspal'!Z452 -> 1 | Q76: ='3. Back Up Non Aspal'!AA452 -> 0 | R76: ='3. Back Up Non Aspal'!AB452 -> 1 | S76: ='3. Back Up Non Aspal'!AE452 -> 0 | T76: ='3. Back Up Non Aspal'!AH452 -> 0 | U76: ='3. Back Up Non Aspal'!AI452 -> 1
C77: =D76 -> 8100 | D77: =NOTE!L12 -> 8150 | E77: 4 | F77: =(100/((D77-C77)*E77))*((I77*0.05)+(J77*0.05)+(K77*0.05)+(L77)+(O77)+(S77*1.5)+(T77*1)) -> 0 | G77: =IF(F77<=25,"RB",IF(F77<=75,"RB",IF(F77<=100,"RB","RB"))) -> RB | H77: ='3. Back Up Non Aspal'!H460 -> 1 | I77: ='3. Back Up Non Aspal'!K460 -> 0 | J77: ='3. Back Up Non Aspal'!N460 -> 0 | K77: ='3. Back Up Non Aspal'!Q460 -> 0 | L77: ='3. Back Up Non Aspal'!T460 -> 0 | M77: ='3. Back Up Non Aspal'!U460 -> 1 | N77: ='3. Back Up Non Aspal'!V460 -> 1 | O77: ='3. Back Up Non Aspal'!Y460 -> 0 | P77: ='3. Back Up Non Aspal'!Z460 -> 1 | Q77: ='3. Back Up Non Aspal'!AA460 -> 0 | R77: ='3. Back Up Non Aspal'!AB460 -> 1 | S77: ='3. Back Up Non Aspal'!AE460 -> 0 | T77: ='3. Back Up Non Aspal'!AH460 -> 0 | U77: ='3. Back Up Non Aspal'!AI460 -> 1
C78: =NOTE!J14 -> 8960 | D78: 9000 | E78: 3 | F78: =(100/((D78-C78)*E78))*((I78*0.05)+(J78*0.05)+(K78*0.05)+(L78)+(O78)+(S78*1.5)+(T78*1)) -> 50 | G78: =IF(F78<=25,"RB",IF(F78<=75,"RB",IF(F78<=100,"RB","RB"))) -> RB | H78: ='3. Back Up Non Aspal'!H468 -> 1 | I78: ='3. Back Up Non Aspal'!K468 -> 0 | J78: ='3. Back Up Non Aspal'!N468 -> 0 | K78: ='3. Back Up Non Aspal'!Q468 -> 0 | L78: ='3. Back Up Non Aspal'!T468 -> 0 | M78: ='3. Back Up Non Aspal'!U468 -> 1 | N78: ='3. Back Up Non Aspal'!V468 -> 1 | O78: ='3. Back Up Non Aspal'!Y468 -> 60 | P78: ='3. Back Up Non Aspal'!Z468 -> 1 | Q78: ='3. Back Up Non Aspal'!AA468 -> 0 | R78: ='3. Back Up Non Aspal'!AB468 -> 1 | S78: ='3. Back Up Non Aspal'!AE468 -> 0 | T78: ='3. Back Up Non Aspal'!AH468 -> 0 | U78: ='3. Back Up Non Aspal'!AI468 -> 1
C79: =D78 -> 9000 | D79: =C79+100 -> 9100 | E79: 3 | F79: =(100/((D79-C79)*E79))*((I79*0.05)+(J79*0.05)+(K79*0.05)+(L79)+(O79)+(S79*1.5)+(T79*1)) -> 100 | G79: =IF(F79<=25,"RB",IF(F79<=75,"RB",IF(F79<=100,"RB","RB"))) -> RB | H79: ='3. Back Up Non Aspal'!H476 -> 1 | I79: ='3. Back Up Non Aspal'!K476 -> 0 | J79: ='3. Back Up Non Aspal'!N476 -> 0 | K79: ='3. Back Up Non Aspal'!Q476 -> 0 | L79: ='3. Back Up Non Aspal'!T476 -> 0 | M79: ='3. Back Up Non Aspal'!U476 -> 1 | N79: ='3. Back Up Non Aspal'!V476 -> 1 | O79: ='3. Back Up Non Aspal'!Y476 -> 300 | P79: ='3. Back Up Non Aspal'!Z476 -> 1 | Q79: ='3. Back Up Non Aspal'!AA476 -> 0 | R79: ='3. Back Up Non Aspal'!AB476 -> 1 | S79: ='3. Back Up Non Aspal'!AE476 -> 0 | T79: ='3. Back Up Non Aspal'!AH476 -> 0 | U79: ='3. Back Up Non Aspal'!AI476 -> 1
C80: =D79 -> 9100 | D80: =C80+100 -> 9200 | E80: 3 | F80: =(100/((D80-C80)*E80))*((I80*0.05)+(J80*0.05)+(K80*0.05)+(L80)+(O80)+(S80*1.5)+(T80*1)) -> 66.666667 | G80: =IF(F80<=25,"RB",IF(F80<=75,"RB",IF(F80<=100,"RB","RB"))) -> RB | H80: ='3. Back Up Non Aspal'!H484 -> 1 | I80: ='3. Back Up Non Aspal'!K484 -> 0 | J80: ='3. Back Up Non Aspal'!N484 -> 0 | K80: ='3. Back Up Non Aspal'!Q484 -> 0 | L80: ='3. Back Up Non Aspal'!T484 -> 0 | M80: ='3. Back Up Non Aspal'!U484 -> 1 | N80: ='3. Back Up Non Aspal'!V484 -> 1 | O80: ='3. Back Up Non Aspal'!Y484 -> 200 | P80: ='3. Back Up Non Aspal'!Z484 -> 1 | Q80: ='3. Back Up Non Aspal'!AA484 -> 0 | R80: ='3. Back Up Non Aspal'!AB484 -> 1 | S80: ='3. Back Up Non Aspal'!AE484 -> 0 | T80: ='3. Back Up Non Aspal'!AH484 -> 0 | U80: ='3. Back Up Non Aspal'!AI484 -> 1
C81: =D80 -> 9200 | D81: =NOTE!L14 -> 9280 | E81: 3 | F81: =(100/((D81-C81)*E81))*((I81*0.05)+(J81*0.05)+(K81*0.05)+(L81)+(O81)+(S81*1.5)+(T81*1)) -> 50 | G81: =IF(F81<=25,"RB",IF(F81<=75,"RB",IF(F81<=100,"RB","RB"))) -> RB | H81: ='3. Back Up Non Aspal'!H492 -> 1 | I81: ='3. Back Up Non Aspal'!K492 -> 0 | J81: ='3. Back Up Non Aspal'!N492 -> 0 | K81: ='3. Back Up Non Aspal'!Q492 -> 0 | L81: ='3. Back Up Non Aspal'!T492 -> 60 | M81: ='3. Back Up Non Aspal'!U492 -> 1 | N81: ='3. Back Up Non Aspal'!V492 -> 1 | O81: ='3. Back Up Non Aspal'!Y492 -> 60 | P81: ='3. Back Up Non Aspal'!Z492 -> 1 | Q81: ='3. Back Up Non Aspal'!AA492 -> 0 | R81: ='3. Back Up Non Aspal'!AB492 -> 1 | S81: ='3. Back Up Non Aspal'!AE492 -> 0 | T81: ='3. Back Up Non Aspal'!AH492 -> 0 | U81: ='3. Back Up Non Aspal'!AI492 -> 1
C82: =NOTE!J16 -> 9960 | D82: 10000 | E82: 3 | F82: =(100/((D82-C82)*E82))*((I82*0.05)+(J82*0.05)+(K82*0.05)+(L82)+(O82)+(S82*1.5)+(T82*1)) -> 225 | G82: =IF(F82<=25,"RB",IF(F82<=75,"RB",IF(F82<=100,"RB","RB"))) -> RB | H82: ='3. Back Up Non Aspal'!H500 -> 1 | I82: ='3. Back Up Non Aspal'!K500 -> 0 | J82: ='3. Back Up Non Aspal'!N500 -> 0 | K82: ='3. Back Up Non Aspal'!Q500 -> 0 | L82: ='3. Back Up Non Aspal'!T500 -> 30 | M82: ='3. Back Up Non Aspal'!U500 -> 1 | N82: ='3. Back Up Non Aspal'!V500 -> 1 | O82: ='3. Back Up Non Aspal'!Y500 -> 240 | P82: ='3. Back Up Non Aspal'!Z500 -> 1 | Q82: ='3. Back Up Non Aspal'!AA500 -> 0 | R82: ='3. Back Up Non Aspal'!AB500 -> 1 | S82: ='3. Back Up Non Aspal'!AE500 -> 0 | T82: ='3. Back Up Non Aspal'!AH500 -> 0 | U82: ='3. Back Up Non Aspal'!AI500 -> 1
C83: =D82 -> 10000 | D83: =C83+100 -> 10100 | E83: 3 | F83: =(100/((D83-C83)*E83))*((I83*0.05)+(J83*0.05)+(K83*0.05)+(L83)+(O83)+(S83*1.5)+(T83*1)) -> 66.666667 | G83: =IF(F83<=25,"RB",IF(F83<=75,"RB",IF(F83<=100,"RB","RB"))) -> RB | H83: ='3. Back Up Non Aspal'!H508 -> 1 | I83: ='3. Back Up Non Aspal'!K508 -> 0 | J83: ='3. Back Up Non Aspal'!N508 -> 0 | K83: ='3. Back Up Non Aspal'!Q508 -> 0 | L83: ='3. Back Up Non Aspal'!T508 -> 0 | M83: ='3. Back Up Non Aspal'!U508 -> 1 | N83: ='3. Back Up Non Aspal'!V508 -> 1 | O83: ='3. Back Up Non Aspal'!Y508 -> 200 | P83: ='3. Back Up Non Aspal'!Z508 -> 1 | Q83: ='3. Back Up Non Aspal'!AA508 -> 0 | R83: ='3. Back Up Non Aspal'!AB508 -> 1 | S83: ='3. Back Up Non Aspal'!AE508 -> 0 | T83: ='3. Back Up Non Aspal'!AH508 -> 0 | U83: ='3. Back Up Non Aspal'!AI508 -> 1
C84: =D83 -> 10100 | D84: =C84+100 -> 10200 | E84: 3 | F84: =(100/((D84-C84)*E84))*((I84*0.05)+(J84*0.05)+(K84*0.05)+(L84)+(O84)+(S84*1.5)+(T84*1)) -> 66.666667 | G84: =IF(F84<=25,"RB",IF(F84<=75,"RB",IF(F84<=100,"RB","RB"))) -> RB | H84: ='3. Back Up Non Aspal'!H516 -> 1 | I84: ='3. Back Up Non Aspal'!K516 -> 0 | J84: ='3. Back Up Non Aspal'!N516 -> 0 | K84: ='3. Back Up Non Aspal'!Q516 -> 0 | L84: ='3. Back Up Non Aspal'!T516 -> 0 | M84: ='3. Back Up Non Aspal'!U516 -> 1 | N84: ='3. Back Up Non Aspal'!V516 -> 1 | O84: ='3. Back Up Non Aspal'!Y516 -> 200 | P84: ='3. Back Up Non Aspal'!Z516 -> 1 | Q84: ='3. Back Up Non Aspal'!AA516 -> 0 | R84: ='3. Back Up Non Aspal'!AB516 -> 1 | S84: ='3. Back Up Non Aspal'!AE516 -> 0 | T84: ='3. Back Up Non Aspal'!AH516 -> 0 | U84: ='3. Back Up Non Aspal'!AI516 -> 1
C85: =D84 -> 10200 | D85: =C85+100 -> 10300 | E85: 3 | F85: =(100/((D85-C85)*E85))*((I85*0.05)+(J85*0.05)+(K85*0.05)+(L85)+(O85)+(S85*1.5)+(T85*1)) -> 83.333333 | G85: =IF(F85<=25,"RB",IF(F85<=75,"RB",IF(F85<=100,"RB","RB"))) -> RB | H85: ='3. Back Up Non Aspal'!H524 -> 1 | I85: ='3. Back Up Non Aspal'!K524 -> 0 | J85: ='3. Back Up Non Aspal'!N524 -> 0 | K85: ='3. Back Up Non Aspal'!Q524 -> 0 | L85: ='3. Back Up Non Aspal'!T524 -> 0 | M85: ='3. Back Up Non Aspal'!U524 -> 1 | N85: ='3. Back Up Non Aspal'!V524 -> 1 | O85: ='3. Back Up Non Aspal'!Y524 -> 250 | P85: ='3. Back Up Non Aspal'!Z524 -> 1 | Q85: ='3. Back Up Non Aspal'!AA524 -> 0 | R85: ='3. Back Up Non Aspal'!AB524 -> 1 | S85: ='3. Back Up Non Aspal'!AE524 -> 0 | T85: ='3. Back Up Non Aspal'!AH524 -> 0 | U85: ='3. Back Up Non Aspal'!AI524 -> 1
C86: =D85 -> 10300 | D86: =C86+100 -> 10400 | E86: 3 | F86: =(100/((D86-C86)*E86))*((I86*0.05)+(J86*0.05)+(K86*0.05)+(L86)+(O86)+(S86*1.5)+(T86*1)) -> 83.333333 | G86: =IF(F86<=25,"RB",IF(F86<=75,"RB",IF(F86<=100,"RB","RB"))) -> RB | H86: ='3. Back Up Non Aspal'!H532 -> 1 | I86: ='3. Back Up Non Aspal'!K532 -> 0 | J86: ='3. Back Up Non Aspal'!N532 -> 0 | K86: ='3. Back Up Non Aspal'!Q532 -> 0 | L86: ='3. Back Up Non Aspal'!T532 -> 0 | M86: ='3. Back Up Non Aspal'!U532 -> 1 | N86: ='3. Back Up Non Aspal'!V532 -> 1 | O86: ='3. Back Up Non Aspal'!Y532 -> 250 | P86: ='3. Back Up Non Aspal'!Z532 -> 1 | Q86: ='3. Back Up Non Aspal'!AA532 -> 0 | R86: ='3. Back Up Non Aspal'!AB532 -> 1 | S86: ='3. Back Up Non Aspal'!AE532 -> 0 | T86: ='3. Back Up Non Aspal'!AH532 -> 0 | U86: ='3. Back Up Non Aspal'!AI532 -> 1
C87: =D86 -> 10400 | D87: =C87+100 -> 10500 | E87: 3 | F87: =(100/((D87-C87)*E87))*((I87*0.05)+(J87*0.05)+(K87*0.05)+(L87)+(O87)+(S87*1.5)+(T87*1)) -> 83.333333 | G87: =IF(F87<=25,"RB",IF(F87<=75,"RB",IF(F87<=100,"RB","RB"))) -> RB | H87: ='3. Back Up Non Aspal'!H540 -> 1 | I87: ='3. Back Up Non Aspal'!K540 -> 0 | J87: ='3. Back Up Non Aspal'!N540 -> 0 | K87: ='3. Back Up Non Aspal'!Q540 -> 0 | L87: ='3. Back Up Non Aspal'!T540 -> 0 | M87: ='3. Back Up Non Aspal'!U540 -> 1 | N87: ='3. Back Up Non Aspal'!V540 -> 1 | O87: ='3. Back Up Non Aspal'!Y540 -> 250 | P87: ='3. Back Up Non Aspal'!Z540 -> 1 | Q87: ='3. Back Up Non Aspal'!AA540 -> 0 | R87: ='3. Back Up Non Aspal'!AB540 -> 1 | S87: ='3. Back Up Non Aspal'!AE540 -> 0 | T87: ='3. Back Up Non Aspal'!AH540 -> 0 | U87: ='3. Back Up Non Aspal'!AI540 -> 1
C88: =D87 -> 10500 | D88: =C88+100 -> 10600 | E88: 3 | F88: =(100/((D88-C88)*E88))*((I88*0.05)+(J88*0.05)+(K88*0.05)+(L88)+(O88)+(S88*1.5)+(T88*1)) -> 66.666667 | G88: =IF(F88<=25,"RB",IF(F88<=75,"RB",IF(F88<=100,"RB","RB"))) -> RB | H88: ='3. Back Up Non Aspal'!H548 -> 1 | I88: ='3. Back Up Non Aspal'!K548 -> 0 | J88: ='3. Back Up Non Aspal'!N548 -> 0 | K88: ='3. Back Up Non Aspal'!Q548 -> 0 | L88: ='3. Back Up Non Aspal'!T548 -> 0 | M88: ='3. Back Up Non Aspal'!U548 -> 1 | N88: ='3. Back Up Non Aspal'!V548 -> 1 | O88: ='3. Back Up Non Aspal'!Y548 -> 200 | P88: ='3. Back Up Non Aspal'!Z548 -> 1 | Q88: ='3. Back Up Non Aspal'!AA548 -> 0 | R88: ='3. Back Up Non Aspal'!AB548 -> 1 | S88: ='3. Back Up Non Aspal'!AE548 -> 0 | T88: ='3. Back Up Non Aspal'!AH548 -> 0 | U88: ='3. Back Up Non Aspal'!AI548 -> 1
C89: =D88 -> 10600 | D89: =C89+100 -> 10700 | E89: 3 | F89: =(100/((D89-C89)*E89))*((I89*0.05)+(J89*0.05)+(K89*0.05)+(L89)+(O89)+(S89*1.5)+(T89*1)) -> 8.3333333 | G89: =IF(F89<=25,"RB",IF(F89<=75,"RB",IF(F89<=100,"RB","RB"))) -> RB | H89: ='3. Back Up Non Aspal'!H556 -> 1 | I89: ='3. Back Up Non Aspal'!K556 -> 0 | J89: ='3. Back Up Non Aspal'!N556 -> 0 | K89: ='3. Back Up Non Aspal'!Q556 -> 0 | L89: ='3. Back Up Non Aspal'!T556 -> 25 | M89: ='3. Back Up Non Aspal'!U556 -> 1 | N89: ='3. Back Up Non Aspal'!V556 -> 1 | O89: ='3. Back Up Non Aspal'!Y556 -> 0 | P89: ='3. Back Up Non Aspal'!Z556 -> 1 | Q89: ='3. Back Up Non Aspal'!AA556 -> 0 | R89: ='3. Back Up Non Aspal'!AB556 -> 1 | S89: ='3. Back Up Non Aspal'!AE556 -> 0 | T89: ='3. Back Up Non Aspal'!AH556 -> 0 | U89: ='3. Back Up Non Aspal'!AI556 -> 1
C90: =D89 -> 10700 | D90: =C90+100 -> 10800 | E90: 3 | F90: =(100/((D90-C90)*E90))*((I90*0.05)+(J90*0.05)+(K90*0.05)+(L90)+(O90)+(S90*1.5)+(T90*1)) -> 66.666667 | G90: =IF(F90<=25,"RB",IF(F90<=75,"RB",IF(F90<=100,"RB","RB"))) -> RB | H90: ='3. Back Up Non Aspal'!H564 -> 1 | I90: ='3. Back Up Non Aspal'!K564 -> 0 | J90: ='3. Back Up Non Aspal'!N564 -> 0 | K90: ='3. Back Up Non Aspal'!Q564 -> 0 | L90: ='3. Back Up Non Aspal'!T564 -> 0 | M90: ='3. Back Up Non Aspal'!U564 -> 1 | N90: ='3. Back Up Non Aspal'!V564 -> 1 | O90: ='3. Back Up Non Aspal'!Y564 -> 200 | P90: ='3. Back Up Non Aspal'!Z564 -> 1 | Q90: ='3. Back Up Non Aspal'!AA564 -> 0 | R90: ='3. Back Up Non Aspal'!AB564 -> 1 | S90: ='3. Back Up Non Aspal'!AE564 -> 0 | T90: ='3. Back Up Non Aspal'!AH564 -> 0 | U90: ='3. Back Up Non Aspal'!AI564 -> 1
C91: =D90 -> 10800 | D91: =C91+100 -> 10900 | E91: 3 | F91: =(100/((D91-C91)*E91))*((I91*0.05)+(J91*0.05)+(K91*0.05)+(L91)+(O91)+(S91*1.5)+(T91*1)) -> 66.666667 | G91: =IF(F91<=25,"RB",IF(F91<=75,"RB",IF(F91<=100,"RB","RB"))) -> RB | H91: ='3. Back Up Non Aspal'!H572 -> 1 | I91: ='3. Back Up Non Aspal'!K572 -> 0 | J91: ='3. Back Up Non Aspal'!N572 -> 0 | K91: ='3. Back Up Non Aspal'!Q572 -> 0 | L91: ='3. Back Up Non Aspal'!T572 -> 0 | M91: ='3. Back Up Non Aspal'!U572 -> 1 | N91: ='3. Back Up Non Aspal'!V572 -> 1 | O91: ='3. Back Up Non Aspal'!Y572 -> 200 | P91: ='3. Back Up Non Aspal'!Z572 -> 1 | Q91: ='3. Back Up Non Aspal'!AA572 -> 0 | R91: ='3. Back Up Non Aspal'!AB572 -> 1 | S91: ='3. Back Up Non Aspal'!AE572 -> 0 | T91: ='3. Back Up Non Aspal'!AH572 -> 0 | U91: ='3. Back Up Non Aspal'!AI572 -> 1
C92: =D91 -> 10900 | D92: =NOTE!L16 -> 11000 | E92: 3 | F92: =(100/((D92-C92)*E92))*((I92*0.05)+(J92*0.05)+(K92*0.05)+(L92)+(O92)+(S92*1.5)+(T92*1)) -> 26.666667 | G92: =IF(F92<=25,"RB",IF(F92<=75,"RB",IF(F92<=100,"RB","RB"))) -> RB | H92: ='3. Back Up Non Aspal'!H580 -> 1 | I92: ='3. Back Up Non Aspal'!K580 -> 0 | J92: ='3. Back Up Non Aspal'!N580 -> 0 | K92: ='3. Back Up Non Aspal'!Q580 -> 0 | L92: ='3. Back Up Non Aspal'!T580 -> 0 | M92: ='3. Back Up Non Aspal'!U580 -> 1 | N92: ='3. Back Up Non Aspal'!V580 -> 1 | O92: ='3. Back Up Non Aspal'!Y580 -> 80 | P92: ='3. Back Up Non Aspal'!Z580 -> 1 | Q92: ='3. Back Up Non Aspal'!AA580 -> 0 | R92: ='3. Back Up Non Aspal'!AB580 -> 1 | S92: ='3. Back Up Non Aspal'!AE580 -> 0 | T92: ='3. Back Up Non Aspal'!AH580 -> 0 | U92: ='3. Back Up Non Aspal'!AI580 -> 1
C93: =NOTE!J18 -> 11310 | D93: 11400 | E93: 3 | F93: =(100/((D93-C93)*E93))*((I93*0.05)+(J93*0.05)+(K93*0.05)+(L93)+(O93)+(S93*1.5)+(T93*1)) -> 66.666667 | G93: =IF(F93<=25,"RB",IF(F93<=75,"RB",IF(F93<=100,"RB","RB"))) -> RB | H93: ='3. Back Up Non Aspal'!H588 -> 1 | I93: ='3. Back Up Non Aspal'!K588 -> 0 | J93: ='3. Back Up Non Aspal'!N588 -> 0 | K93: ='3. Back Up Non Aspal'!Q588 -> 0 | L93: ='3. Back Up Non Aspal'!T588 -> 30 | M93: ='3. Back Up Non Aspal'!U588 -> 1 | N93: ='3. Back Up Non Aspal'!V588 -> 1 | O93: ='3. Back Up Non Aspal'!Y588 -> 150 | P93: ='3. Back Up Non Aspal'!Z588 -> 1 | Q93: ='3. Back Up Non Aspal'!AA588 -> 0 | R93: ='3. Back Up Non Aspal'!AB588 -> 1 | S93: ='3. Back Up Non Aspal'!AE588 -> 0 | T93: ='3. Back Up Non Aspal'!AH588 -> 0 | U93: ='3. Back Up Non Aspal'!AI588 -> 1
C94: =D93 -> 11400 | D94: =C94+100 -> 11500 | E94: 3 | F94: =(100/((D94-C94)*E94))*((I94*0.05)+(J94*0.05)+(K94*0.05)+(L94)+(O94)+(S94*1.5)+(T94*1)) -> 10 | G94: =IF(F94<=25,"RB",IF(F94<=75,"RB",IF(F94<=100,"RB","RB"))) -> RB | H94: ='3. Back Up Non Aspal'!H596 -> 1 | I94: ='3. Back Up Non Aspal'!K596 -> 0 | J94: ='3. Back Up Non Aspal'!N596 -> 0 | K94: ='3. Back Up Non Aspal'!Q596 -> 0 | L94: ='3. Back Up Non Aspal'!T596 -> 30 | M94: ='3. Back Up Non Aspal'!U596 -> 1 | N94: ='3. Back Up Non Aspal'!V596 -> 1 | O94: ='3. Back Up Non Aspal'!Y596 -> 0 | P94: ='3. Back Up Non Aspal'!Z596 -> 1 | Q94: ='3. Back Up Non Aspal'!AA596 -> 0 | R94: ='3. Back Up Non Aspal'!AB596 -> 1 | S94: ='3. Back Up Non Aspal'!AE596 -> 0 | T94: ='3. Back Up Non Aspal'!AH596 -> 0 | U94: ='3. Back Up Non Aspal'!AI596 -> 1
C95: =D94 -> 11500 | D95: =C95+100 -> 11600 | E95: 3 | F95: =(100/((D95-C95)*E95))*((I95*0.05)+(J95*0.05)+(K95*0.05)+(L95)+(O95)+(S95*1.5)+(T95*1)) -> 50 | G95: =IF(F95<=25,"RB",IF(F95<=75,"RB",IF(F95<=100,"RB","RB"))) -> RB | H95: ='3. Back Up Non Aspal'!H604 -> 1 | I95: ='3. Back Up Non Aspal'!K604 -> 0 | J95: ='3. Back Up Non Aspal'!N604 -> 0 | K95: ='3. Back Up Non Aspal'!Q604 -> 0 | L95: ='3. Back Up Non Aspal'!T604 -> 150 | M95: ='3. Back Up Non Aspal'!U604 -> 1 | N95: ='3. Back Up Non Aspal'!V604 -> 1 | O95: ='3. Back Up Non Aspal'!Y604 -> 0 | P95: ='3. Back Up Non Aspal'!Z604 -> 1 | Q95: ='3. Back Up Non Aspal'!AA604 -> 0 | R95: ='3. Back Up Non Aspal'!AB604 -> 1 | S95: ='3. Back Up Non Aspal'!AE604 -> 0 | T95: ='3. Back Up Non Aspal'!AH604 -> 0 | U95: ='3. Back Up Non Aspal'!AI604 -> 1
C96: =D95 -> 11600 | D96: =C96+100 -> 11700 | E96: 3 | F96: =(100/((D96-C96)*E96))*((I96*0.05)+(J96*0.05)+(K96*0.05)+(L96)+(O96)+(S96*1.5)+(T96*1)) -> 100 | G96: =IF(F96<=25,"RB",IF(F96<=75,"RB",IF(F96<=100,"RB","RB"))) -> RB | H96: ='3. Back Up Non Aspal'!H612 -> 1 | I96: ='3. Back Up Non Aspal'!K612 -> 0 | J96: ='3. Back Up Non Aspal'!N612 -> 0 | K96: ='3. Back Up Non Aspal'!Q612 -> 0 | L96: ='3. Back Up Non Aspal'!T612 -> 300 | M96: ='3. Back Up Non Aspal'!U612 -> 1 | N96: ='3. Back Up Non Aspal'!V612 -> 1 | O96: ='3. Back Up Non Aspal'!Y612 -> 0 | P96: ='3. Back Up Non Aspal'!Z612 -> 1 | Q96: ='3. Back Up Non Aspal'!AA612 -> 0 | R96: ='3. Back Up Non Aspal'!AB612 -> 1 | S96: ='3. Back Up Non Aspal'!AE612 -> 0 | T96: ='3. Back Up Non Aspal'!AH612 -> 0 | U96: ='3. Back Up Non Aspal'!AI612 -> 1
C97: =D96 -> 11700 | D97: =C97+100 -> 11800 | E97: 3 | F97: =(100/((D97-C97)*E97))*((I97*0.05)+(J97*0.05)+(K97*0.05)+(L97)+(O97)+(S97*1.5)+(T97*1)) -> 65 | G97: =IF(F97<=25,"RB",IF(F97<=75,"RB",IF(F97<=100,"RB","RB"))) -> RB | H97: ='3. Back Up Non Aspal'!H620 -> 1 | I97: ='3. Back Up Non Aspal'!K620 -> 0 | J97: ='3. Back Up Non Aspal'!N620 -> 0 | K97: ='3. Back Up Non Aspal'!Q620 -> 0 | L97: ='3. Back Up Non Aspal'!T620 -> 150 | M97: ='3. Back Up Non Aspal'!U620 -> 1 | N97: ='3. Back Up Non Aspal'!V620 -> 1 | O97: ='3. Back Up Non Aspal'!Y620 -> 45 | P97: ='3. Back Up Non Aspal'!Z620 -> 1 | Q97: ='3. Back Up Non Aspal'!AA620 -> 0 | R97: ='3. Back Up Non Aspal'!AB620 -> 1 | S97: ='3. Back Up Non Aspal'!AE620 -> 0 | T97: ='3. Back Up Non Aspal'!AH620 -> 0 | U97: ='3. Back Up Non Aspal'!AI620 -> 1
C98: =D97 -> 11800 | D98: =C98+100 -> 11900 | E98: 3 | F98: =(100/((D98-C98)*E98))*((I98*0.05)+(J98*0.05)+(K98*0.05)+(L98)+(O98)+(S98*1.5)+(T98*1)) -> 130 | G98: =IF(F98<=25,"RB",IF(F98<=75,"RB",IF(F98<=100,"RB","RB"))) -> RB | H98: ='3. Back Up Non Aspal'!H628 -> 1 | I98: ='3. Back Up Non Aspal'!K628 -> 0 | J98: ='3. Back Up Non Aspal'!N628 -> 0 | K98: ='3. Back Up Non Aspal'!Q628 -> 0 | L98: ='3. Back Up Non Aspal'!T628 -> 240 | M98: ='3. Back Up Non Aspal'!U628 -> 1 | N98: ='3. Back Up Non Aspal'!V628 -> 1 | O98: ='3. Back Up Non Aspal'!Y628 -> 150 | P98: ='3. Back Up Non Aspal'!Z628 -> 1 | Q98: ='3. Back Up Non Aspal'!AA628 -> 0 | R98: ='3. Back Up Non Aspal'!AB628 -> 1 | S98: ='3. Back Up Non Aspal'!AE628 -> 0 | T98: ='3. Back Up Non Aspal'!AH628 -> 0 | U98: ='3. Back Up Non Aspal'!AI628 -> 1
C99: =D98 -> 11900 | D99: =C99+100 -> 12000 | E99: 3 | F99: =(100/((D99-C99)*E99))*((I99*0.05)+(J99*0.05)+(K99*0.05)+(L99)+(O99)+(S99*1.5)+(T99*1)) -> 100 | G99: =IF(F99<=25,"RB",IF(F99<=75,"RB",IF(F99<=100,"RB","RB"))) -> RB | H99: ='3. Back Up Non Aspal'!H636 -> 1 | I99: ='3. Back Up Non Aspal'!K636 -> 0 | J99: ='3. Back Up Non Aspal'!N636 -> 0 | K99: ='3. Back Up Non Aspal'!Q636 -> 0 | L99: ='3. Back Up Non Aspal'!T636 -> 0 | M99: ='3. Back Up Non Aspal'!U636 -> 1 | N99: ='3. Back Up Non Aspal'!V636 -> 1 | O99: ='3. Back Up Non Aspal'!Y636 -> 300 | P99: ='3. Back Up Non Aspal'!Z636 -> 1 | Q99: ='3. Back Up Non Aspal'!AA636 -> 0 | R99: ='3. Back Up Non Aspal'!AB636 -> 1 | S99: ='3. Back Up Non Aspal'!AE636 -> 0 | T99: ='3. Back Up Non Aspal'!AH636 -> 0 | U99: ='3. Back Up Non Aspal'!AI636 -> 1
C100: =D99 -> 12000 | D100: =C100+100 -> 12100 | E100: 3 | F100: =(100/((D100-C100)*E100))*((I100*0.05)+(J100*0.05)+(K100*0.05)+(L100)+(O100)+(S100*1.5)+(T100*1)) -> 100 | G100: =IF(F100<=25,"RB",IF(F100<=75,"RB",IF(F100<=100,"RB","RB"))) -> RB | H100: ='3. Back Up Non Aspal'!H644 -> 1 | I100: ='3. Back Up Non Aspal'!K644 -> 0 | J100: ='3. Back Up Non Aspal'!N644 -> 0 | K100: ='3. Back Up Non Aspal'!Q644 -> 0 | L100: ='3. Back Up Non Aspal'!T644 -> 0 | M100: ='3. Back Up Non Aspal'!U644 -> 1 | N100: ='3. Back Up Non Aspal'!V644 -> 1 | O100: ='3. Back Up Non Aspal'!Y644 -> 300 | P100: ='3. Back Up Non Aspal'!Z644 -> 1 | Q100: ='3. Back Up Non Aspal'!AA644 -> 0 | R100: ='3. Back Up Non Aspal'!AB644 -> 1 | S100: ='3. Back Up Non Aspal'!AE644 -> 0 | T100: ='3. Back Up Non Aspal'!AH644 -> 0 | U100: ='3. Back Up Non Aspal'!AI644 -> 1
C101: =D100 -> 12100 | D101: =C101+100 -> 12200 | E101: 3 | F101: =(100/((D101-C101)*E101))*((I101*0.05)+(J101*0.05)+(K101*0.05)+(L101)+(O101)+(S101*1.5)+(T101*1)) -> 100 | G101: =IF(F101<=25,"RB",IF(F101<=75,"RB",IF(F101<=100,"RB","RB"))) -> RB | H101: ='3. Back Up Non Aspal'!H652 -> 1 | I101: ='3. Back Up Non Aspal'!K652 -> 0 | J101: ='3. Back Up Non Aspal'!N652 -> 0 | K101: ='3. Back Up Non Aspal'!Q652 -> 0 | L101: ='3. Back Up Non Aspal'!T652 -> 0 | M101: ='3. Back Up Non Aspal'!U652 -> 1 | N101: ='3. Back Up Non Aspal'!V652 -> 1 | O101: ='3. Back Up Non Aspal'!Y652 -> 300 | P101: ='3. Back Up Non Aspal'!Z652 -> 1 | Q101: ='3. Back Up Non Aspal'!AA652 -> 0 | R101: ='3. Back Up Non Aspal'!AB652 -> 1 | S101: ='3. Back Up Non Aspal'!AE652 -> 0 | T101: ='3. Back Up Non Aspal'!AH652 -> 0 | U101: ='3. Back Up Non Aspal'!AI652 -> 1
C102: =D101 -> 12200 | D102: =C102+100 -> 12300 | E102: 3 | F102: =(100/((D102-C102)*E102))*((I102*0.05)+(J102*0.05)+(K102*0.05)+(L102)+(O102)+(S102*1.5)+(T102*1)) -> 30 | G102: =IF(F102<=25,"RB",IF(F102<=75,"RB",IF(F102<=100,"RB","RB"))) -> RB | H102: ='3. Back Up Non Aspal'!H660 -> 1 | I102: ='3. Back Up Non Aspal'!K660 -> 0 | J102: ='3. Back Up Non Aspal'!N660 -> 0 | K102: ='3. Back Up Non Aspal'!Q660 -> 0 | L102: ='3. Back Up Non Aspal'!T660 -> 90 | M102: ='3. Back Up Non Aspal'!U660 -> 1 | N102: ='3. Back Up Non Aspal'!V660 -> 1 | O102: ='3. Back Up Non Aspal'!Y660 -> 0 | P102: ='3. Back Up Non Aspal'!Z660 -> 1 | Q102: ='3. Back Up Non Aspal'!AA660 -> 0 | R102: ='3. Back Up Non Aspal'!AB660 -> 1 | S102: ='3. Back Up Non Aspal'!AE660 -> 0 | T102: ='3. Back Up Non Aspal'!AH660 -> 0 | U102: ='3. Back Up Non Aspal'!AI660 -> 1
C103: =D102 -> 12300 | D103: =C103+100 -> 12400 | E103: 3 | F103: =(100/((D103-C103)*E103))*((I103*0.05)+(J103*0.05)+(K103*0.05)+(L103)+(O103)+(S103*1.5)+(T103*1)) -> 25 | G103: =IF(F103<=25,"RB",IF(F103<=75,"RB",IF(F103<=100,"RB","RB"))) -> RB | H103: ='3. Back Up Non Aspal'!H668 -> 1 | I103: ='3. Back Up Non Aspal'!K668 -> 0 | J103: ='3. Back Up Non Aspal'!N668 -> 0 | K103: ='3. Back Up Non Aspal'!Q668 -> 0 | L103: ='3. Back Up Non Aspal'!T668 -> 0 | M103: ='3. Back Up Non Aspal'!U668 -> 1 | N103: ='3. Back Up Non Aspal'!V668 -> 1 | O103: ='3. Back Up Non Aspal'!Y668 -> 75 | P103: ='3. Back Up Non Aspal'!Z668 -> 1 | Q103: ='3. Back Up Non Aspal'!AA668 -> 0 | R103: ='3. Back Up Non Aspal'!AB668 -> 1 | S103: ='3. Back Up Non Aspal'!AE668 -> 0 | T103: ='3. Back Up Non Aspal'!AH668 -> 0 | U103: ='3. Back Up Non Aspal'!AI668 -> 1
