Workbook
Name QTemp: CHECKLIST!$B$2:$I$25
Name QTemp: 'Link List'!$B$1:$M$23

Sheet CHECKLIST
A1: CHECKLIST
A2: No | B2: Ruas | C2: Sffx | D2: Nama Ruas | E2: Panjang Ruas SK Gub (km) | F2: STA | G2: DATA INVEN | H2: DATA KONDISI | J2: KETERANGAN
H3: BACK UP LAMA | I3: BACK UP BARU
A4: 1 | B4: 036 | D4: SUKAMARA - KURIPAN | E4: 21.777 | F4: OK | I4: OK | J4: MAS FEBRI
A5: =+A4+1 -> 2 | B5: 044 | D5: SP TELUK KILUAN - SP. UMBAR | E5: 25.157 | F5: OK | J5: MAS FEBRI
A6: =+A5+1 -> 3 | B6: 045 | D6: SP. UMBAR - PUTIH DOH | E6: 23.83 | F6: OK | J6: MAS FEBRI
A7: =+A6+1 -> 4 | B7: 046 | D7: PUTIH DOH - KURIPAN | E7: 11.736 | F7: OK | J7: MAS FEBRI
A8: =+A7+1 -> 5 | B8: 047 | D8: KURIPAN - SP. KOTA AGUNG | E8: 21.468 | F8: OK | I8: OK | J8: MAS FEBRI
A9: =+A8+1 -> 6 | B9: 048 | D9: PEKON BALAK - SUOH | E9: 33.628 | F9: OK | J9: MAS ADI
A10: =+A9+1 -> 7 | B10: 049 | D10: SUOH - SP. BLOK 9 | E10: 30.447 | F10: OK | H10: OK | J10: MAS EKO
A11: =+A10+1 -> 8 | B11: 050 | D11: SP. BLOK 9 - SANGGI | E11: 20.873 | F11: OK | H11: OK | J11: MAS ADI
A12: =+A11+1 -> 9 | B12: 051 | C12: 11K | D12: JALAN RADEN INTAN (LIWA) | E12: 5.179 | G12: OK | H12: OK | J12: MAS FEBRI
A13: =+A12+1 -> 10 | B13: 052 | D13: LIWA - BTS. SUMATERA SELATAN | E13: 19.109 | G13: OK | H13: OK | J13: MAS FEBRI
A14: =+A13+1 -> 11 | B14: 053 | C14: 11K | D14: JALAN ADAM MALIK (KRUI) | E14: 1.812 | G14: OK | H14: OK | J14: NABIL
A15: =+A14+1 -> 12 | B15: 054 | D15: KRUI - PEKON SERAI | E15: 1.81 | G15: OK | H15: OK | J15: NABIL
A16: =+A15+1 -> 13 | B16: 055 | D16: KOTAJAWA - KAMPUNG BARU | E16: 8.374 | G16: OK | H16: OK | J16: MAS FEBRI
A17: =+A16+1 -> 14 | B17: 056 | D17: TALANG PADANG - NGARIP | E17: 35.862 | G17: OK | H17: OK | J17: MAS FEBRI
A18: =+A17+1 -> 15 | B18: 057 | D18: NGARIP - ULU SEMONG | E18: 21.5 | G18: OK | H18: OK | J18: MAS FEBRI
A19: =+A18+1 -> 16 | B19: 058 | D19: ULU SEMONG - SP. TRIMULYO | E19: 9.66 | G19: OK | H19: OK | J19: MAS FEBRI
A20: =+A19+1 -> 17 | B20: 059 | D20: SP. TRIMULYO - BUNGIN - SP. TUGU SARI | E20: 24.574 | G20: OK | H20: OK | J20: MAS FEBRI
A21: =+A20+1 -> 18 | B21: 060 | D21: TEKAD - BATUTEGI | E21: 4.8 | F21: OK | I21: OK | J21: MAS ADI
A22: =+A21+1 -> 19 | B22: 064 | D22: BANDAR SAKTI - SP. DAYA MURNI | E22: 10.099 | G22: OK | H22: OK | J22: NABIL
A23: =+A22+1 -> 20 | B23: 065 | D23: SP. DAYA MURNI - GUNUNG BATIN | E23: 12.389 | G23: OK | H23: OK | J23: MAS AGUS
A24: =+A23+1 -> 21 | B24: 068 | D24: SP. TUJOK - PANARAGAN JAYA | E24: 25.813 | F24: OK | J24: MAS EKO
A25: =+A24+1 -> 22 | B25: 069 | D25: PANARAGAN JAYA - SP. PANARAGAN | E25: 4.104 | G25: OK | H25: OK | J25: NABIL
A26: =+A25+1 -> 23 | B26: 085 | C26: 11K | D26: JALAN RAYA GUNUNG SAKTI (MENGGALA) | E26: 1.865 | G26: OK | H26: OK | J26: NABIL
A27: =+A26+1 -> 24 | B27: 086 | D27: BUJUNG TENUK - PENUMANGAN | E27: 12.432 | F27: OK | G27: OK | H27: OK | J27: NABIL
A28: =+A27+1 -> 25 | B28: 087 | D28: PENUMANGAN - TEGAL MUKTI | E28: 15.839 | G28: OK | H28: OK | J28: NABIL
A29: =+A28+1 -> 26 | B29: 090 | D29: ADIJAYA - TULUNG RANDU | E29: 38.13 | F29: OK | J29: MAS EKO
A30: =+A29+1 -> 27 | B30: 091 | D30: PENUMANGAN - UNIT VI | E30: 23.562 | F30: OK | J30: MAS EKO
A31: =+A30+1 -> 28 | B31: 092 | D31: SP. UNIT VIII - GEDONG AJI | E31: 22.05 | F31: OK | H31: OK | J31: MAS EKO
A32: =+A31+1 -> 29 | B32: 093 | D32: GEDONG AJI - UMBUL MESIR | E32: 31.5 | F32: OK | H32: OK | J32: MAS EKO
A33: =+A32+1 -> 30 | B33: 094 | D33: SP. PEMATANG - BRABASAN | E33: 11.602 | F33: OK | J33: MAS AGUS
A34: =+A33+1 -> 31 | B34: 095 | D34: BRABASAN - WIRALAGA | E34: 29.443 | F34: OK | J34: MAS EKO

Sheet Link List
A1: No | B1: Kode provinsi | C1: Kode Kabupaten | D1: Ruas | E1: Sffx | F1: Nama Ruas | G1: Status | H1: Fungsi | I1: Panjang Ruas SK Gub (km) | J1: Panjang Ruas Survei (km) | K1: Titik Awal Ruas - Patok KM | L1: Titik Awal Ruas - Offset (m) | M1: Link Access Status
A2: 1 | B2: 18 | C2: 00 | D2: 036 | F2: SUKAMARA - KURIPAN | G2: P | H2: K2 | I2: 21.777 | J2: 21.777 | K2: 0 | L2: 0 | M2: P
A3: =+A2+1 -> 2 | B3: 18 | C3: 00 | D3: 044 | F3: SP TELUK KILUAN - SP. UMBAR | G3: P | H3: K2 | I3: 25.157 | J3: 25.157 | K3: 0 | L3: 0 | M3: P
A4: =+A3+1 -> 3 | B4: 18 | C4: 00 | D4: 045 | F4: SP. UMBAR - PUTIH DOH | G4: P | H4: K2 | I4: 23.83 | J4: 23.83 | K4: 0 | L4: 0 | M4: P
A5: =+A4+1 -> 4 | B5: 18 | C5: 00 | D5: 046 | F5: PUTIH DOH - KURIPAN | G5: P | H5: K2 | I5: 11.736 | J5: 11.736 | K5: 0 | L5: 0 | M5: P
A6: =+A5+1 -> 5 | B6: 18 | C6: 00 | D6: 047 | F6: KURIPAN - SP. KOTA AGUNG | G6: P | H6: K2 | I6: 21.468 | J6: 21.468 | K6: 0 | L6: 0 | M6: N
A7: =+A6+1 -> 6 | B7: 18 | C7: 00 | D7: 048 | F7: PEKON BALAK - SUOH | G7: P | H7: K2 | I7: 33.628 | J7: 33.628 | K7: 0 | L7: 0 | M7: N
A8: =+A7+1 -> 7 | B8: 18 | C8: 00 | D8: 049 | F8: SUOH - SP. BLOK 9 | G8: P | H8: K2 | I8: 30.447 | J8: 30.447 | K8: 0 | L8: 0 | M8: P
A9: =+A8+1 -> 8 | B9: 18 | C9: 00 | D9: 050 | F9: SP. BLOK 9 - SANGGI | G9: P | H9: K2 | I9: 20.873 | J9: 20.873 | K9: 0 | L9: 0 | M9: N
A10: =+A9+1 -> 9 | B10: 18 | C10: 00 | D10: 051 | E10: 11K | F10: JALAN RADEN INTAN (LIWA) | G10: P | H10: K2 | I10: 5.179 | J10: 5.179 | K10: 0 | L10: 0 | M10: N
A11: =+A10+1 -> 10 | B11: 18 | C11: 00 | D11: 052 | F11: LIWA - BTS. SUMATERA SELATAN | G11: P | H11: K2 | I11: 19.109 | J11: 19.109 | K11: 0 | L11: 0 | M11: P
A12: =+A11+1 -> 11 | B12: 18 | C12: 00 | D12: 053 | E12: 11K | F12: JALAN ADAM MALIK (KRUI) | G12: P | H12: K2 | I12: 1.812 | J12: 1.812 | K12: 0 | L12: 0 | M12: N
A13: =+A12+1 -> 12 | B13: 18 | C13: 00 | D13: 054 | F13: KRUI - PEKON SERAI | G13: P | H13: K2 | I13: 1.81 | J13: 1.81 | K13: 0 | L13: 0 | M13: N
A14: =+A13+1 -> 13 | B14: 18 | C14: 00 | D14: 055 | F14: KOTAJAWA - KAMPUNG BARU | G14: P | H14: K2 | I14: 8.374 | J14: 8.374 | K14: 0 | L14: 0 | M14: N
A15: =+A14+1 -> 14 | B15: 18 | C15: 00 | D15: 056 | F15: TALANG PADANG - NGARIP | G15: P | H15: K2 | I15: 35.862 | J15: 35.862 | K15: 0 | L15: 0 | M15: N
A16: =+A15+1 -> 15 | B16: 18 | C16: 00 | D16: 057 | F16: NGARIP - ULU SEMONG | G16: P | H16: K2 | I16: 21.5 | J16: 21.5 | K16: 0 | L16: 0 | M16: P
A17: =+A16+1 -> 16 | B17: 18 | C17: 00 | D17: 058 | F17: ULU SEMONG - SP. TRIMULYO | G17: P | H17: K2 | I17: 9.66 | J17: 9.66 | K17: 0 | L17: 0 | M17: P
A18: =+A17+1 -> 17 | B18: 18 | C18: 00 | D18: 059 | F18: SP. TRIMULYO - BUNGIN - SP. TUGU SARI | G18: P | H18: K2 | I18: 24.574 | J18: 24.574 | K18: 0 | L18: 0 | M18: N
A19: =+A18+1 -> 18 | B19: 18 | C19: 00 | D19: 060 | F19: TEKAD - BATUTEGI | G19: P | H19: K2 | I19: 4.8 | J19: 4.8 | K19: 0 | L19: 0 | M19: P
A20: =+A19+1 -> 19 | B20: 18 | C20: 00 | D20: 064 | F20: BANDAR SAKTI - SP. DAYA MURNI | G20: P | H20: K2 | I20: 10.099 | J20: 10.099 | K20: 0 | L20: 0 | M20: P
A21: =+A20+1 -> 20 | B21: 18 | C21: 00 | D21: 065 | F21: SP. DAYA MURNI - GUNUNG BATIN | G21: P | H21: K2 | I21: 12.389 | J21: 12.389 | K21: 0 | L21: 0 | M21: N
A22: =+A21+1 -> 21 | B22: 18 | C22: 00 | D22: 068 | F22: SP. TUJOK - PANARAGAN JAYA | G22: P | H22: K2 | I22: 25.813 | J22: 25.813 | K22: 0 | L22: 0 | M22: P
A23: =+A22+1 -> 22 | B23: 18 | C23: 00 | D23: 069 | F23: PANARAGAN JAYA - SP. PANARAGAN | G23: P | H23: K2 | I23: 4.104 | J23: 4.104 | K23: 0 | L23: 0 | M23: P
A24: =+A23+1 -> 23 | B24: 18 | C24: 00 | D24: 085 | E24: 11K | F24: JALAN RAYA GUNUNG SAKTI (MENGGALA) | G24: P | H24: K2 | I24: 1.865 | J24: 1.865 | K24: 0 | L24: 0 | M24: N
A25: =+A24+1 -> 24 | B25: 18 | C25: 00 | D25: 086 | F25: BUJUNG TENUK - PENUMANGAN | G25: P | H25: K2 | I25: 12.432 | J25: 12.432 | K25: 0 | L25: 0 | M25: P
A26: =+A25+1 -> 25 | B26: 18 | C26: 00 | D26: 087 | F26: PENUMANGAN - TEGAL MUKTI | G26: P | H26: K2 | I26: 15.839 | J26: 15.839 | K26: 0 | L26: 0 | M26: P
A27: =+A26+1 -> 26 | B27: 18 | C27: 00 | D27: 090 | F27: ADIJAYA - TULUNG RANDU | G27: P | H27: K2 | I27: 38.13 | J27: 38.13 | K27: 0 | L27: 0 | M27: P
A28: =+A27+1 -> 27 | B28: 18 | C28: 00 | D28: 091 | F28: PENUMANGAN - UNIT VI | G28: P | H28: K2 | I28: 23.562 | J28: 23.562 | K28: 0 | L28: 0 | M28: P
A29: =+A28+1 -> 28 | B29: 18 | C29: 00 | D29: 092 | F29: SP. UNIT VIII - GEDONG AJI | G29: P | H29: K2 | I29: 22.05 | J29: 22.05 | K29: 0 | L29: 0 | M29: N
A30: =+A29+1 -> 29 | B30: 18 | C30: 00 | D30: 093 | F30: GEDONG AJI - UMBUL MESIR | G30: P | H30: K2 | I30: 31.5 | J30: 31.5 | K30: 0 | L30: 0 | M30: P
A31: =+A30+1 -> 30 | B31: 18 | C31: 00 | D31: 094 | F31: SP. PEMATANG - BRABASAN | G31: P | H31: K2 | I31: 11.602 | J31: 11.602 | K31: 0 | L31: 0 | M31: N
A32: =+A31+1 -> 31 | B32: 18 | C32: 00 | D32: 095 | F32: BRABASAN - WIRALAGA | G32: P | H32: K2 | I32: 29.443 | J32: 29.443 | K32: 0 | L32: 0 | M32: P

Sheet 1. Rekap Back Up Aspal
C2: PEMERINTAH PROVINSI LAMPUNG
C3: DINAS BINA MARGA DAN BINA KONSTRUKSI
B6: REKAPITULASI BACK - UP DATA SURVEY KONDISI JALAN (ASPAL)
B9: NO. RUAS | E9: : | F9: ='Link List'!D20 -> 064
B12: NAMA RUAS | E12: : | F12: ='Link List'!F20 -> BANDAR SAKTI - SP. DAYA MURNI
B15: PANJANG RUAS | E15: : | F15: ='Link List'!I20 -> 10.099
C18: STA | F18: NILAI TTI | G18: KONDISI 2024 | H18: KONDISI 2025 | I18: TIPE KERUSAKAN KONDISI JALAN ASPAL | U18: KET
C19: DARI (M) | D19: KE (M) | E19: LEBAR | I19: BLEEDING | J19: AGREGAT LEPAS | K19: DISINTEGRASI | L19: RETAK TURUN | M19: TAMBALAN | N19: RETAK LAIN | O19: JENIS RETAK | P19: LUBANG | Q19: TIPE LUBANG | R19: ALUR | S19: RUSAK TEPI (KIRI) | T19: RUSAK TEPI (KANAN)
B20: 1 | I20: 2 | J20: 3 | K20: 4 | L20: 5 | M20: 6 | N20: 7 | P20: 8 | R20: 9 | S20: 10 Ki | T20: 10 Ka | U20: 12
C21: 0 | D21: 100 | E21: 4.5 | F21: =(100/((D21-C21)*E21))*((I21*0.5)+(J21*0.5)+(K21*4)+(L21*4)+(M21*1)+(N21*2)+(P21*1.5)+(R21*1)+(S21*1)+(T21*1)) -> 27.361111 | G21: =IF(F21<=25,"B",IF(F21<=75,"S",IF(F21<=100,"RR","RB"))) -> S | I21: ='1. Back Up Aspal'!K28 -> 0 | J21: ='1. Back Up Aspal'!N28 -> 22.25 | K21: ='1. Back Up Aspal'!Q28 -> 18 | L21: ='1. Back Up Aspal'!T28 -> 10 | M21: ='1. Back Up Aspal'!W28 -> 0 | N21: ='1. Back Up Aspal'!Z28 -> 0 | O21: ='1. Back Up Aspal'!AA28 -> 1 | P21: ='1. Back Up Aspal'!AD28 -> 0 | Q21: ='1. Back Up Aspal'!AE28 -> 1 | R21: ='1. Back Up Aspal'!AH28 -> 0 | S21: ='1. Back Up Aspal'!AK28 -> 0 | T21: ='1. Back Up Aspal'!AN28 -> 0
C22: =D21 -> 100 | D22: =C22+100 -> 200 | E22: 4.5 | F22: =(100/((D22-C22)*E22))*((I22*0.5)+(J22*0.5)+(K22*4)+(L22*4)+(M22*1)+(N22*2)+(P22*1.5)+(R22*1)+(S22*1)+(T22*1)) -> 7.8333333 | G22: =IF(F22<=25,"B",IF(F22<=75,"S",IF(F22<=100,"RR","RB"))) -> B | I22: ='1. Back Up Aspal'!K36 -> 0 | J22: ='1. Back Up Aspal'!N36 -> 30.5 | K22: ='1. Back Up Aspal'!Q36 -> 0 | L22: ='1. Back Up Aspal'!T36 -> 5 | M22: ='1. Back Up Aspal'!W36 -> 0 | N22: ='1. Back Up Aspal'!Z36 -> 0 | O22: ='1. Back Up Aspal'!AA36 -> 1 | P22: ='1. Back Up Aspal'!AD36 -> 0 | Q22: ='1. Back Up Aspal'!AE36 -> 1 | R22: ='1. Back Up Aspal'!AH36 -> 0 | S22: ='1. Back Up Aspal'!AK36 -> 0 | T22: ='1. Back Up Aspal'!AN36 -> 0
C23: =D22 -> 200 | D23: =C23+100 -> 300 | E23: 4.5 | F23: =(100/((D23-C23)*E23))*((I23*0.5)+(J23*0.5)+(K23*4)+(L23*4)+(M23*1)+(N23*2)+(P23*1.5)+(R23*1)+(S23*1)+(T23*1)) -> 0.95138889 | G23: =IF(F23<=25,"B",IF(F23<=75,"S",IF(F23<=100,"RR","RB"))) -> B | I23: ='1. Back Up Aspal'!K44 -> 0 | J23: ='1. Back Up Aspal'!N44 -> 0.5625 | K23: ='1. Back Up Aspal'!Q44 -> 0 | L23: ='1. Back Up Aspal'!T44 -> 1 | M23: ='1. Back Up Aspal'!W44 -> 0 | N23: ='1. Back Up Aspal'!Z44 -> 0 | O23: ='1. Back Up Aspal'!AA44 -> 1 | P23: ='1. Back Up Aspal'!AD44 -> 0 | Q23: ='1. Back Up Aspal'!AE44 -> 1 | R23: ='1. Back Up Aspal'!AH44 -> 0 | S23: ='1. Back Up Aspal'!AK44 -> 0 | T23: ='1. Back Up Aspal'!AN44 -> 0
C24: =D23 -> 300 | D24: =C24+100 -> 400 | E24: 4.5 | F24: =(100/((D24-C24)*E24))*((I24*0.5)+(J24*0.5)+(K24*4)+(L24*4)+(M24*1)+(N24*2)+(P24*1.5)+(R24*1)+(S24*1)+(T24*1)) -> 21.888889 | G24: =IF(F24<=25,"B",IF(F24<=75,"S",IF(F24<=100,"RR","RB"))) -> B | I24: ='1. Back Up Aspal'!K52 -> 0 | J24: ='1. Back Up Aspal'!N52 -> 5 | K24: ='1. Back Up Aspal'!Q52 -> 9 | L24: ='1. Back Up Aspal'!T52 -> 11 | M24: ='1. Back Up Aspal'!W52 -> 0 | N24: ='1. Back Up Aspal'!Z52 -> 8 | O24: ='1. Back Up Aspal'!AA52 -> 2 | P24: ='1. Back Up Aspal'!AD52 -> 0 | Q24: ='1. Back Up Aspal'!AE52 -> 1 | R24: ='1. Back Up Aspal'!AH52 -> 0 | S24: ='1. Back Up Aspal'!AK52 -> 0 | T24: ='1. Back Up Aspal'!AN52 -> 0
C25: =D24 -> 400 | D25: =C25+100 -> 500 | E25: 4.5 | F25: =(100/((D25-C25)*E25))*((I25*0.5)+(J25*0.5)+(K25*4)+(L25*4)+(M25*1)+(N25*2)+(P25*1.5)+(R25*1)+(S25*1)+(T25*1)) -> 15.333333 | G25: =IF(F25<=25,"B",IF(F25<=75,"S",IF(F25<=100,"RR","RB"))) -> B | I25: ='1. Back Up Aspal'!K60 -> 0 | J25: ='1. Back Up Aspal'!N60 -> 8 | K25: ='1. Back Up Aspal'!Q60 -> 0 | L25: ='1. Back Up Aspal'!T60 -> 16 | M25: ='1. Back Up Aspal'!W60 -> 1 | N25: ='1. Back Up Aspal'!Z60 -> 0 | O25: ='1. Back Up Aspal'!AA60 -> 1 | P25: ='1. Back Up Aspal'!AD60 -> 0 | Q25: ='1. Back Up Aspal'!AE60 -> 1 | R25: ='1. Back Up Aspal'!AH60 -> 0 | S25: ='1. Back Up Aspal'!AK60 -> 0 | T25: ='1. Back Up Aspal'!AN60 -> 0
C26: =D25 -> 500 | D26: =C26+100 -> 600 | E26: 4.5 | F26: =(100/((D26-C26)*E26))*((I26*0.5)+(J26*0.5)+(K26*4)+(L26*4)+(M26*1)+(N26*2)+(P26*1.5)+(R26*1)+(S26*1)+(T26*1)) -> 2.2222222 | G26: =IF(F26<=25,"B",IF(F26<=75,"S",IF(F26<=100,"RR","RB"))) -> B | I26: ='1. Back Up Aspal'!K68 -> 0 | J26: ='1. Back Up Aspal'!N68 -> 20 | K26: ='1. Back Up Aspal'!Q68 -> 0 | L26: ='1. Back Up Aspal'!T68 -> 0 | M26: ='1. Back Up Aspal'!W68 -> 0 | N26: ='1. Back Up Aspal'!Z68 -> 0 | O26: ='1. Back Up Aspal'!AA68 -> 1 | P26: ='1. Back Up Aspal'!AD68 -> 0 | Q26: ='1. Back Up Aspal'!AE68 -> 1 | R26: ='1. Back Up Aspal'!AH68 -> 0 | S26: ='1. Back Up Aspal'!AK68 -> 0 | T26: ='1. Back Up Aspal'!AN68 -> 0
C27: =D26 -> 600 | D27: =C27+100 -> 700 | E27: 4.5 | F27: =(100/((D27-C27)*E27))*((I27*0.5)+(J27*0.5)+(K27*4)+(L27*4)+(M27*1)+(N27*2)+(P27*1.5)+(R27*1)+(S27*1)+(T27*1)) -> 0.027777778 | G27: =IF(F27<=25,"B",IF(F27<=75,"S",IF(F27<=100,"RR","RB"))) -> B | I27: ='1. Back Up Aspal'!K76 -> 0 | J27: ='1. Back Up Aspal'!N76 -> 0.25 | K27: ='1. Back Up Aspal'!Q76 -> 0 | L27: ='1. Back Up Aspal'!T76 -> 0 | M27: ='1. Back Up Aspal'!W76 -> 0 | N27: ='1. Back Up Aspal'!Z76 -> 0 | O27: ='1. Back Up Aspal'!AA76 -> 1 | P27: ='1. Back Up Aspal'!AD76 -> 0 | Q27: ='1. Back Up Aspal'!AE76 -> 1 | R27: ='1. Back Up Aspal'!AH76 -> 0 | S27: ='1. Back Up Aspal'!AK76 -> 0 | T27: ='1. Back Up Aspal'!AN76 -> 0
C28: =D27 -> 700 | D28: =C28+100 -> 800 | E28: 4.5 | F28: =(100/((D28-C28)*E28))*((I28*0.5)+(J28*0.5)+(K28*4)+(L28*4)+(M28*1)+(N28*2)+(P28*1.5)+(R28*1)+(S28*1)+(T28*1)) -> 0 | G28: =IF(F28<=25,"B",IF(F28<=75,"S",IF(F28<=100,"RR","RB"))) -> B | I28: ='1. Back Up Aspal'!K84 -> 0 | J28: ='1. Back Up Aspal'!N84 -> 0 | K28: ='1. Back Up Aspal'!Q84 -> 0 | L28: ='1. Back Up Aspal'!T84 -> 0 | M28: ='1. Back Up Aspal'!W84 -> 0 | N28: ='1. Back Up Aspal'!Z84 -> 0 | O28: ='1. Back Up Aspal'!AA84 -> 1 | P28: ='1. Back Up Aspal'!AD84 -> 0 | Q28: ='1. Back Up Aspal'!AE84 -> 1 | R28: ='1. Back Up Aspal'!AH84 -> 0 | S28: ='1. Back Up Aspal'!AK84 -> 0 | T28: ='1. Back Up Aspal'!AN84 -> 0
C29: =D28 -> 800 | D29: =C29+100 -> 900 | E29: 4.5 | F29: =(100/((D29-C29)*E29))*((I29*0.5)+(J29*0.5)+(K29*4)+(L29*4)+(M29*1)+(N29*2)+(P29*1.5)+(R29*1)+(S29*1)+(T29*1)) -> 0 | G29: =IF(F29<=25,"B",IF(F29<=75,"S",IF(F29<=100,"RR","RB"))) -> B | I29: ='1. Back Up Aspal'!K92 -> 0 | J29: ='1. Back Up Aspal'!N92 -> 0 | K29: ='1. Back Up Aspal'!Q92 -> 0 | L29: ='1. Back Up Aspal'!T92 -> 0 | M29: ='1. Back Up Aspal'!W92 -> 0 | N29: ='1. Back Up Aspal'!Z92 -> 0 | O29: ='1. Back Up Aspal'!AA92 -> 1 | P29: ='1. Back Up Aspal'!AD92 -> 0 | Q29: ='1. Back Up Aspal'!AE92 -> 1 | R29: ='1. Back Up Aspal'!AH92 -> 0 | S29: ='1. Back Up Aspal'!AK92 -> 0 | T29: ='1. Back Up Aspal'!AN92 -> 0
C30: =D29 -> 900 | D30: =C30+100 -> 1000 | E30: 4.5 | F30: =(100/((D30-C30)*E30))*((I30*0.5)+(J30*0.5)+(K30*4)+(L30*4)+(M30*1)+(N30*2)+(P30*1.5)+(R30*1)+(S30*1)+(T30*1)) -> 0 | G30: =IF(F30<=25,"B",IF(F30<=75,"S",IF(F30<=100,"RR","RB"))) -> B | I30: ='1. Back Up Aspal'!K100 -> 0 | J30: ='1. Back Up Aspal'!N100 -> 0 | K30: ='1. Back Up Aspal'!Q100 -> 0 | L30: ='1. Back Up Aspal'!T100 -> 0 | M30: ='1. Back Up Aspal'!W100 -> 0 | N30: ='1. Back Up Aspal'!Z100 -> 0 | O30: ='1. Back Up Aspal'!AA100 -> 1 | P30: ='1. Back Up Aspal'!AD100 -> 0 | Q30: ='1. Back Up Aspal'!AE100 -> 1 | R30: ='1. Back Up Aspal'!AH100 -> 0 | S30: ='1. Back Up Aspal'!AK100 -> 0 | T30: ='1. Back Up Aspal'!AN100 -> 0
C31: =D30 -> 1000 | D31: =C31+100 -> 1100 | E31: 4.5 | F31: =(100/((D31-C31)*E31))*((I31*0.5)+(J31*0.5)+(K31*4)+(L31*4)+(M31*1)+(N31*2)+(P31*1.5)+(R31*1)+(S31*1)+(T31*1)) -> 0 | G31: =IF(F31<=25,"B",IF(F31<=75,"S",IF(F31<=100,"RR","RB"))) -> B | I31: ='1. Back Up Aspal'!K108 -> 0 | J31: ='1. Back Up Aspal'!N108 -> 0 | K31: ='1. Back Up Aspal'!Q108 -> 0 | L31: ='1. Back Up Aspal'!T108 -> 0 | M31: ='1. Back Up Aspal'!W108 -> 0 | N31: ='1. Back Up Aspal'!Z108 -> 0 | O31: ='1. Back Up Aspal'!AA108 -> 1 | P31: ='1. Back Up Aspal'!AD108 -> 0 | Q31: ='1. Back Up Aspal'!AE108 -> 1 | R31: ='1. Back Up Aspal'!AH108 -> 0 | S31: ='1. Back Up Aspal'!AK108 -> 0 | T31: ='1. Back Up Aspal'!AN108 -> 0
C32: =D31 -> 1100 | D32: =C32+100 -> 1200 | E32: 4.5 | F32: =(100/((D32-C32)*E32))*((I32*0.5)+(J32*0.5)+(K32*4)+(L32*4)+(M32*1)+(N32*2)+(P32*1.5)+(R32*1)+(S32*1)+(T32*1)) -> 0 | G32: =IF(F32<=25,"B",IF(F32<=75,"S",IF(F32<=100,"RR","RB"))) -> B | I32: ='1. Back Up Aspal'!K116 -> 0 | J32: ='1. Back Up Aspal'!N116 -> 0 | K32: ='1. Back Up Aspal'!Q116 -> 0 | L32: ='1. Back Up Aspal'!T116 -> 0 | M32: ='1. Back Up Aspal'!W116 -> 0 | N32: ='1. Back Up Aspal'!Z116 -> 0 | O32: ='1. Back Up Aspal'!AA116 -> 1 | P32: ='1. Back Up Aspal'!AD116 -> 0 | Q32: ='1. Back Up Aspal'!AE116 -> 1 | R32: ='1. Back Up Aspal'!AH116 -> 0 | S32: ='1. Back Up Aspal'!AK116 -> 0 | T32: ='1. Back Up Aspal'!AN116 -> 0
C33: =D32 -> 1200 | D33: =C33+100 -> 1300 | E33: 4.5 | F33: =(100/((D33-C33)*E33))*((I33*0.5)+(J33*0.5)+(K33*4)+(L33*4)+(M33*1)+(N33*2)+(P33*1.5)+(R33*1)+(S33*1)+(T33*1)) -> 0 | G33: =IF(F33<=25,"B",IF(F33<=75,"S",IF(F33<=100,"RR","RB"))) -> B | I33: ='1. Back Up Aspal'!K124 -> 0 | J33: ='1. Back Up Aspal'!N124 -> 0 | K33: ='1. Back Up Aspal'!Q124 -> 0 | L33: ='1. Back Up Aspal'!T124 -> 0 | M33: ='1. Back Up Aspal'!W124 -> 0 | N33: ='1. Back Up Aspal'!Z124 -> 0 | O33: ='1. Back Up Aspal'!AA124 -> 1 | P33: ='1. Back Up Aspal'!AD124 -> 0 | Q33: ='1. Back Up Aspal'!AE124 -> 1 | R33: ='1. Back Up Aspal'!AH124 -> 0 | S33: ='1. Back Up Aspal'!AK124 -> 0 | T33: ='1. Back Up Aspal'!AN124 -> 0
C34: =D33 -> 1300 | D34: =C34+100 -> 1400 | E34: 4.5 | F34: =(100/((D34-C34)*E34))*((I34*0.5)+(J34*0.5)+(K34*4)+(L34*4)+(M34*1)+(N34*2)+(P34*1.5)+(R34*1)+(S34*1)+(T34*1)) -> 0 | G34: =IF(F34<=25,"B",IF(F34<=75,"S",IF(F34<=100,"RR","RB"))) -> B | I34: ='1. Back Up Aspal'!K132 -> 0 | J34: ='1. Back Up Aspal'!N132 -> 0 | K34: ='1. Back Up Aspal'!Q132 -> 0 | L34: ='1. Back Up Aspal'!T132 -> 0 | M34: ='1. Back Up Aspal'!W132 -> 0 | N34: ='1. Back Up Aspal'!Z132 -> 0 | O34: ='1. Back Up Aspal'!AA132 -> 1 | P34: ='1. Back Up Aspal'!AD132 -> 0 | Q34: ='1. Back Up Aspal'!AE132 -> 1 | R34: ='1. Back Up Aspal'!AH132 -> 0 | S34: ='1. Back Up Aspal'!AK132 -> 0 | T34: ='1. Back Up Aspal'!AN132 -> 0
C35: =D34 -> 1400 | D35: =C35+100 -> 1500 | E35: 4.5 | F35: =(100/((D35-C35)*E35))*((I35*0.5)+(J35*0.5)+(K35*4)+(L35*4)+(M35*1)+(N35*2)+(P35*1.5)+(R35*1)+(S35*1)+(T35*1)) -> 0 | G35: =IF(F35<=25,"B",IF(F35<=75,"S",IF(F35<=100,"RR","RB"))) -> B | I35: ='1. Back Up Aspal'!K140 -> 0 | J35: ='1. Back Up Aspal'!N140 -> 0 | K35: ='1. Back Up Aspal'!Q140 -> 0 | L35: ='1. Back Up Aspal'!T140 -> 0 | M35: ='1. Back Up Aspal'!W140 -> 0 | N35: ='1. Back Up Aspal'!Z140 -> 0 | O35: ='1. Back Up Aspal'!AA140 -> 1 | P35: ='1. Back Up Aspal'!AD140 -> 0 | Q35: ='1. Back Up Aspal'!AE140 -> 1 | R35: ='1. Back Up Aspal'!AH140 -> 0 | S35: ='1. Back Up Aspal'!AK140 -> 0 | T35: ='1. Back Up Aspal'!AN140 -> 0
C36: =D35 -> 1500 | D36: =C36+100 -> 1600 | E36: 4.5 | F36: =(100/((D36-C36)*E36))*((I36*0.5)+(J36*0.5)+(K36*4)+(L36*4)+(M36*1)+(N36*2)+(P36*1.5)+(R36*1)+(S36*1)+(T36*1)) -> 0 | G36: =IF(F36<=25,"B",IF(F36<=75,"S",IF(F36<=100,"RR","RB"))) -> B | I36: ='1. Back Up Aspal'!K148 -> 0 | J36: ='1. Back Up Aspal'!N148 -> 0 | K36: ='1. Back Up Aspal'!Q148 -> 0 | L36: ='1. Back Up Aspal'!T148 -> 0 | M36: ='1. Back Up Aspal'!W148 -> 0 | N36: ='1. Back Up Aspal'!Z148 -> 0 | O36: ='1. Back Up Aspal'!AA148 -> 1 | P36: ='1. Back Up Aspal'!AD148 -> 0 | Q36: ='1. Back Up Aspal'!AE148 -> 1 | R36: ='1. Back Up Aspal'!AH148 -> 0 | S36: ='1. Back Up Aspal'!AK148 -> 0 | T36: ='1. Back Up Aspal'!AN148 -> 0
C37: =D36 -> 1600 | D37: =C37+100 -> 1700 | E37: 4.5 | F37: =(100/((D37-C37)*E37))*((I37*0.5)+(J37*0.5)+(K37*4)+(L37*4)+(M37*1)+(N37*2)+(P37*1.5)+(R37*1)+(S37*1)+(T37*1)) -> 0 | G37: =IF(F37<=25,"B",IF(F37<=75,"S",IF(F37<=100,"RR","RB"))) -> B | I37: ='1. Back Up Aspal'!K156 -> 0 | J37: ='1. Back Up Aspal'!N156 -> 0 | K37: ='1. Back Up Aspal'!Q156 -> 0 | L37: ='1. Back Up Aspal'!T156 -> 0 | M37: ='1. Back Up Aspal'!W156 -> 0 | N37: ='1. Back Up Aspal'!Z156 -> 0 | O37: ='1. Back Up Aspal'!AA156 -> 1 | P37: ='1. Back Up Aspal'!AD156 -> 0 | Q37: ='1. Back Up Aspal'!AE156 -> 1 | R37: ='1. Back Up Aspal'!AH156 -> 0 | S37: ='1. Back Up Aspal'!AK156 -> 0 | T37: ='1. Back Up Aspal'!AN156 -> 0
C38: =D37 -> 1700 | D38: =C38+100 -> 1800 | E38: 4.5 | F38: =(100/((D38-C38)*E38))*((I38*0.5)+(J38*0.5)+(K38*4)+(L38*4)+(M38*1)+(N38*2)+(P38*1.5)+(R38*1)+(S38*1)+(T38*1)) -> 0 | G38: =IF(F38<=25,"B",IF(F38<=75,"S",IF(F38<=100,"RR","RB"))) -> B | I38: ='1. Back Up Aspal'!K164 -> 0 | J38: ='1. Back Up Aspal'!N164 -> 0 | K38: ='1. Back Up Aspal'!Q164 -> 0 | L38: ='1. Back Up Aspal'!T164 -> 0 | M38: ='1. Back Up Aspal'!W164 -> 0 | N38: ='1. Back Up Aspal'!Z164 -> 0 | O38: ='1. Back Up Aspal'!AA164 -> 1 | P38: ='1. Back Up Aspal'!AD164 -> 0 | Q38: ='1. Back Up Aspal'!AE164 -> 1 | R38: ='1. Back Up Aspal'!AH164 -> 0 | S38: ='1. Back Up Aspal'!AK164 -> 0 | T38: ='1. Back Up Aspal'!AN164 -> 0
C39: =D38 -> 1800 | D39: =C39+100 -> 1900 | E39: 6 | F39: =(100/((D39-C39)*E39))*((I39*0.5)+(J39*0.5)+(K39*4)+(L39*4)+(M39*1)+(N39*2)+(P39*1.5)+(R39*1)+(S39*1)+(T39*1)) -> 0 | G39: =IF(F39<=25,"B",IF(F39<=75,"S",IF(F39<=100,"RR","RB"))) -> B | I39: ='1. Back Up Aspal'!K172 -> 0 | J39: ='1. Back Up Aspal'!N172 -> 0 | K39: ='1. Back Up Aspal'!Q172 -> 0 | L39: ='1. Back Up Aspal'!T172 -> 0 | M39: ='1. Back Up Aspal'!W172 -> 0 | N39: ='1. Back Up Aspal'!Z172 -> 0 | O39: ='1. Back Up Aspal'!AA172 -> 1 | P39: ='1. Back Up Aspal'!AD172 -> 0 | Q39: ='1. Back Up Aspal'!AE172 -> 1 | R39: ='1. Back Up Aspal'!AH172 -> 0 | S39: ='1. Back Up Aspal'!AK172 -> 0 | T39: ='1. Back Up Aspal'!AN172 -> 0
C40: =D39 -> 1900 | D40: =C40+100 -> 2000 | E40: 6 | F40: =(100/((D40-C40)*E40))*((I40*0.5)+(J40*0.5)+(K40*4)+(L40*4)+(M40*1)+(N40*2)+(P40*1.5)+(R40*1)+(S40*1)+(T40*1)) -> 0 | G40: =IF(F40<=25,"B",IF(F40<=75,"S",IF(F40<=100,"RR","RB"))) -> B | I40: ='1. Back Up Aspal'!K180 -> 0 | J40: ='1. Back Up Aspal'!N180 -> 0 | K40: ='1. Back Up Aspal'!Q180 -> 0 | L40: ='1. Back Up Aspal'!T180 -> 0 | M40: ='1. Back Up Aspal'!W180 -> 0 | N40: ='1. Back Up Aspal'!Z180 -> 0 | O40: ='1. Back Up Aspal'!AA180 -> 1 | P40: ='1. Back Up Aspal'!AD180 -> 0 | Q40: ='1. Back Up Aspal'!AE180 -> 1 | R40: ='1. Back Up Aspal'!AH180 -> 0 | S40: ='1. Back Up Aspal'!AK180 -> 0 | T40: ='1. Back Up Aspal'!AN180 -> 0
C41: =D40 -> 2000 | D41: =C41+100 -> 2100 | E41: 6 | F41: =(100/((D41-C41)*E41))*((I41*0.5)+(J41*0.5)+(K41*4)+(L41*4)+(M41*1)+(N41*2)+(P41*1.5)+(R41*1)+(S41*1)+(T41*1)) -> 0 | G41: =IF(F41<=25,"B",IF(F41<=75,"S",IF(F41<=100,"RR","RB"))) -> B | I41: ='1. Back Up Aspal'!K188 -> 0 | J41: ='1. Back Up Aspal'!N188 -> 0 | K41: ='1. Back Up Aspal'!Q188 -> 0 | L41: ='1. Back Up Aspal'!T188 -> 0 | M41: ='1. Back Up Aspal'!W188 -> 0 | N41: ='1. Back Up Aspal'!Z188 -> 0 | O41: ='1. Back Up Aspal'!AA188 -> 1 | P41: ='1. Back Up Aspal'!AD188 -> 0 | Q41: ='1. Back Up Aspal'!AE188 -> 1 | R41: ='1. Back Up Aspal'!AH188 -> 0 | S41: ='1. Back Up Aspal'!AK188 -> 0 | T41: ='1. Back Up Aspal'!AN188 -> 0
C42: =D41 -> 2100 | D42: =C42+100 -> 2200 | E42: 6 | F42: =(100/((D42-C42)*E42))*((I42*0.5)+(J42*0.5)+(K42*4)+(L42*4)+(M42*1)+(N42*2)+(P42*1.5)+(R42*1)+(S42*1)+(T42*1)) -> 1.6666667 | G42: =IF(F42<=25,"B",IF(F42<=75,"S",IF(F42<=100,"RR","RB"))) -> B | I42: ='1. Back Up Aspal'!K196 -> 0 | J42: ='1. Back Up Aspal'!N196 -> 0 | K42: ='1. Back Up Aspal'!Q196 -> 0 | L42: ='1. Back Up Aspal'!T196 -> 0 | M42: ='1. Back Up Aspal'!W196 -> 10 | N42: ='1. Back Up Aspal'!Z196 -> 0 | O42: ='1. Back Up Aspal'!AA196 -> 1 | P42: ='1. Back Up Aspal'!AD196 -> 0 | Q42: ='1. Back Up Aspal'!AE196 -> 1 | R42: ='1. Back Up Aspal'!AH196 -> 0 | S42: ='1. Back Up Aspal'!AK196 -> 0 | T42: ='1. Back Up Aspal'!AN196 -> 0
C43: =D42 -> 2200 | D43: =C43+100 -> 2300 | E43: 6 | F43: =(100/((D43-C43)*E43))*((I43*0.5)+(J43*0.5)+(K43*4)+(L43*4)+(M43*1)+(N43*2)+(P43*1.5)+(R43*1)+(S43*1)+(T43*1)) -> 0 | G43: =IF(F43<=25,"B",IF(F43<=75,"S",IF(F43<=100,"RR","RB"))) -> B | I43: ='1. Back Up Aspal'!K204 -> 0 | J43: ='1. Back Up Aspal'!N204 -> 0 | K43: ='1. Back Up Aspal'!Q204 -> 0 | L43: ='1. Back Up Aspal'!T204 -> 0 | M43: ='1. Back Up Aspal'!W204 -> 0 | N43: ='1. Back Up Aspal'!Z204 -> 0 | O43: ='1. Back Up Aspal'!AA204 -> 1 | P43: ='1. Back Up Aspal'!AD204 -> 0 | Q43: ='1. Back Up Aspal'!AE204 -> 1 | R43: ='1. Back Up Aspal'!AH204 -> 0 | S43: ='1. Back Up Aspal'!AK204 -> 0 | T43: ='1. Back Up Aspal'!AN204 -> 0
C44: =D43 -> 2300 | D44: =C44+100 -> 2400 | E44: 6 | F44: =(100/((D44-C44)*E44))*((I44*0.5)+(J44*0.5)+(K44*4)+(L44*4)+(M44*1)+(N44*2)+(P44*1.5)+(R44*1)+(S44*1)+(T44*1)) -> 0 | G44: =IF(F44<=25,"B",IF(F44<=75,"S",IF(F44<=100,"RR","RB"))) -> B | I44: ='1. Back Up Aspal'!K212 -> 0 | J44: ='1. Back Up Aspal'!N212 -> 0 | K44: ='1. Back Up Aspal'!Q212 -> 0 | L44: ='1. Back Up Aspal'!T212 -> 0 | M44: ='1. Back Up Aspal'!W212 -> 0 | N44: ='1. Back Up Aspal'!Z212 -> 0 | O44: ='1. Back Up Aspal'!AA212 -> 1 | P44: ='1. Back Up Aspal'!AD212 -> 0 | Q44: ='1. Back Up Aspal'!AE212 -> 1 | R44: ='1. Back Up Aspal'!AH212 -> 0 | S44: ='1. Back Up Aspal'!AK212 -> 0 | T44: ='1. Back Up Aspal'!AN212 -> 0
C45: =D44 -> 2400 | D45: =C45+100 -> 2500 | E45: 6 | F45: =(100/((D45-C45)*E45))*((I45*0.5)+(J45*0.5)+(K45*4)+(L45*4)+(M45*1)+(N45*2)+(P45*1.5)+(R45*1)+(S45*1)+(T45*1)) -> 0 | G45: =IF(F45<=25,"B",IF(F45<=75,"S",IF(F45<=100,"RR","RB"))) -> B | I45: ='1. Back Up Aspal'!K220 -> 0 | J45: ='1. Back Up Aspal'!N220 -> 0 | K45: ='1. Back Up Aspal'!Q220 -> 0 | L45: ='1. Back Up Aspal'!T220 -> 0 | M45: ='1. Back Up Aspal'!W220 -> 0 | N45: ='1. Back Up Aspal'!Z220 -> 0 | O45: ='1. Back Up Aspal'!AA220 -> 1 | P45: ='1. Back Up Aspal'!AD220 -> 0 | Q45: ='1. Back Up Aspal'!AE220 -> 1 | R45: ='1. Back Up Aspal'!AH220 -> 0 | S45: ='1. Back Up Aspal'!AK220 -> 0 | T45: ='1. Back Up Aspal'!AN220 -> 0
C46: =D45 -> 2500 | D46: =C46+100 -> 2600 | E46: 6 | F46: =(100/((D46-C46)*E46))*((I46*0.5)+(J46*0.5)+(K46*4)+(L46*4)+(M46*1)+(N46*2)+(P46*1.5)+(R46*1)+(S46*1)+(T46*1)) -> 0.66666667 | G46: =IF(F46<=25,"B",IF(F46<=75,"S",IF(F46<=100,"RR","RB"))) -> B | I46: ='1. Back Up Aspal'!K228 -> 0 | J46: ='1. Back Up Aspal'!N228 -> 0 | K46: ='1. Back Up Aspal'!Q228 -> 0 | L46: ='1. Back Up Aspal'!T228 -> 0 | M46: ='1. Back Up Aspal'!W228 -> 4 | N46: ='1. Back Up Aspal'!Z228 -> 0 | O46: ='1. Back Up Aspal'!AA228 -> 1 | P46: ='1. Back Up Aspal'!AD228 -> 0 | Q46: ='1. Back Up Aspal'!AE228 -> 1 | R46: ='1. Back Up Aspal'!AH228 -> 0 | S46: ='1. Back Up Aspal'!AK228 -> 0 | T46: ='1. Back Up Aspal'!AN228 -> 0
C47: =D46 -> 2600 | D47: =C47+100 -> 2700 | E47: 6 | F47: =(100/((D47-C47)*E47))*((I47*0.5)+(J47*0.5)+(K47*4)+(L47*4)+(M47*1)+(N47*2)+(P47*1.5)+(R47*1)+(S47*1)+(T47*1)) -> 1.6666667 | G47: =IF(F47<=25,"B",IF(F47<=75,"S",IF(F47<=100,"RR","RB"))) -> B | I47: ='1. Back Up Aspal'!K236 -> 0 | J47: ='1. Back Up Aspal'!N236 -> 0 | K47: ='1. Back Up Aspal'!Q236 -> 0 | L47: ='1. Back Up Aspal'!T236 -> 0 | M47: ='1. Back Up Aspal'!W236 -> 10 | N47: ='1. Back Up Aspal'!Z236 -> 0 | O47: ='1. Back Up Aspal'!AA236 -> 1 | P47: ='1. Back Up Aspal'!AD236 -> 0 | Q47: ='1. Back Up Aspal'!AE236 -> 1 | R47: ='1. Back Up Aspal'!AH236 -> 0 | S47: ='1. Back Up Aspal'!AK236 -> 0 | T47: ='1. Back Up Aspal'!AN236 -> 0
C48: =D47 -> 2700 | D48: =C48+100 -> 2800 | E48: 6 | F48: =(100/((D48-C48)*E48))*((I48*0.5)+(J48*0.5)+(K48*4)+(L48*4)+(M48*1)+(N48*2)+(P48*1.5)+(R48*1)+(S48*1)+(T48*1)) -> 2.5 | G48: =IF(F48<=25,"B",IF(F48<=75,"S",IF(F48<=100,"RR","RB"))) -> B | I48: ='1. Back Up Aspal'!K244 -> 0 | J48: ='1. Back Up Aspal'!N244 -> 0 | K48: ='1. Back Up Aspal'!Q244 -> 0 | L48: ='1. Back Up Aspal'!T244 -> 0 | M48: ='1. Back Up Aspal'!W244 -> 15 | N48: ='1. Back Up Aspal'!Z244 -> 0 | O48: ='1. Back Up Aspal'!AA244 -> 1 | P48: ='1. Back Up Aspal'!AD244 -> 0 | Q48: ='1. Back Up Aspal'!AE244 -> 1 | R48: ='1. Back Up Aspal'!AH244 -> 0 | S48: ='1. Back Up Aspal'!AK244 -> 0 | T48: ='1. Back Up Aspal'!AN244 -> 0
C49: =D48 -> 2800 | D49: =C49+100 -> 2900 | E49: 6 | F49: =(100/((D49-C49)*E49))*((I49*0.5)+(J49*0.5)+(K49*4)+(L49*4)+(M49*1)+(N49*2)+(P49*1.5)+(R49*1)+(S49*1)+(T49*1)) -> 0.010416667 | G49: =IF(F49<=25,"B",IF(F49<=75,"S",IF(F49<=100,"RR","RB"))) -> B | I49: ='1. Back Up Aspal'!K252 -> 0 | J49: ='1. Back Up Aspal'!N252 -> 0 | K49: ='1. Back Up Aspal'!Q252 -> 0 | L49: ='1. Back Up Aspal'!T252 -> 0 | M49: ='1. Back Up Aspal'!W252 -> 0.0625 | N49: ='1. Back Up Aspal'!Z252 -> 0 | O49: ='1. Back Up Aspal'!AA252 -> 1 | P49: ='1. Back Up Aspal'!AD252 -> 0 | Q49: ='1. Back Up Aspal'!AE252 -> 1 | R49: ='1. Back Up Aspal'!AH252 -> 0 | S49: ='1. Back Up Aspal'!AK252 -> 0 | T49: ='1. Back Up Aspal'!AN252 -> 0
C50: =D49 -> 2900 | D50: =C50+100 -> 3000 | E50: 6 | F50: =(100/((D50-C50)*E50))*((I50*0.5)+(J50*0.5)+(K50*4)+(L50*4)+(M50*1)+(N50*2)+(P50*1.5)+(R50*1)+(S50*1)+(T50*1)) -> 0 | G50: =IF(F50<=25,"B",IF(F50<=75,"S",IF(F50<=100,"RR","RB"))) -> B | I50: ='1. Back Up Aspal'!K260 -> 0 | J50: ='1. Back Up Aspal'!N260 -> 0 | K50: ='1. Back Up Aspal'!Q260 -> 0 | L50: ='1. Back Up Aspal'!T260 -> 0 | M50: ='1. Back Up Aspal'!W260 -> 0 | N50: ='1. Back Up Aspal'!Z260 -> 0 | O50: ='1. Back Up Aspal'!AA260 -> 1 | P50: ='1. Back Up Aspal'!AD260 -> 0 | Q50: ='1. Back Up Aspal'!AE260 -> 1 | R50: ='1. Back Up Aspal'!AH260 -> 0 | S50: ='1. Back Up Aspal'!AK260 -> 0 | T50: ='1. Back Up Aspal'!AN260 -> 0
C51: =D50 -> 3000 | D51: =C51+100 -> 3100 | E51: 4.5 | F51: =(100/((D51-C51)*E51))*((I51*0.5)+(J51*0.5)+(K51*4)+(L51*4)+(M51*1)+(N51*2)+(P51*1.5)+(R51*1)+(S51*1)+(T51*1)) -> 9.7777778 | G51: =IF(F51<=25,"B",IF(F51<=75,"S",IF(F51<=100,"RR","RB"))) -> B | I51: ='1. Back Up Aspal'!K268 -> 0 | J51: ='1. Back Up Aspal'!N268 -> 0 | K51: ='1. Back Up Aspal'!Q268 -> 0 | L51: ='1. Back Up Aspal'!T268 -> 11 | M51: ='1. Back Up Aspal'!W268 -> 0 | N51: ='1. Back Up Aspal'!Z268 -> 0 | O51: ='1. Back Up Aspal'!AA268 -> 1 | P51: ='1. Back Up Aspal'!AD268 -> 0 | Q51: ='1. Back Up Aspal'!AE268 -> 1 | R51: ='1. Back Up Aspal'!AH268 -> 0 | S51: ='1. Back Up Aspal'!AK268 -> 0 | T51: ='1. Back Up Aspal'!AN268 -> 0
C52: =D51 -> 3100 | D52: =C52+100 -> 3200 | E52: 4.5 | F52: =(100/((D52-C52)*E52))*((I52*0.5)+(J52*0.5)+(K52*4)+(L52*4)+(M52*1)+(N52*2)+(P52*1.5)+(R52*1)+(S52*1)+(T52*1)) -> 7.1111111 | G52: =IF(F52<=25,"B",IF(F52<=75,"S",IF(F52<=100,"RR","RB"))) -> B | I52: ='1. Back Up Aspal'!K276 -> 0 | J52: ='1. Back Up Aspal'!N276 -> 0 | K52: ='1. Back Up Aspal'!Q276 -> 0 | L52: ='1. Back Up Aspal'!T276 -> 8 | M52: ='1. Back Up Aspal'!W276 -> 0 | N52: ='1. Back Up Aspal'!Z276 -> 0 | O52: ='1. Back Up Aspal'!AA276 -> 1 | P52: ='1. Back Up Aspal'!AD276 -> 0 | Q52: ='1. Back Up Aspal'!AE276 -> 1 | R52: ='1. Back Up Aspal'!AH276 -> 0 | S52: ='1. Back Up Aspal'!AK276 -> 0 | T52: ='1. Back Up Aspal'!AN276 -> 0
C53: =D52 -> 3200 | D53: =C53+100 -> 3300 | E53: 4.5 | F53: =(100/((D53-C53)*E53))*((I53*0.5)+(J53*0.5)+(K53*4)+(L53*4)+(M53*1)+(N53*2)+(P53*1.5)+(R53*1)+(S53*1)+(T53*1)) -> 8.2777778 | G53: =IF(F53<=25,"B",IF(F53<=75,"S",IF(F53<=100,"RR","RB"))) -> B | I53: ='1. Back Up Aspal'!K284 -> 0 | J53: ='1. Back Up Aspal'!N284 -> 42.5 | K53: ='1. Back Up Aspal'!Q284 -> 0 | L53: ='1. Back Up Aspal'!T284 -> 4 | M53: ='1. Back Up Aspal'!W284 -> 0 | N53: ='1. Back Up Aspal'!Z284 -> 0 | O53: ='1. Back Up Aspal'!AA284 -> 1 | P53: ='1. Back Up Aspal'!AD284 -> 0 | Q53: ='1. Back Up Aspal'!AE284 -> 1 | R53: ='1. Back Up Aspal'!AH284 -> 0 | S53: ='1. Back Up Aspal'!AK284 -> 0 | T53: ='1. Back Up Aspal'!AN284 -> 0
C54: =D53 -> 3300 | D54: =C54+100 -> 3400 | E54: 4.5 | F54: =(100/((D54-C54)*E54))*((I54*0.5)+(J54*0.5)+(K54*4)+(L54*4)+(M54*1)+(N54*2)+(P54*1.5)+(R54*1)+(S54*1)+(T54*1)) -> 14.444444 | G54: =IF(F54<=25,"B",IF(F54<=75,"S",IF(F54<=100,"RR","RB"))) -> B | I54: ='1. Back Up Aspal'!K292 -> 0 | J54: ='1. Back Up Aspal'!N292 -> 10 | K54: ='1. Back Up Aspal'!Q292 -> 0 | L54: ='1. Back Up Aspal'!T292 -> 15 | M54: ='1. Back Up Aspal'!W292 -> 0 | N54: ='1. Back Up Aspal'!Z292 -> 0 | O54: ='1. Back Up Aspal'!AA292 -> 1 | P54: ='1. Back Up Aspal'!AD292 -> 0 | Q54: ='1. Back Up Aspal'!AE292 -> 1 | R54: ='1. Back Up Aspal'!AH292 -> 0 | S54: ='1. Back Up Aspal'!AK292 -> 0 | T54: ='1. Back Up Aspal'!AN292 -> 0
C55: =D54 -> 3400 | D55: =C55+100 -> 3500 | E55: 4.5 | F55: =(100/((D55-C55)*E55))*((I55*0.5)+(J55*0.5)+(K55*4)+(L55*4)+(M55*1)+(N55*2)+(P55*1.5)+(R55*1)+(S55*1)+(T55*1)) -> 1.1388889 | G55: =IF(F55<=25,"B",IF(F55<=75,"S",IF(F55<=100,"RR","RB"))) -> B | I55: ='1. Back Up Aspal'!K300 -> 0 | J55: ='1. Back Up Aspal'!N300 -> 10.25 | K55: ='1. Back Up Aspal'!Q300 -> 0 | L55: ='1. Back Up Aspal'!T300 -> 0 | M55: ='1. Back Up Aspal'!W300 -> 0 | N55: ='1. Back Up Aspal'!Z300 -> 0 | O55: ='1. Back Up Aspal'!AA300 -> 1 | P55: ='1. Back Up Aspal'!AD300 -> 0 | Q55: ='1. Back Up Aspal'!AE300 -> 1 | R55: ='1. Back Up Aspal'!AH300 -> 0 | S55: ='1. Back Up Aspal'!AK300 -> 0 | T55: ='1. Back Up Aspal'!AN300 -> 0
C56: =D55 -> 3500 | D56: =C56+100 -> 3600 | E56: 4.5 | F56: =(100/((D56-C56)*E56))*((I56*0.5)+(J56*0.5)+(K56*4)+(L56*4)+(M56*1)+(N56*2)+(P56*1.5)+(R56*1)+(S56*1)+(T56*1)) -> 192.44444 | G56: =IF(F56<=25,"B",IF(F56<=75,"S",IF(F56<=100,"RR","RB"))) -> RB | I56: ='1. Back Up Aspal'!K308 -> 0 | J56: ='1. Back Up Aspal'!N308 -> 4 | K56: ='1. Back Up Aspal'!Q308 -> 202 | L56: ='1. Back Up Aspal'!T308 -> 14 | M56: ='1. Back Up Aspal'!W308 -> 0 | N56: ='1. Back Up Aspal'!Z308 -> 0 | O56: ='1. Back Up Aspal'!AA308 -> 1 | P56: ='1. Back Up Aspal'!AD308 -> 0 | Q56: ='1. Back Up Aspal'!AE308 -> 1 | R56: ='1. Back Up Aspal'!AH308 -> 0 | S56: ='1. Back Up Aspal'!AK308 -> 0 | T56: ='1. Back Up Aspal'!AN308 -> 0
C57: =D56 -> 3600 | D57: =C57+100 -> 3700 | E57: 4.5 | F57: =(100/((D57-C57)*E57))*((I57*0.5)+(J57*0.5)+(K57*4)+(L57*4)+(M57*1)+(N57*2)+(P57*1.5)+(R57*1)+(S57*1)+(T57*1)) -> 111.66667 | G57: =IF(F57<=25,"B",IF(F57<=75,"S",IF(F57<=100,"RR","RB"))) -> RB | I57: ='1. Back Up Aspal'!K316 -> 0 | J57: ='1. Back Up Aspal'!N316 -> 45 | K57: ='1. Back Up Aspal'!Q316 -> 120 | L57: ='1. Back Up Aspal'!T316 -> 0 | M57: ='1. Back Up Aspal'!W316 -> 0 | N57: ='1. Back Up Aspal'!Z316 -> 0 | O57: ='1. Back Up Aspal'!AA316 -> 1 | P57: ='1. Back Up Aspal'!AD316 -> 0 | Q57: ='1. Back Up Aspal'!AE316 -> 1 | R57: ='1. Back Up Aspal'!AH316 -> 0 | S57: ='1. Back Up Aspal'!AK316 -> 0 | T57: ='1. Back Up Aspal'!AN316 -> 0
C58: =D57 -> 3700 | D58: =C58+100 -> 3800 | E58: 4.5 | F58: =(100/((D58-C58)*E58))*((I58*0.5)+(J58*0.5)+(K58*4)+(L58*4)+(M58*1)+(N58*2)+(P58*1.5)+(R58*1)+(S58*1)+(T58*1)) -> 189.44444 | G58: =IF(F58<=25,"B",IF(F58<=75,"S",IF(F58<=100,"RR","RB"))) -> RB | I58: ='1. Back Up Aspal'!K324 -> 0 | J58: ='1. Back Up Aspal'!N324 -> 9 | K58: ='1. Back Up Aspal'!Q324 -> 204 | L58: ='1. Back Up Aspal'!T324 -> 8 | M58: ='1. Back Up Aspal'!W324 -> 0 | N58: ='1. Back Up Aspal'!Z324 -> 0 | O58: ='1. Back Up Aspal'!AA324 -> 1 | P58: ='1. Back Up Aspal'!AD324 -> 0 | Q58: ='1. Back Up Aspal'!AE324 -> 1 | R58: ='1. Back Up Aspal'!AH324 -> 0 | S58: ='1. Back Up Aspal'!AK324 -> 0 | T58: ='1. Back Up Aspal'!AN324 -> 0
C59: =D58 -> 3800 | D59: =C59+100 -> 3900 | E59: 4.5 | F59: =(100/((D59-C59)*E59))*((I59*0.5)+(J59*0.5)+(K59*4)+(L59*4)+(M59*1)+(N59*2)+(P59*1.5)+(R59*1)+(S59*1)+(T59*1)) -> 261.44444 | G59: =IF(F59<=25,"B",IF(F59<=75,"S",IF(F59<=100,"RR","RB"))) -> RB | I59: ='1. Back Up Aspal'!K332 -> 0 | J59: ='1. Back Up Aspal'!N332 -> 13 | K59: ='1. Back Up Aspal'!Q332 -> 292.5 | L59: ='1. Back Up Aspal'!T332 -> 0 | M59: ='1. Back Up Aspal'!W332 -> 0 | N59: ='1. Back Up Aspal'!Z332 -> 0 | O59: ='1. Back Up Aspal'!AA332 -> 1 | P59: ='1. Back Up Aspal'!AD332 -> 0 | Q59: ='1. Back Up Aspal'!AE332 -> 1 | R59: ='1. Back Up Aspal'!AH332 -> 0 | S59: ='1. Back Up Aspal'!AK332 -> 0 | T59: ='1. Back Up Aspal'!AN332 -> 0
C60: =D59 -> 3900 | D60: =C60+100 -> 4000 | E60: 6 | F60: =(100/((D60-C60)*E60))*((I60*0.5)+(J60*0.5)+(K60*4)+(L60*4)+(M60*1)+(N60*2)+(P60*1.5)+(R60*1)+(S60*1)+(T60*1)) -> 125 | G60: =IF(F60<=25,"B",IF(F60<=75,"S",IF(F60<=100,"RR","RB"))) -> RB | I60: ='1. Back Up Aspal'!K340 -> 0 | J60: ='1. Back Up Aspal'!N340 -> 0 | K60: ='1. Back Up Aspal'!Q340 -> 157.5 | L60: ='1. Back Up Aspal'!T340 -> 30 | M60: ='1. Back Up Aspal'!W340 -> 0 | N60: ='1. Back Up Aspal'!Z340 -> 0 | O60: ='1. Back Up Aspal'!AA340 -> 1 | P60: ='1. Back Up Aspal'!AD340 -> 0 | Q60: ='1. Back Up Aspal'!AE340 -> 1 | R60: ='1. Back Up Aspal'!AH340 -> 0 | S60: ='1. Back Up Aspal'!AK340 -> 0 | T60: ='1. Back Up Aspal'!AN340 -> 0
C61: =D60 -> 4000 | D61: =C61+100 -> 4100 | E61: 6 | F61: =(100/((D61-C61)*E61))*((I61*0.5)+(J61*0.5)+(K61*4)+(L61*4)+(M61*1)+(N61*2)+(P61*1.5)+(R61*1)+(S61*1)+(T61*1)) -> 103.75 | G61: =IF(F61<=25,"B",IF(F61<=75,"S",IF(F61<=100,"RR","RB"))) -> RB | I61: ='1. Back Up Aspal'!K348 -> 0 | J61: ='1. Back Up Aspal'!N348 -> 45 | K61: ='1. Back Up Aspal'!Q348 -> 150 | L61: ='1. Back Up Aspal'!T348 -> 0 | M61: ='1. Back Up Aspal'!W348 -> 0 | N61: ='1. Back Up Aspal'!Z348 -> 0 | O61: ='1. Back Up Aspal'!AA348 -> 1 | P61: ='1. Back Up Aspal'!AD348 -> 0 | Q61: ='1. Back Up Aspal'!AE348 -> 1 | R61: ='1. Back Up Aspal'!AH348 -> 0 | S61: ='1. Back Up Aspal'!AK348 -> 0 | T61: ='1. Back Up Aspal'!AN348 -> 0
C62: =D61 -> 4100 | D62: =C62+100 -> 4200 | E62: 6 | F62: =(100/((D62-C62)*E62))*((I62*0.5)+(J62*0.5)+(K62*4)+(L62*4)+(M62*1)+(N62*2)+(P62*1.5)+(R62*1)+(S62*1)+(T62*1)) -> 9.5125 | G62: =IF(F62<=25,"B",IF(F62<=75,"S",IF(F62<=100,"RR","RB"))) -> B | I62: ='1. Back Up Aspal'!K356 -> 0 | J62: ='1. Back Up Aspal'!N356 -> 0.15 | K62: ='1. Back Up Aspal'!Q356 -> 3 | L62: ='1. Back Up Aspal'!T356 -> 9 | M62: ='1. Back Up Aspal'!W356 -> 0 | N62: ='1. Back Up Aspal'!Z356 -> 0 | O62: ='1. Back Up Aspal'!AA356 -> 1 | P62: ='1. Back Up Aspal'!AD356 -> 6 | Q62: ='1. Back Up Aspal'!AE356 -> 4 | R62: ='1. Back Up Aspal'!AH356 -> 0 | S62: ='1. Back Up Aspal'!AK356 -> 0 | T62: ='1. Back Up Aspal'!AN356 -> 0
C63: =D62 -> 4200 | D63: =C63+100 -> 4300 | E63: 6 | F63: =(100/((D63-C63)*E63))*((I63*0.5)+(J63*0.5)+(K63*4)+(L63*4)+(M63*1)+(N63*2)+(P63*1.5)+(R63*1)+(S63*1)+(T63*1)) -> 66.666667 | G63: =IF(F63<=25,"B",IF(F63<=75,"S",IF(F63<=100,"RR","RB"))) -> S | I63: ='1. Back Up Aspal'!K364 -> 0 | J63: ='1. Back Up Aspal'!N364 -> 0 | K63: ='1. Back Up Aspal'!Q364 -> 100 | L63: ='1. Back Up Aspal'!T364 -> 0 | M63: ='1. Back Up Aspal'!W364 -> 0 | N63: ='1. Back Up Aspal'!Z364 -> 0 | O63: ='1. Back Up Aspal'!AA364 -> 1 | P63: ='1. Back Up Aspal'!AD364 -> 0 | Q63: ='1. Back Up Aspal'!AE364 -> 1 | R63: ='1. Back Up Aspal'!AH364 -> 0 | S63: ='1. Back Up Aspal'!AK364 -> 0 | T63: ='1. Back Up Aspal'!AN364 -> 0
C64: =D63 -> 4300 | D64: =C64+100 -> 4400 | E64: 6 | F64: =(100/((D64-C64)*E64))*((I64*0.5)+(J64*0.5)+(K64*4)+(L64*4)+(M64*1)+(N64*2)+(P64*1.5)+(R64*1)+(S64*1)+(T64*1)) -> 0 | G64: =IF(F64<=25,"B",IF(F64<=75,"S",IF(F64<=100,"RR","RB"))) -> B | I64: ='1. Back Up Aspal'!K372 -> 0 | J64: ='1. Back Up Aspal'!N372 -> 0 | K64: ='1. Back Up Aspal'!Q372 -> 0 | L64: ='1. Back Up Aspal'!T372 -> 0 | M64: ='1. Back Up Aspal'!W372 -> 0 | N64: ='1. Back Up Aspal'!Z372 -> 0 | O64: ='1. Back Up Aspal'!AA372 -> 1 | P64: ='1. Back Up Aspal'!AD372 -> 0 | Q64: ='1. Back Up Aspal'!AE372 -> 1 | R64: ='1. Back Up Aspal'!AH372 -> 0 | S64: ='1. Back Up Aspal'!AK372 -> 0 | T64: ='1. Back Up Aspal'!AN372 -> 0
C65: =D64 -> 4400 | D65: =C65+100 -> 4500 | E65: 6 | F65: =(100/((D65-C65)*E65))*((I65*0.5)+(J65*0.5)+(K65*4)+(L65*4)+(M65*1)+(N65*2)+(P65*1.5)+(R65*1)+(S65*1)+(T65*1)) -> 0 | G65: =IF(F65<=25,"B",IF(F65<=75,"S",IF(F65<=100,"RR","RB"))) -> B | I65: ='1. Back Up Aspal'!K380 -> 0 | J65: ='1. Back Up Aspal'!N380 -> 0 | K65: ='1. Back Up Aspal'!Q380 -> 0 | L65: ='1. Back Up Aspal'!T380 -> 0 | M65: ='1. Back Up Aspal'!W380 -> 0 | N65: ='1. Back Up Aspal'!Z380 -> 0 | O65: ='1. Back Up Aspal'!AA380 -> 1 | P65: ='1. Back Up Aspal'!AD380 -> 0 | Q65: ='1. Back Up Aspal'!AE380 -> 1 | R65: ='1. Back Up Aspal'!AH380 -> 0 | S65: ='1. Back Up Aspal'!AK380 -> 0 | T65: ='1. Back Up Aspal'!AN380 -> 0
C66: =D65 -> 4500 | D66: =C66+100 -> 4600 | E66: 6 | F66: =(100/((D66-C66)*E66))*((I66*0.5)+(J66*0.5)+(K66*4)+(L66*4)+(M66*1)+(N66*2)+(P66*1.5)+(R66*1)+(S66*1)+(T66*1)) -> 0 | G66: =IF(F66<=25,"B",IF(F66<=75,"S",IF(F66<=100,"RR","RB"))) -> B | I66: ='1. Back Up Aspal'!K388 -> 0 | J66: ='1. Back Up Aspal'!N388 -> 0 | K66: ='1. Back Up Aspal'!Q388 -> 0 | L66: ='1. Back Up Aspal'!T388 -> 0 | M66: ='1. Back Up Aspal'!W388 -> 0 | N66: ='1. Back Up Aspal'!Z388 -> 0 | O66: ='1. Back Up Aspal'!AA388 -> 1 | P66: ='1. Back Up Aspal'!AD388 -> 0 | Q66: ='1. Back Up Aspal'!AE388 -> 1 | R66: ='1. Back Up Aspal'!AH388 -> 0 | S66: ='1. Back Up Aspal'!AK388 -> 0 | T66: ='1. Back Up Aspal'!AN388 -> 0
C67: =D66 -> 4600 | D67: =C67+100 -> 4700 | E67: 6 | F67: =(100/((D67-C67)*E67))*((I67*0.5)+(J67*0.5)+(K67*4)+(L67*4)+(M67*1)+(N67*2)+(P67*1.5)+(R67*1)+(S67*1)+(T67*1)) -> 0 | G67: =IF(F67<=25,"B",IF(F67<=75,"S",IF(F67<=100,"RR","RB"))) -> B | I67: ='1. Back Up Aspal'!K396 -> 0 | J67: ='1. Back Up Aspal'!N396 -> 0 | K67: ='1. Back Up Aspal'!Q396 -> 0 | L67: ='1. Back Up Aspal'!T396 -> 0 | M67: ='1. Back Up Aspal'!W396 -> 0 | N67: ='1. Back Up Aspal'!Z396 -> 0 | O67: ='1. Back Up Aspal'!AA396 -> 1 | P67: ='1. Back Up Aspal'!AD396 -> 0 | Q67: ='1. Back Up Aspal'!AE396 -> 1 | R67: ='1. Back Up Aspal'!AH396 -> 0 | S67: ='1. Back Up Aspal'!AK396 -> 0 | T67: ='1. Back Up Aspal'!AN396 -> 0
C68: =D67 -> 4700 | D68: =C68+100 -> 4800 | E68: 6 | F68: =(100/((D68-C68)*E68))*((I68*0.5)+(J68*0.5)+(K68*4)+(L68*4)+(M68*1)+(N68*2)+(P68*1.5)+(R68*1)+(S68*1)+(T68*1)) -> 0 | G68: =IF(F68<=25,"B",IF(F68<=75,"S",IF(F68<=100,"RR","RB"))) -> B | I68: ='1. Back Up Aspal'!K404 -> 0 | J68: ='1. Back Up Aspal'!N404 -> 0 | K68: ='1. Back Up Aspal'!Q404 -> 0 | L68: ='1. Back Up Aspal'!T404 -> 0 | M68: ='1. Back Up Aspal'!W404 -> 0 | N68: ='1. Back Up Aspal'!Z404 -> 0 | O68: ='1. Back Up Aspal'!AA404 -> 1 | P68: ='1. Back Up Aspal'!AD404 -> 0 | Q68: ='1. Back Up Aspal'!AE404 -> 1 | R68: ='1. Back Up Aspal'!AH404 -> 0 | S68: ='1. Back Up Aspal'!AK404 -> 0 | T68: ='1. Back Up Aspal'!AN404 -> 0
C69: =D68 -> 4800 | D69: =C69+100 -> 4900 | E69: 6 | F69: =(100/((D69-C69)*E69))*((I69*0.5)+(J69*0.5)+(K69*4)+(L69*4)+(M69*1)+(N69*2)+(P69*1.5)+(R69*1)+(S69*1)+(T69*1)) -> 0 | G69: =IF(F69<=25,"B",IF(F69<=75,"S",IF(F69<=100,"RR","RB"))) -> B | I69: ='1. Back Up Aspal'!K412 -> 0 | J69: ='1. Back Up Aspal'!N412 -> 0 | K69: ='1. Back Up Aspal'!Q412 -> 0 | L69: ='1. Back Up Aspal'!T412 -> 0 | M69: ='1. Back Up Aspal'!W412 -> 0 | N69: ='1. Back Up Aspal'!Z412 -> 0 | O69: ='1. Back Up Aspal'!AA412 -> 1 | P69: ='1. Back Up Aspal'!AD412 -> 0 | Q69: ='1. Back Up Aspal'!AE412 -> 1 | R69: ='1. Back Up Aspal'!AH412 -> 0 | S69: ='1. Back Up Aspal'!AK412 -> 0 | T69: ='1. Back Up Aspal'!AN412 -> 0
C70: =D69 -> 4900 | D70: =C70+100 -> 5000 | E70: 6 | F70: =(100/((D70-C70)*E70))*((I70*0.5)+(J70*0.5)+(K70*4)+(L70*4)+(M70*1)+(N70*2)+(P70*1.5)+(R70*1)+(S70*1)+(T70*1)) -> 1.3333333 | G70: =IF(F70<=25,"B",IF(F70<=75,"S",IF(F70<=100,"RR","RB"))) -> B | I70: ='1. Back Up Aspal'!K420 -> 0 | J70: ='1. Back Up Aspal'!N420 -> 16 | K70: ='1. Back Up Aspal'!Q420 -> 0 | L70: ='1. Back Up Aspal'!T420 -> 0 | M70: ='1. Back Up Aspal'!W420 -> 0 | N70: ='1. Back Up Aspal'!Z420 -> 0 | O70: ='1. Back Up Aspal'!AA420 -> 1 | P70: ='1. Back Up Aspal'!AD420 -> 0 | Q70: ='1. Back Up Aspal'!AE420 -> 1 | R70: ='1. Back Up Aspal'!AH420 -> 0 | S70: ='1. Back Up Aspal'!AK420 -> 0 | T70: ='1. Back Up Aspal'!AN420 -> 0
C71: =D70 -> 5000 | D71: =C71+100 -> 5100 | E71: 6 | F71: =(100/((D71-C71)*E71))*((I71*0.5)+(J71*0.5)+(K71*4)+(L71*4)+(M71*1)+(N71*2)+(P71*1.5)+(R71*1)+(S71*1)+(T71*1)) -> 0 | G71: =IF(F71<=25,"B",IF(F71<=75,"S",IF(F71<=100,"RR","RB"))) -> B | I71: ='1. Back Up Aspal'!K428 -> 0 | J71: ='1. Back Up Aspal'!N428 -> 0 | K71: ='1. Back Up Aspal'!Q428 -> 0 | L71: ='1. Back Up Aspal'!T428 -> 0 | M71: ='1. Back Up Aspal'!W428 -> 0 | N71: ='1. Back Up Aspal'!Z428 -> 0 | O71: ='1. Back Up Aspal'!AA428 -> 1 | P71: ='1. Back Up Aspal'!AD428 -> 0 | Q71: ='1. Back Up Aspal'!AE428 -> 1 | R71: ='1. Back Up Aspal'!AH428 -> 0 | S71: ='1. Back Up Aspal'!AK428 -> 0 | T71: ='1. Back Up Aspal'!AN428 -> 0
C72: =D71 -> 5100 | D72: =C72+100 -> 5200 | E72: 6 | F72: =(100/((D72-C72)*E72))*((I72*0.5)+(J72*0.5)+(K72*4)+(L72*4)+(M72*1)+(N72*2)+(P72*1.5)+(R72*1)+(S72*1)+(T72*1)) -> 0 | G72: =IF(F72<=25,"B",IF(F72<=75,"S",IF(F72<=100,"RR","RB"))) -> B | I72: ='1. Back Up Aspal'!K436 -> 0 | J72: ='1. Back Up Aspal'!N436 -> 0 | K72: ='1. Back Up Aspal'!Q436 -> 0 | L72: ='1. Back Up Aspal'!T436 -> 0 | M72: ='1. Back Up Aspal'!W436 -> 0 | N72: ='1. Back Up Aspal'!Z436 -> 0 | O72: ='1. Back Up Aspal'!AA436 -> 1 | P72: ='1. Back Up Aspal'!AD436 -> 0 | Q72: ='1. Back Up Aspal'!AE436 -> 1 | R72: ='1. Back Up Aspal'!AH436 -> 0 | S72: ='1. Back Up Aspal'!AK436 -> 0 | T72: ='1. Back Up Aspal'!AN436 -> 0
C73: =D72 -> 5200 | D73: =C73+100 -> 5300 | E73: 6 | F73: =(100/((D73-C73)*E73))*((I73*0.5)+(J73*0.5)+(K73*4)+(L73*4)+(M73*1)+(N73*2)+(P73*1.5)+(R73*1)+(S73*1)+(T73*1)) -> 0 | G73: =IF(F73<=25,"B",IF(F73<=75,"S",IF(F73<=100,"RR","RB"))) -> B | I73: ='1. Back Up Aspal'!K444 -> 0 | J73: ='1. Back Up Aspal'!N444 -> 0 | K73: ='1. Back Up Aspal'!Q444 -> 0 | L73: ='1. Back Up Aspal'!T444 -> 0 | M73: ='1. Back Up Aspal'!W444 -> 0 | N73: ='1. Back Up Aspal'!Z444 -> 0 | O73: ='1. Back Up Aspal'!AA444 -> 1 | P73: ='1. Back Up Aspal'!AD444 -> 0 | Q73: ='1. Back Up Aspal'!AE444 -> 1 | R73: ='1. Back Up Aspal'!AH444 -> 0 | S73: ='1. Back Up Aspal'!AK444 -> 0 | T73: ='1. Back Up Aspal'!AN444 -> 0
C74: =D73 -> 5300 | D74: =C74+100 -> 5400 | E74: 6 | F74: =(100/((D74-C74)*E74))*((I74*0.5)+(J74*0.5)+(K74*4)+(L74*4)+(M74*1)+(N74*2)+(P74*1.5)+(R74*1)+(S74*1)+(T74*1)) -> 0 | G74: =IF(F74<=25,"B",IF(F74<=75,"S",IF(F74<=100,"RR","RB"))) -> B | I74: ='1. Back Up Aspal'!K452 -> 0 | J74: ='1. Back Up Aspal'!N452 -> 0 | K74: ='1. Back Up Aspal'!Q452 -> 0 | L74: ='1. Back Up Aspal'!T452 -> 0 | M74: ='1. Back Up Aspal'!W452 -> 0 | N74: ='1. Back Up Aspal'!Z452 -> 0 | O74: ='1. Back Up Aspal'!AA452 -> 1 | P74: ='1. Back Up Aspal'!AD452 -> 0 | Q74: ='1. Back Up Aspal'!AE452 -> 1 | R74: ='1. Back Up Aspal'!AH452 -> 0 | S74: ='1. Back Up Aspal'!AK452 -> 0 | T74: ='1. Back Up Aspal'!AN452 -> 0
C75: =D74 -> 5400 | D75: =C75+100 -> 5500 | E75: 6 | F75: =(100/((D75-C75)*E75))*((I75*0.5)+(J75*0.5)+(K75*4)+(L75*4)+(M75*1)+(N75*2)+(P75*1.5)+(R75*1)+(S75*1)+(T75*1)) -> 0 | G75: =IF(F75<=25,"B",IF(F75<=75,"S",IF(F75<=100,"RR","RB"))) -> B | I75: ='1. Back Up Aspal'!K460 -> 0 | J75: ='1. Back Up Aspal'!N460 -> 0 | K75: ='1. Back Up Aspal'!Q460 -> 0 | L75: ='1. Back Up Aspal'!T460 -> 0 | M75: ='1. Back Up Aspal'!W460 -> 0 | N75: ='1. Back Up Aspal'!Z460 -> 0 | O75: ='1. Back Up Aspal'!AA460 -> 1 | P75: ='1. Back Up Aspal'!AD460 -> 0 | Q75: ='1. Back Up Aspal'!AE460 -> 1 | R75: ='1. Back Up Aspal'!AH460 -> 0 | S75: ='1. Back Up Aspal'!AK460 -> 0 | T75: ='1. Back Up Aspal'!AN460 -> 0
C76: =D75 -> 5500 | D76: =C76+100 -> 5600 | E76: 6 | F76: =(100/((D76-C76)*E76))*((I76*0.5)+(J76*0.5)+(K76*4)+(L76*4)+(M76*1)+(N76*2)+(P76*1.5)+(R76*1)+(S76*1)+(T76*1)) -> 0 | G76: =IF(F76<=25,"B",IF(F76<=75,"S",IF(F76<=100,"RR","RB"))) -> B | I76: ='1. Back Up Aspal'!K468 -> 0 | J76: ='1. Back Up Aspal'!N468 -> 0 | K76: ='1. Back Up Aspal'!Q468 -> 0 | L76: ='1. Back Up Aspal'!T468 -> 0 | M76: ='1. Back Up Aspal'!W468 -> 0 | N76: ='1. Back Up Aspal'!Z468 -> 0 | O76: ='1. Back Up Aspal'!AA468 -> 1 | P76: ='1. Back Up Aspal'!AD468 -> 0 | Q76: ='1. Back Up Aspal'!AE468 -> 1 | R76: ='1. Back Up Aspal'!AH468 -> 0 | S76: ='1. Back Up Aspal'!AK468 -> 0 | T76: ='1. Back Up Aspal'!AN468 -> 0
C77: =D76 -> 5600 | D77: =C77+100 -> 5700 | E77: 6 | F77: =(100/((D77-C77)*E77))*((I77*0.5)+(J77*0.5)+(K77*4)+(L77*4)+(M77*1)+(N77*2)+(P77*1.5)+(R77*1)+(S77*1)+(T77*1)) -> 0 | G77: =IF(F77<=25,"B",IF(F77<=75,"S",IF(F77<=100,"RR","RB"))) -> B | I77: ='1. Back Up Aspal'!K476 -> 0 | J77: ='1. Back Up Aspal'!N476 -> 0 | K77: ='1. Back Up Aspal'!Q476 -> 0 | L77: ='1. Back Up Aspal'!T476 -> 0 | M77: ='1. Back Up Aspal'!W476 -> 0 | N77: ='1. Back Up Aspal'!Z476 -> 0 | O77: ='1. Back Up Aspal'!AA476 -> 1 | P77: ='1. Back Up Aspal'!AD476 -> 0 | Q77: ='1. Back Up Aspal'!AE476 -> 1 | R77: ='1. Back Up Aspal'!AH476 -> 0 | S77: ='1. Back Up Aspal'!AK476 -> 0 | T77: ='1. Back Up Aspal'!AN476 -> 0
C78: =D77 -> 5700 | D78: =C78+100 -> 5800 | E78: 6 | F78: =(100/((D78-C78)*E78))*((I78*0.5)+(J78*0.5)+(K78*4)+(L78*4)+(M78*1)+(N78*2)+(P78*1.5)+(R78*1)+(S78*1)+(T78*1)) -> 0 | G78: =IF(F78<=25,"B",IF(F78<=75,"S",IF(F78<=100,"RR","RB"))) -> B | I78: ='1. Back Up Aspal'!K484 -> 0 | J78: ='1. Back Up Aspal'!N484 -> 0 | K78: ='1. Back Up Aspal'!Q484 -> 0 | L78: ='1. Back Up Aspal'!T484 -> 0 | M78: ='1. Back Up Aspal'!W484 -> 0 | N78: ='1. Back Up Aspal'!Z484 -> 0 | O78: ='1. Back Up Aspal'!AA484 -> 1 | P78: ='1. Back Up Aspal'!AD484 -> 0 | Q78: ='1. Back Up Aspal'!AE484 -> 1 | R78: ='1. Back Up Aspal'!AH484 -> 0 | S78: ='1. Back Up Aspal'!AK484 -> 0 | T78: ='1. Back Up Aspal'!AN484 -> 0
C79: =D78 -> 5800 | D79: =C79+100 -> 5900 | E79: 6 | F79: =(100/((D79-C79)*E79))*((I79*0.5)+(J79*0.5)+(K79*4)+(L79*4)+(M79*1)+(N79*2)+(P79*1.5)+(R79*1)+(S79*1)+(T79*1)) -> 0 | G79: =IF(F79<=25,"B",IF(F79<=75,"S",IF(F79<=100,"RR","RB"))) -> B | I79: ='1. Back Up Aspal'!K492 -> 0 | J79: ='1. Back Up Aspal'!N492 -> 0 | K79: ='1. Back Up Aspal'!Q492 -> 0 | L79: ='1. Back Up Aspal'!T492 -> 0 | M79: ='1. Back Up Aspal'!W492 -> 0 | N79: ='1. Back Up Aspal'!Z492 -> 0 | O79: ='1. Back Up Aspal'!AA492 -> 1 | P79: ='1. Back Up Aspal'!AD492 -> 0 | Q79: ='1. Back Up Aspal'!AE492 -> 1 | R79: ='1. Back Up Aspal'!AH492 -> 0 | S79: ='1. Back Up Aspal'!AK492 -> 0 | T79: ='1. Back Up Aspal'!AN492 -> 0
C80: =D79 -> 5900 | D80: =C80+100 -> 6000 | E80: 6 | F80: =(100/((D80-C80)*E80))*((I80*0.5)+(J80*0.5)+(K80*4)+(L80*4)+(M80*1)+(N80*2)+(P80*1.5)+(R80*1)+(S80*1)+(T80*1)) -> 0 | G80: =IF(F80<=25,"B",IF(F80<=75,"S",IF(F80<=100,"RR","RB"))) -> B | I80: ='1. Back Up Aspal'!K500 -> 0 | J80: ='1. Back Up Aspal'!N500 -> 0 | K80: ='1. Back Up Aspal'!Q500 -> 0 | L80: ='1. Back Up Aspal'!T500 -> 0 | M80: ='1. Back Up Aspal'!W500 -> 0 | N80: ='1. Back Up Aspal'!Z500 -> 0 | O80: ='1. Back Up Aspal'!AA500 -> 1 | P80: ='1. Back Up Aspal'!AD500 -> 0 | Q80: ='1. Back Up Aspal'!AE500 -> 1 | R80: ='1. Back Up Aspal'!AH500 -> 0 | S80: ='1. Back Up Aspal'!AK500 -> 0 | T80: ='1. Back Up Aspal'!AN500 -> 0
C81: =D80 -> 6000 | D81: =C81+100 -> 6100 | E81: 6 | F81: =(100/((D81-C81)*E81))*((I81*0.5)+(J81*0.5)+(K81*4)+(L81*4)+(M81*1)+(N81*2)+(P81*1.5)+(R81*1)+(S81*1)+(T81*1)) -> 0 | G81: =IF(F81<=25,"B",IF(F81<=75,"S",IF(F81<=100,"RR","RB"))) -> B | I81: ='1. Back Up Aspal'!K508 -> 0 | J81: ='1. Back Up Aspal'!N508 -> 0 | K81: ='1. Back Up Aspal'!Q508 -> 0 | L81: ='1. Back Up Aspal'!T508 -> 0 | M81: ='1. Back Up Aspal'!W508 -> 0 | N81: ='1. Back Up Aspal'!Z508 -> 0 | O81: ='1. Back Up Aspal'!AA508 -> 1 | P81: ='1. Back Up Aspal'!AD508 -> 0 | Q81: ='1. Back Up Aspal'!AE508 -> 1 | R81: ='1. Back Up Aspal'!AH508 -> 0 | S81: ='1. Back Up Aspal'!AK508 -> 0 | T81: ='1. Back Up Aspal'!AN508 -> 0
C82: =D81 -> 6100 | D82: =C82+100 -> 6200 | E82: 6 | F82: =(100/((D82-C82)*E82))*((I82*0.5)+(J82*0.5)+(K82*4)+(L82*4)+(M82*1)+(N82*2)+(P82*1.5)+(R82*1)+(S82*1)+(T82*1)) -> 0 | G82: =IF(F82<=25,"B",IF(F82<=75,"S",IF(F82<=100,"RR","RB"))) -> B | I82: ='1. Back Up Aspal'!K516 -> 0 | J82: ='1. Back Up Aspal'!N516 -> 0 | K82: ='1. Back Up Aspal'!Q516 -> 0 | L82: ='1. Back Up Aspal'!T516 -> 0 | M82: ='1. Back Up Aspal'!W516 -> 0 | N82: ='1. Back Up Aspal'!Z516 -> 0 | O82: ='1. Back Up Aspal'!AA516 -> 1 | P82: ='1. Back Up Aspal'!AD516 -> 0 | Q82: ='1. Back Up Aspal'!AE516 -> 1 | R82: ='1. Back Up Aspal'!AH516 -> 0 | S82: ='1. Back Up Aspal'!AK516 -> 0 | T82: ='1. Back Up Aspal'!AN516 -> 0
C83: =D82 -> 6200 | D83: =C83+100 -> 6300 | E83: 6 | F83: =(100/((D83-C83)*E83))*((I83*0.5)+(J83*0.5)+(K83*4)+(L83*4)+(M83*1)+(N83*2)+(P83*1.5)+(R83*1)+(S83*1)+(T83*1)) -> 2.3333333 | G83: =IF(F83<=25,"B",IF(F83<=75,"S",IF(F83<=100,"RR","RB"))) -> B | I83: ='1. Back Up Aspal'!K524 -> 0 | J83: ='1. Back Up Aspal'!N524 -> 0 | K83: ='1. Back Up Aspal'!Q524 -> 0 | L83: ='1. Back Up Aspal'!T524 -> 2 | M83: ='1. Back Up Aspal'!W524 -> 0 | N83: ='1. Back Up Aspal'!Z524 -> 0 | O83: ='1. Back Up Aspal'!AA524 -> 1 | P83: ='1. Back Up Aspal'!AD524 -> 4 | Q83: ='1. Back Up Aspal'!AE524 -> 4 | R83: ='1. Back Up Aspal'!AH524 -> 0 | S83: ='1. Back Up Aspal'!AK524 -> 0 | T83: ='1. Back Up Aspal'!AN524 -> 0
C84: =D83 -> 6300 | D84: =C84+100 -> 6400 | E84: 6 | F84: =(100/((D84-C84)*E84))*((I84*0.5)+(J84*0.5)+(K84*4)+(L84*4)+(M84*1)+(N84*2)+(P84*1.5)+(R84*1)+(S84*1)+(T84*1)) -> 0 | G84: =IF(F84<=25,"B",IF(F84<=75,"S",IF(F84<=100,"RR","RB"))) -> B | I84: ='1. Back Up Aspal'!K532 -> 0 | J84: ='1. Back Up Aspal'!N532 -> 0 | K84: ='1. Back Up Aspal'!Q532 -> 0 | L84: ='1. Back Up Aspal'!T532 -> 0 | M84: ='1. Back Up Aspal'!W532 -> 0 | N84: ='1. Back Up Aspal'!Z532 -> 0 | O84: ='1. Back Up Aspal'!AA532 -> 1 | P84: ='1. Back Up Aspal'!AD532 -> 0 | Q84: ='1. Back Up Aspal'!AE532 -> 1 | R84: ='1. Back Up Aspal'!AH532 -> 0 | S84: ='1. Back Up Aspal'!AK532 -> 0 | T84: ='1. Back Up Aspal'!AN532 -> 0
C85: =D84 -> 6400 | D85: =C85+100 -> 6500 | E85: 6 | F85: =(100/((D85-C85)*E85))*((I85*0.5)+(J85*0.5)+(K85*4)+(L85*4)+(M85*1)+(N85*2)+(P85*1.5)+(R85*1)+(S85*1)+(T85*1)) -> 0 | G85: =IF(F85<=25,"B",IF(F85<=75,"S",IF(F85<=100,"RR","RB"))) -> B | I85: ='1. Back Up Aspal'!K540 -> 0 | J85: ='1. Back Up Aspal'!N540 -> 0 | K85: ='1. Back Up Aspal'!Q540 -> 0 | L85: ='1. Back Up Aspal'!T540 -> 0 | M85: ='1. Back Up Aspal'!W540 -> 0 | N85: ='1. Back Up Aspal'!Z540 -> 0 | O85: ='1. Back Up Aspal'!AA540 -> 1 | P85: ='1. Back Up Aspal'!AD540 -> 0 | Q85: ='1. Back Up Aspal'!AE540 -> 1 | R85: ='1. Back Up Aspal'!AH540 -> 0 | S85: ='1. Back Up Aspal'!AK540 -> 0 | T85: ='1. Back Up Aspal'!AN540 -> 0
C86: =D85 -> 6500 | D86: =C86+100 -> 6600 | E86: 6 | F86: =(100/((D86-C86)*E86))*((I86*0.5)+(J86*0.5)+(K86*4)+(L86*4)+(M86*1)+(N86*2)+(P86*1.5)+(R86*1)+(S86*1)+(T86*1)) -> 0 | G86: =IF(F86<=25,"B",IF(F86<=75,"S",IF(F86<=100,"RR","RB"))) -> B | I86: ='1. Back Up Aspal'!K548 -> 0 | J86: ='1. Back Up Aspal'!N548 -> 0 | K86: ='1. Back Up Aspal'!Q548 -> 0 | L86: ='1. Back Up Aspal'!T548 -> 0 | M86: ='1. Back Up Aspal'!W548 -> 0 | N86: ='1. Back Up Aspal'!Z548 -> 0 | O86: ='1. Back Up Aspal'!AA548 -> 1 | P86: ='1. Back Up Aspal'!AD548 -> 0 | Q86: ='1. Back Up Aspal'!AE548 -> 1 | R86: ='1. Back Up Aspal'!AH548 -> 0 | S86: ='1. Back Up Aspal'!AK548 -> 0 | T86: ='1. Back Up Aspal'!AN548 -> 0
C87: =D86 -> 6600 | D87: =C87+100 -> 6700 | E87: 6 | F87: =(100/((D87-C87)*E87))*((I87*0.5)+(J87*0.5)+(K87*4)+(L87*4)+(M87*1)+(N87*2)+(P87*1.5)+(R87*1)+(S87*1)+(T87*1)) -> 0 | G87: =IF(F87<=25,"B",IF(F87<=75,"S",IF(F87<=100,"RR","RB"))) -> B | I87: ='1. Back Up Aspal'!K556 -> 0 | J87: ='1. Back Up Aspal'!N556 -> 0 | K87: ='1. Back Up Aspal'!Q556 -> 0 | L87: ='1. Back Up Aspal'!T556 -> 0 | M87: ='1. Back Up Aspal'!W556 -> 0 | N87: ='1. Back Up Aspal'!Z556 -> 0 | O87: ='1. Back Up Aspal'!AA556 -> 1 | P87: ='1. Back Up Aspal'!AD556 -> 0 | Q87: ='1. Back Up Aspal'!AE556 -> 1 | R87: ='1. Back Up Aspal'!AH556 -> 0 | S87: ='1. Back Up Aspal'!AK556 -> 0 | T87: ='1. Back Up Aspal'!AN556 -> 0
C88: =D87 -> 6700 | D88: =C88+100 -> 6800 | E88: 6 | F88: =(100/((D88-C88)*E88))*((I88*0.5)+(J88*0.5)+(K88*4)+(L88*4)+(M88*1)+(N88*2)+(P88*1.5)+(R88*1)+(S88*1)+(T88*1)) -> 8.6666667 | G88: =IF(F88<=25,"B",IF(F88<=75,"S",IF(F88<=100,"RR","RB"))) -> B | I88: ='1. Back Up Aspal'!K564 -> 0 | J88: ='1. Back Up Aspal'!N564 -> 0 | K88: ='1. Back Up Aspal'!Q564 -> 0 | L88: ='1. Back Up Aspal'!T564 -> 13 | M88: ='1. Back Up Aspal'!W564 -> 0 | N88: ='1. Back Up Aspal'!Z564 -> 0 | O88: ='1. Back Up Aspal'!AA564 -> 1 | P88: ='1. Back Up Aspal'!AD564 -> 0 | Q88: ='1. Back Up Aspal'!AE564 -> 1 | R88: ='1. Back Up Aspal'!AH564 -> 0 | S88: ='1. Back Up Aspal'!AK564 -> 0 | T88: ='1. Back Up Aspal'!AN564 -> 0
C89: =D88 -> 6800 | D89: =C89+100 -> 6900 | E89: 6 | F89: =(100/((D89-C89)*E89))*((I89*0.5)+(J89*0.5)+(K89*4)+(L89*4)+(M89*1)+(N89*2)+(P89*1.5)+(R89*1)+(S89*1)+(T89*1)) -> 8.0833333 | G89: =IF(F89<=25,"B",IF(F89<=75,"S",IF(F89<=100,"RR","RB"))) -> B | I89: ='1. Back Up Aspal'!K572 -> 0 | J89: ='1. Back Up Aspal'!N572 -> 1 | K89: ='1. Back Up Aspal'!Q572 -> 0 | L89: ='1. Back Up Aspal'!T572 -> 12 | M89: ='1. Back Up Aspal'!W572 -> 0 | N89: ='1. Back Up Aspal'!Z572 -> 0 | O89: ='1. Back Up Aspal'!AA572 -> 1 | P89: ='1. Back Up Aspal'!AD572 -> 0 | Q89: ='1. Back Up Aspal'!AE572 -> 1 | R89: ='1. Back Up Aspal'!AH572 -> 0 | S89: ='1. Back Up Aspal'!AK572 -> 0 | T89: ='1. Back Up Aspal'!AN572 -> 0
C90: =D89 -> 6900 | D90: =C90+100 -> 7000 | E90: 6 | F90: =(100/((D90-C90)*E90))*((I90*0.5)+(J90*0.5)+(K90*4)+(L90*4)+(M90*1)+(N90*2)+(P90*1.5)+(R90*1)+(S90*1)+(T90*1)) -> 0 | G90: =IF(F90<=25,"B",IF(F90<=75,"S",IF(F90<=100,"RR","RB"))) -> B | I90: ='1. Back Up Aspal'!K580 -> 0 | J90: ='1. Back Up Aspal'!N580 -> 0 | K90: ='1. Back Up Aspal'!Q580 -> 0 | L90: ='1. Back Up Aspal'!T580 -> 0 | M90: ='1. Back Up Aspal'!W580 -> 0 | N90: ='1. Back Up Aspal'!Z580 -> 0 | O90: ='1. Back Up Aspal'!AA580 -> 1 | P90: ='1. Back Up Aspal'!AD580 -> 0 | Q90: ='1. Back Up Aspal'!AE580 -> 1 | R90: ='1. Back Up Aspal'!AH580 -> 0 | S90: ='1. Back Up Aspal'!AK580 -> 0 | T90: ='1. Back Up Aspal'!AN580 -> 0
C91: =D90 -> 7000 | D91: =C91+100 -> 7100 | E91: 6 | F91: =(100/((D91-C91)*E91))*((I91*0.5)+(J91*0.5)+(K91*4)+(L91*4)+(M91*1)+(N91*2)+(P91*1.5)+(R91*1)+(S91*1)+(T91*1)) -> 0.66666667 | G91: =IF(F91<=25,"B",IF(F91<=75,"S",IF(F91<=100,"RR","RB"))) -> B | I91: ='1. Back Up Aspal'!K588 -> 0 | J91: ='1. Back Up Aspal'!N588 -> 0 | K91: ='1. Back Up Aspal'!Q588 -> 0 | L91: ='1. Back Up Aspal'!T588 -> 1 | M91: ='1. Back Up Aspal'!W588 -> 0 | N91: ='1. Back Up Aspal'!Z588 -> 0 | O91: ='1. Back Up Aspal'!AA588 -> 1 | P91: ='1. Back Up Aspal'!AD588 -> 0 | Q91: ='1. Back Up Aspal'!AE588 -> 1 | R91: ='1. Back Up Aspal'!AH588 -> 0 | S91: ='1. Back Up Aspal'!AK588 -> 0 | T91: ='1. Back Up Aspal'!AN588 -> 0
C92: =D91 -> 7100 | D92: =C92+100 -> 7200 | E92: 6 | F92: =(100/((D92-C92)*E92))*((I92*0.5)+(J92*0.5)+(K92*4)+(L92*4)+(M92*1)+(N92*2)+(P92*1.5)+(R92*1)+(S92*1)+(T92*1)) -> 0 | G92: =IF(F92<=25,"B",IF(F92<=75,"S",IF(F92<=100,"RR","RB"))) -> B | I92: ='1. Back Up Aspal'!K596 -> 0 | J92: ='1. Back Up Aspal'!N596 -> 0 | K92: ='1. Back Up Aspal'!Q596 -> 0 | L92: ='1. Back Up Aspal'!T596 -> 0 | M92: ='1. Back Up Aspal'!W596 -> 0 | N92: ='1. Back Up Aspal'!Z596 -> 0 | O92: ='1. Back Up Aspal'!AA596 -> 1 | P92: ='1. Back Up Aspal'!AD596 -> 0 | Q92: ='1. Back Up Aspal'!AE596 -> 1 | R92: ='1. Back Up Aspal'!AH596 -> 0 | S92: ='1. Back Up Aspal'!AK596 -> 0 | T92: ='1. Back Up Aspal'!AN596 -> 0
C93: =D92 -> 7200 | D93: =C93+100 -> 7300 | E93: 6 | F93: =(100/((D93-C93)*E93))*((I93*0.5)+(J93*0.5)+(K93*4)+(L93*4)+(M93*1)+(N93*2)+(P93*1.5)+(R93*1)+(S93*1)+(T93*1)) -> 0.16666667 | G93: =IF(F93<=25,"B",IF(F93<=75,"S",IF(F93<=100,"RR","RB"))) -> B | I93: ='1. Back Up Aspal'!K604 -> 0 | J93: ='1. Back Up Aspal'!N604 -> 0 | K93: ='1. Back Up Aspal'!Q604 -> 0 | L93: ='1. Back Up Aspal'!T604 -> 0.25 | M93: ='1. Back Up Aspal'!W604 -> 0 | N93: ='1. Back Up Aspal'!Z604 -> 0 | O93: ='1. Back Up Aspal'!AA604 -> 1 | P93: ='1. Back Up Aspal'!AD604 -> 0 | Q93: ='1. Back Up Aspal'!AE604 -> 1 | R93: ='1. Back Up Aspal'!AH604 -> 0 | S93: ='1. Back Up Aspal'!AK604 -> 0 | T93: ='1. Back Up Aspal'!AN604 -> 0
C94: =D93 -> 7300 | D94: =C94+100 -> 7400 | E94: 6 | F94: =(100/((D94-C94)*E94))*((I94*0.5)+(J94*0.5)+(K94*4)+(L94*4)+(M94*1)+(N94*2)+(P94*1.5)+(R94*1)+(S94*1)+(T94*1)) -> 0 | G94: =IF(F94<=25,"B",IF(F94<=75,"S",IF(F94<=100,"RR","RB"))) -> B | I94: ='1. Back Up Aspal'!K612 -> 0 | J94: ='1. Back Up Aspal'!N612 -> 0 | K94: ='1. Back Up Aspal'!Q612 -> 0 | L94: ='1. Back Up Aspal'!T612 -> 0 | M94: ='1. Back Up Aspal'!W612 -> 0 | N94: ='1. Back Up Aspal'!Z612 -> 0 | O94: ='1. Back Up Aspal'!AA612 -> 1 | P94: ='1. Back Up Aspal'!AD612 -> 0 | Q94: ='1. Back Up Aspal'!AE612 -> 1 | R94: ='1. Back Up Aspal'!AH612 -> 0 | S94: ='1. Back Up Aspal'!AK612 -> 0 | T94: ='1. Back Up Aspal'!AN612 -> 0
C95: =D94 -> 7400 | D95: =C95+100 -> 7500 | E95: 6 | F95: =(100/((D95-C95)*E95))*((I95*0.5)+(J95*0.5)+(K95*4)+(L95*4)+(M95*1)+(N95*2)+(P95*1.5)+(R95*1)+(S95*1)+(T95*1)) -> 11.666667 | G95: =IF(F95<=25,"B",IF(F95<=75,"S",IF(F95<=100,"RR","RB"))) -> B | I95: ='1. Back Up Aspal'!K620 -> 0 | J95: ='1. Back Up Aspal'!N620 -> 0 | K95: ='1. Back Up Aspal'!Q620 -> 0 | L95: ='1. Back Up Aspal'!T620 -> 17 | M95: ='1. Back Up Aspal'!W620 -> 0 | N95: ='1. Back Up Aspal'!Z620 -> 1 | O95: ='1. Back Up Aspal'!AA620 -> 2 | P95: ='1. Back Up Aspal'!AD620 -> 0 | Q95: ='1. Back Up Aspal'!AE620 -> 1 | R95: ='1. Back Up Aspal'!AH620 -> 0 | S95: ='1. Back Up Aspal'!AK620 -> 0 | T95: ='1. Back Up Aspal'!AN620 -> 0
C96: =D95 -> 7500 | D96: =C96+100 -> 7600 | E96: 6 | F96: =(100/((D96-C96)*E96))*((I96*0.5)+(J96*0.5)+(K96*4)+(L96*4)+(M96*1)+(N96*2)+(P96*1.5)+(R96*1)+(S96*1)+(T96*1)) -> 1.3333333 | G96: =IF(F96<=25,"B",IF(F96<=75,"S",IF(F96<=100,"RR","RB"))) -> B | I96: ='1. Back Up Aspal'!K628 -> 0 | J96: ='1. Back Up Aspal'!N628 -> 0 | K96: ='1. Back Up Aspal'!Q628 -> 0 | L96: ='1. Back Up Aspal'!T628 -> 2 | M96: ='1. Back Up Aspal'!W628 -> 0 | N96: ='1. Back Up Aspal'!Z628 -> 0 | O96: ='1. Back Up Aspal'!AA628 -> 1 | P96: ='1. Back Up Aspal'!AD628 -> 0 | Q96: ='1. Back Up Aspal'!AE628 -> 1 | R96: ='1. Back Up Aspal'!AH628 -> 0 | S96: ='1. Back Up Aspal'!AK628 -> 0 | T96: ='1. Back Up Aspal'!AN628 -> 0
C97: =D96 -> 7600 | D97: =C97+100 -> 7700 | E97: 6 | F97: =(100/((D97-C97)*E97))*((I97*0.5)+(J97*0.5)+(K97*4)+(L97*4)+(M97*1)+(N97*2)+(P97*1.5)+(R97*1)+(S97*1)+(T97*1)) -> 0 | G97: =IF(F97<=25,"B",IF(F97<=75,"S",IF(F97<=100,"RR","RB"))) -> B | I97: ='1. Back Up Aspal'!K636 -> 0 | J97: ='1. Back Up Aspal'!N636 -> 0 | K97: ='1. Back Up Aspal'!Q636 -> 0 | L97: ='1. Back Up Aspal'!T636 -> 0 | M97: ='1. Back Up Aspal'!W636 -> 0 | N97: ='1. Back Up Aspal'!Z636 -> 0 | O97: ='1. Back Up Aspal'!AA636 -> 1 | P97: ='1. Back Up Aspal'!AD636 -> 0 | Q97: ='1. Back Up Aspal'!AE636 -> 1 | R97: ='1. Back Up Aspal'!AH636 -> 0 | S97: ='1. Back Up Aspal'!AK636 -> 0 | T97: ='1. Back Up Aspal'!AN636 -> 0
C98: =D97 -> 7700 | D98: =C98+100 -> 7800 | E98: 6 | F98: =(100/((D98-C98)*E98))*((I98*0.5)+(J98*0.5)+(K98*4)+(L98*4)+(M98*1)+(N98*2)+(P98*1.5)+(R98*1)+(S98*1)+(T98*1)) -> 0 | G98: =IF(F98<=25,"B",IF(F98<=75,"S",IF(F98<=100,"RR","RB"))) -> B | I98: ='1. Back Up Aspal'!K644 -> 0 | J98: ='1. Back Up Aspal'!N644 -> 0 | K98: ='1. Back Up Aspal'!Q644 -> 0 | L98: ='1. Back Up Aspal'!T644 -> 0 | M98: ='1. Back Up Aspal'!W644 -> 0 | N98: ='1. Back Up Aspal'!Z644 -> 0 | O98: ='1. Back Up Aspal'!AA644 -> 1 | P98: ='1. Back Up Aspal'!AD644 -> 0 | Q98: ='1. Back Up Aspal'!AE644 -> 1 | R98: ='1. Back Up Aspal'!AH644 -> 0 | S98: ='1. Back Up Aspal'!AK644 -> 0 | T98: ='1. Back Up Aspal'!AN644 -> 0
C99: =D98 -> 7800 | D99: =C99+100 -> 7900 | E99: 6 | F99: =(100/((D99-C99)*E99))*((I99*0.5)+(J99*0.5)+(K99*4)+(L99*4)+(M99*1)+(N99*2)+(P99*1.5)+(R99*1)+(S99*1)+(T99*1)) -> 0 | G99: =IF(F99<=25,"B",IF(F99<=75,"S",IF(F99<=100,"RR","RB"))) -> B | I99: ='1. Back Up Aspal'!K652 -> 0 | J99: ='1. Back Up Aspal'!N652 -> 0 | K99: ='1. Back Up Aspal'!Q652 -> 0 | L99: ='1. Back Up Aspal'!T652 -> 0 | M99: ='1. Back Up Aspal'!W652 -> 0 | N99: ='1. Back Up Aspal'!Z652 -> 0 | O99: ='1. Back Up Aspal'!AA652 -> 1 | P99: ='1. Back Up Aspal'!AD652 -> 0 | Q99: ='1. Back Up Aspal'!AE652 -> 1 | R99: ='1. Back Up Aspal'!AH652 -> 0 | S99: ='1. Back Up Aspal'!AK652 -> 0 | T99: ='1. Back Up Aspal'!AN652 -> 0
C100: =D99 -> 7900 | D100: =C100+100 -> 8000 | E100: 6 | F100: =(100/((D100-C100)*E100))*((I100*0.5)+(J100*0.5)+(K100*4)+(L100*4)+(M100*1)+(N100*2)+(P100*1.5)+(R100*1)+(S100*1)+(T100*1)) -> 0 | G100: =IF(F100<=25,"B",IF(F100<=75,"S",IF(F100<=100,"RR","RB"))) -> B | I100: ='1. Back Up Aspal'!K660 -> 0 | J100: ='1. Back Up Aspal'!N660 -> 0 | K100: ='1. Back Up Aspal'!Q660 -> 0 | L100: ='1. Back Up Aspal'!T660 -> 0 | M100: ='1. Back Up Aspal'!W660 -> 0 | N100: ='1. Back Up Aspal'!Z660 -> 0 | O100: ='1. Back Up Aspal'!AA660 -> 1 | P100: ='1. Back Up Aspal'!AD660 -> 0 | Q100: ='1. Back Up Aspal'!AE660 -> 1 | R100: ='1. Back Up Aspal'!AH660 -> 0 | S100: ='1. Back Up Aspal'!AK660 -> 0 | T100: ='1. Back Up Aspal'!AN660 -> 0
C101: =D100 -> 8000 | D101: =C101+100 -> 8100 | E101: 6 | F101: =(100/((D101-C101)*E101))*((I101*0.5)+(J101*0.5)+(K101*4)+(L101*4)+(M101*1)+(N101*2)+(P101*1.5)+(R101*1)+(S101*1)+(T101*1)) -> 0 | G101: =IF(F101<=25,"B",IF(F101<=75,"S",IF(F101<=100,"RR","RB"))) -> B | I101: ='1. Back Up Aspal'!K668 -> 0 | J101: ='1. Back Up Aspal'!N668 -> 0 | K101: ='1. Back Up Aspal'!Q668 -> 0 | L101: ='1. Back Up Aspal'!T668 -> 0 | M101: ='1. Back Up Aspal'!W668 -> 0 | N101: ='1. Back Up Aspal'!Z668 -> 0 | O101: ='1. Back Up Aspal'!AA668 -> 1 | P101: ='1. Back Up Aspal'!AD668 -> 0 | Q101: ='1. Back Up Aspal'!AE668 -> 1 | R101: ='1. Back Up Aspal'!AH668 -> 0 | S101: ='1. Back Up Aspal'!AK668 -> 0 | T101: ='1. Back Up Aspal'!AN668 -> 0
C102: =D101 -> 8100 | D102: =C102+100 -> 8200 | E102: 6 | F102: =(100/((D102-C102)*E102))*((I102*0.5)+(J102*0.5)+(K102*4)+(L102*4)+(M102*1)+(N102*2)+(P102*1.5)+(R102*1)+(S102*1)+(T102*1)) -> 12.333333 | G102: =IF(F102<=25,"B",IF(F102<=75,"S",IF(F102<=100,"RR","RB"))) -> B | I102: ='1. Back Up Aspal'!K676 -> 0 | J102: ='1. Back Up Aspal'!N676 -> 0 | K102: ='1. Back Up Aspal'!Q676 -> 0 | L102: ='1. Back Up Aspal'!T676 -> 17 | M102: ='1. Back Up Aspal'!W676 -> 0 | N102: ='1. Back Up Aspal'!Z676 -> 3 | O102: ='1. Back Up Aspal'!AA676 -> 2 | P102: ='1. Back Up Aspal'!AD676 -> 0 | Q102: ='1. Back Up Aspal'!AE676 -> 1 | R102: ='1. Back Up Aspal'!AH676 -> 0 | S102: ='1. Back Up Aspal'!AK676 -> 0 | T102: ='1. Back Up Aspal'!AN676 -> 0
C103: =D102 -> 8200 | D103: =C103+100 -> 8300 | E103: 6 | F103: =(100/((D103-C103)*E103))*((I103*0.5)+(J103*0.5)+(K103*4)+(L103*4)+(M103*1)+(N103*2)+(P103*1.5)+(R103*1)+(S103*1)+(T103*1)) -> 2.6666667 | G103: =IF(F103<=25,"B",IF(F103<=75,"S",IF(F103<=100,"RR","RB"))) -> B | I103: ='1. Back Up Aspal'!K684 -> 0 | J103: ='1. Back Up Aspal'!N684 -> 8 | K103: ='1. Back Up Aspal'!Q684 -> 0 | L103: ='1. Back Up Aspal'!T684 -> 0 | M103: ='1. Back Up Aspal'!W684 -> 0 | N103: ='1. Back Up Aspal'!Z684 -> 6 | O103: ='1. Back Up Aspal'!AA684 -> 2 | P103: ='1. Back Up Aspal'!AD684 -> 0 | Q103: ='1. Back Up Aspal'!AE684 -> 1 | R103: ='1. Back Up Aspal'!AH684 -> 0 | S103: ='1. Back Up Aspal'!AK684 -> 0 | T103: ='1. Back Up Aspal'!AN684 -> 0
C104: =D103 -> 8300 | D104: =C104+100 -> 8400 | E104: 6 | F104: =(100/((D104-C104)*E104))*((I104*0.5)+(J104*0.5)+(K104*4)+(L104*4)+(M104*1)+(N104*2)+(P104*1.5)+(R104*1)+(S104*1)+(T104*1)) -> 0 | G104: =IF(F104<=25,"B",IF(F104<=75,"S",IF(F104<=100,"RR","RB"))) -> B | I104: ='1. Back Up Aspal'!K692 -> 0 | J104: ='1. Back Up Aspal'!N692 -> 0 | K104: ='1. Back Up Aspal'!Q692 -> 0 | L104: ='1. Back Up Aspal'!T692 -> 0 | M104: ='1. Back Up Aspal'!W692 -> 0 | N104: ='1. Back Up Aspal'!Z692 -> 0 | O104: ='1. Back Up Aspal'!AA692 -> 1 | P104: ='1. Back Up Aspal'!AD692 -> 0 | Q104: ='1. Back Up Aspal'!AE692 -> 1 | R104: ='1. Back Up Aspal'!AH692 -> 0 | S104: ='1. Back Up Aspal'!AK692 -> 0 | T104: ='1. Back Up Aspal'!AN692 -> 0
C105: =D104 -> 8400 | D105: =C105+100 -> 8500 | E105: 6 | F105: =(100/((D105-C105)*E105))*((I105*0.5)+(J105*0.5)+(K105*4)+(L105*4)+(M105*1)+(N105*2)+(P105*1.5)+(R105*1)+(S105*1)+(T105*1)) -> 0 | G105: =IF(F105<=25,"B",IF(F105<=75,"S",IF(F105<=100,"RR","RB"))) -> B | I105: ='1. Back Up Aspal'!K700 -> 0 | J105: ='1. Back Up Aspal'!N700 -> 0 | K105: ='1. Back Up Aspal'!Q700 -> 0 | L105: ='1. Back Up Aspal'!T700 -> 0 | M105: ='1. Back Up Aspal'!W700 -> 0 | N105: ='1. Back Up Aspal'!Z700 -> 0 | O105: ='1. Back Up Aspal'!AA700 -> 1 | P105: ='1. Back Up Aspal'!AD700 -> 0 | Q105: ='1. Back Up Aspal'!AE700 -> 1 | R105: ='1. Back Up Aspal'!AH700 -> 0 | S105: ='1. Back Up Aspal'!AK700 -> 0 | T105: ='1. Back Up Aspal'!AN700 -> 0
C106: =D105 -> 8500 | D106: =C106+100 -> 8600 | E106: 6 | F106: =(100/((D106-C106)*E106))*((I106*0.5)+(J106*0.5)+(K106*4)+(L106*4)+(M106*1)+(N106*2)+(P106*1.5)+(R106*1)+(S106*1)+(T106*1)) -> 0 | G106: =IF(F106<=25,"B",IF(F106<=75,"S",IF(F106<=100,"RR","RB"))) -> B | I106: ='1. Back Up Aspal'!K708 -> 0 | J106: ='1. Back Up Aspal'!N708 -> 0 | K106: ='1. Back Up Aspal'!Q708 -> 0 | L106: ='1. Back Up Aspal'!T708 -> 0 | M106: ='1. Back Up Aspal'!W708 -> 0 | N106: ='1. Back Up Aspal'!Z708 -> 0 | O106: ='1. Back Up Aspal'!AA708 -> 1 | P106: ='1. Back Up Aspal'!AD708 -> 0 | Q106: ='1. Back Up Aspal'!AE708 -> 1 | R106: ='1. Back Up Aspal'!AH708 -> 0 | S106: ='1. Back Up Aspal'!AK708 -> 0 | T106: ='1. Back Up Aspal'!AN708 -> 0
C107: =D106 -> 8600 | D107: =C107+100 -> 8700 | E107: 6 | F107: =(100/((D107-C107)*E107))*((I107*0.5)+(J107*0.5)+(K107*4)+(L107*4)+(M107*1)+(N107*2)+(P107*1.5)+(R107*1)+(S107*1)+(T107*1)) -> 0 | G107: =IF(F107<=25,"B",IF(F107<=75,"S",IF(F107<=100,"RR","RB"))) -> B | I107: ='1. Back Up Aspal'!K716 -> 0 | J107: ='1. Back Up Aspal'!N716 -> 0 | K107: ='1. Back Up Aspal'!Q716 -> 0 | L107: ='1. Back Up Aspal'!T716 -> 0 | M107: ='1. Back Up Aspal'!W716 -> 0 | N107: ='1. Back Up Aspal'!Z716 -> 0 | O107: ='1. Back Up Aspal'!AA716 -> 1 | P107: ='1. Back Up Aspal'!AD716 -> 0 | Q107: ='1. Back Up Aspal'!AE716 -> 1 | R107: ='1. Back Up Aspal'!AH716 -> 0 | S107: ='1. Back Up Aspal'!AK716 -> 0 | T107: ='1. Back Up Aspal'!AN716 -> 0
C108: =D107 -> 8700 | D108: =C108+100 -> 8800 | E108: 6 | F108: =(100/((D108-C108)*E108))*((I108*0.5)+(J108*0.5)+(K108*4)+(L108*4)+(M108*1)+(N108*2)+(P108*1.5)+(R108*1)+(S108*1)+(T108*1)) -> 0.70833333 | G108: =IF(F108<=25,"B",IF(F108<=75,"S",IF(F108<=100,"RR","RB"))) -> B | I108: ='1. Back Up Aspal'!K724 -> 0 | J108: ='1. Back Up Aspal'!N724 -> 2.5 | K108: ='1. Back Up Aspal'!Q724 -> 0 | L108: ='1. Back Up Aspal'!T724 -> 0 | M108: ='1. Back Up Aspal'!W724 -> 0 | N108: ='1. Back Up Aspal'!Z724 -> 0 | O108: ='1. Back Up Aspal'!AA724 -> 1 | P108: ='1. Back Up Aspal'!AD724 -> 2 | Q108: ='1. Back Up Aspal'!AE724 -> 3 | R108: ='1. Back Up Aspal'!AH724 -> 0 | S108: ='1. Back Up Aspal'!AK724 -> 0 | T108: ='1. Back Up Aspal'!AN724 -> 0
C109: =D108 -> 8800 | D109: =C109+100 -> 8900 | E109: 6 | F109: =(100/((D109-C109)*E109))*((I109*0.5)+(J109*0.5)+(K109*4)+(L109*4)+(M109*1)+(N109*2)+(P109*1.5)+(R109*1)+(S109*1)+(T109*1)) -> 0.25 | G109: =IF(F109<=25,"B",IF(F109<=75,"S",IF(F109<=100,"RR","RB"))) -> B | I109: ='1. Back Up Aspal'!K732 -> 0 | J109: ='1. Back Up Aspal'!N732 -> 0 | K109: ='1. Back Up Aspal'!Q732 -> 0 | L109: ='1. Back Up Aspal'!T732 -> 0 | M109: ='1. Back Up Aspal'!W732 -> 0 | N109: ='1. Back Up Aspal'!Z732 -> 0 | O109: ='1. Back Up Aspal'!AA732 -> 1 | P109: ='1. Back Up Aspal'!AD732 -> 1 | Q109: ='1. Back Up Aspal'!AE732 -> 2 | R109: ='1. Back Up Aspal'!AH732 -> 0 | S109: ='1. Back Up Aspal'!AK732 -> 0 | T109: ='1. Back Up Aspal'!AN732 -> 0
C110: =D109 -> 8900 | D110: =C110+100 -> 9000 | E110: 5 | F110: =(100/((D110-C110)*E110))*((I110*0.5)+(J110*0.5)+(K110*4)+(L110*4)+(M110*1)+(N110*2)+(P110*1.5)+(R110*1)+(S110*1)+(T110*1)) -> 1 | G110: =IF(F110<=25,"B",IF(F110<=75,"S",IF(F110<=100,"RR","RB"))) -> B | I110: ='1. Back Up Aspal'!K740 -> 0 | J110: ='1. Back Up Aspal'!N740 -> 10 | K110: ='1. Back Up Aspal'!Q740 -> 0 | L110: ='1. Back Up Aspal'!T740 -> 0 | M110: ='1. Back Up Aspal'!W740 -> 0 | N110: ='1. Back Up Aspal'!Z740 -> 0 | O110: ='1. Back Up Aspal'!AA740 -> 1 | P110: ='1. Back Up Aspal'!AD740 -> 0 | Q110: ='1. Back Up Aspal'!AE740 -> 1 | R110: ='1. Back Up Aspal'!AH740 -> 0 | S110: ='1. Back Up Aspal'!AK740 -> 0 | T110: ='1. Back Up Aspal'!AN740 -> 0
C111: =D110 -> 9000 | D111: =C111+100 -> 9100 | E111: 5 | F111: =(100/((D111-C111)*E111))*((I111*0.5)+(J111*0.5)+(K111*4)+(L111*4)+(M111*1)+(N111*2)+(P111*1.5)+(R111*1)+(S111*1)+(T111*1)) -> 0 | G111: =IF(F111<=25,"B",IF(F111<=75,"S",IF(F111<=100,"RR","RB"))) -> B | I111: ='1. Back Up Aspal'!K748 -> 0 | J111: ='1. Back Up Aspal'!N748 -> 0 | K111: ='1. Back Up Aspal'!Q748 -> 0 | L111: ='1. Back Up Aspal'!T748 -> 0 | M111: ='1. Back Up Aspal'!W748 -> 0 | N111: ='1. Back Up Aspal'!Z748 -> 0 | O111: ='1. Back Up Aspal'!AA748 -> 1 | P111: ='1. Back Up Aspal'!AD748 -> 0 | Q111: ='1. Back Up Aspal'!AE748 -> 1 | R111: ='1. Back Up Aspal'!AH748 -> 0 | S111: ='1. Back Up Aspal'!AK748 -> 0 | T111: ='1. Back Up Aspal'!AN748 -> 0
...

Sheet 1. Back Up Aspal
C2: PEMERINTAH PROVINSI LAMPUNG
C3: DINAS BINA MARGA DAN BINA KONSTRUKSI
B6: BACK - UP DATA SURVEY KONDISI JALAN (ASPAL)
B9: NO. RUAS | E9: : | F9: ='1. Rekap Back Up Aspal'!F9 -> 064
B12: NAMA RUAS | E12: : | F12: ='1. Rekap Back Up Aspal'!F12 -> BANDAR SAKTI - SP. DAYA MURNI
B15: PANJANG RUAS | E15: : | F15: ='1. Rekap Back Up Aspal'!F15 -> 10.099
C18: STA | F18: NILAI TTI | G18: KONDISI 2024 | H18: KONDISI 2025 | I18: TIPE KERUSAKAN KONDISI JALAN ASPAL | AO18: KET
C19: DARI (M) | D19: KE (M) | E19: LEBAR | I19: P | J19: L | K19: BLEEDING | L19: P | M19: L | N19: AGREGAT LEPAS | O19: P | P19: L | Q19: DISINTEGRASI | R19: P | S19: L | T19: RETAK TURUN | U19: P | V19: L | W19: TAMBALAN | X19: P | Y19: L | Z19: RETAK LAIN | AA19: JENIS RETAK | AB19: P | AC19: L | AD19: LUBANG | AE19: TIPE LUBANG | AF19: P | AG19: L | AH19: ALUR | AI19: P | AJ19: L | AK19: RUSAK TEPI (KIRI) | AL19: P | AM19: L | AN19: RUSAK TEPI (KANAN)
B20: 1 | I20: 2 | L20: 3 | O20: 4 | R20: 5 | X20: 7 | AB20: 8 | AF20: 9 | AI20: 10 | AL20: 11 | AO20: 12
C21: ='1. Rekap Back Up Aspal'!C21 -> 0 | D21: ='1. Rekap Back Up Aspal'!D21 -> 100 | E21: ='1. Rekap Back Up Aspal'!E21 -> 4.5 | F21: =(100/((D21-C21)*E21))*((K28*0.5)+(N28*0.5)+(Q28*4)+(T28*4)+(W28*1)+(Z28*2)+(AD28*1.5)+(AH28*1)+(AK28*1)+(AN28*1)) -> 27.361111 | G21: S | H21: =IF(F21<=25,"B",IF(F21<=75,"S",IF(F21<=100,"RR","RB"))) -> S | I21: 0 | J21: 0 | K21: =I21*J21 -> 0 | L21: 0.5 | M21: 0.5 | N21: =L21*M21 -> 0.25 | O21: 2 | P21: 1 | Q21: =O21*P21 -> 2 | R21: 5 | S21: 2 | T21: =R21*S21 -> 10 | U21: 0 | V21: 0 | W21: =U21*V21 -> 0 | X21: 0 | Y21: 0 | Z21: =X21*Y21 -> 0 | AA21: 1 | AB21: 0 | AC21: 0 | AD21: =AB21*AC21 -> 0 | AE21: 1 | AF21: 0 | AG21: 0 | AH21: =AF21*AG21 -> 0 | AI21: 0 | AJ21: 0 | AK21: =AI21*AJ21 -> 0 | AL21: 0 | AM21: 0 | AN21: =AL21*AM21 -> 0
I22: 0 | J22: 0 | K22: =I22*J22 -> 0 | L22: 15 | M22: 1 | N22: =L22*M22 -> 15 | O22: 8 | P22: 2 | Q22: =O22*P22 -> 16 | R22: 0 | S22: 0 | T22: =R22*S22 -> 0 | U22: 0 | V22: 0 | W22: =U22*V22 -> 0 | X22: 0 | Y22: 0 | Z22: =X22*Y22 -> 0 | AA22: 1 | AB22: 0 | AC22: 0 | AD22: =AB22*AC22 -> 0 | AE22: 1 | AF22: 0 | AG22: 0 | AH22: =AF22*AG22 -> 0 | AI22: 0 | AJ22: 0 | AK22: =AI22*AJ22 -> 0 | AL22: 0 | AM22: 0 | AN22: =AL22*AM22 -> 0
I23: 0 | J23: 0 | K23: =I23*J23 -> 0 | L23: 2 | M23: 1 | N23: =L23*M23 -> 2 | O23: 0 | P23: 0 | Q23: =O23*P23 -> 0 | R23: 0 | S23: 0 | T23: =R23*S23 -> 0 | U23: 0 | V23: 0 | W23: =U23*V23 -> 0 | X23: 0 | Y23: 0 | Z23: =X23*Y23 -> 0 | AA23: 1 | AB23: 0 | AC23: 0 | AD23: =AB23*AC23 -> 0 | AE23: 1 | AF23: 0 | AG23: 0 | AH23: =AF23*AG23 -> 0 | AI23: 0 | AJ23: 0 | AK23: =AI23*AJ23 -> 0 | AL23: 0 | AM23: 0 | AN23: =AL23*AM23 -> 0
I24: 0 | J24: 0 | K24: =I24*J24 -> 0 | L24: 4 | M24: 1 | N24: =L24*M24 -> 4 | O24: 0 | P24: 0 | Q24: =O24*P24 -> 0 | R24: 0 | S24: 0 | T24: =R24*S24 -> 0 | U24: 0 | V24: 0 | W24: =U24*V24 -> 0 | X24: 0 | Y24: 0 | Z24: =X24*Y24 -> 0 | AA24: 1 | AB24: 0 | AC24: 0 | AD24: =AB24*AC24 -> 0 | AE24: 1 | AF24: 0 | AG24: 0 | AH24: =AF24*AG24 -> 0 | AI24: 0 | AJ24: 0 | AK24: =AI24*AJ24 -> 0 | AL24: 0 | AM24: 0 | AN24: =AL24*AM24 -> 0
I25: 0 | J25: 0 | K25: =I25*J25 -> 0 | L25: 1 | M25: 1 | N25: =L25*M25 -> 1 | O25: 0 | P25: 0 | Q25: =O25*P25 -> 0 | R25: 0 | S25: 0 | T25: =R25*S25 -> 0 | U25: 0 | V25: 0 | W25: =U25*V25 -> 0 | X25: 0 | Y25: 0 | Z25: =X25*Y25 -> 0 | AA25: 1 | AB25: 0 | AC25: 0 | AD25: =AB25*AC25 -> 0 | AE25: 1 | AF25: 0 | AG25: 0 | AH25: =AF25*AG25 -> 0 | AI25: 0 | AJ25: 0 | AK25: =AI25*AJ25 -> 0 | AL25: 0 | AM25: 0 | AN25: =AL25*AM25 -> 0
I26: 0 | J26: 0 | K26: =I26*J26 -> 0 | L26: 0 | M26: 0 | N26: =L26*M26 -> 0 | O26: 0 | P26: 0 | Q26: =O26*P26 -> 0 | R26: 0 | S26: 0 | T26: =R26*S26 -> 0 | U26: 0 | V26: 0 | W26: =U26*V26 -> 0 | X26: 0 | Y26: 0 | Z26: =X26*Y26 -> 0 | AA26: 1 | AB26: 0 | AC26: 0 | AD26: =AB26*AC26 -> 0 | AE26: 1 | AF26: 0 | AG26: 0 | AH26: =AF26*AG26 -> 0 | AI26: 0 | AJ26: 0 | AK26: =AI26*AJ26 -> 0 | AL26: 0 | AM26: 0 | AN26: =AL26*AM26 -> 0
I27: 0 | J27: 0 | K27: =I27*J27 -> 0 | L27: 0 | M27: 0 | N27: =L27*M27 -> 0 | O27: 0 | P27: 0 | Q27: =O27*P27 -> 0 | R27: 0 | S27: 0 | T27: =R27*S27 -> 0 | U27: 0 | V27: 0 | W27: =U27*V27 -> 0 | X27: 0 | Y27: 0 | Z27: =X27*Y27 -> 0 | AA27: 1 | AB27: 0 | AC27: 0 | AD27: =AB27*AC27 -> 0 | AE27: 1 | AF27: 0 | AG27: 0 | AH27: =AF27*AG27 -> 0 | AI27: 0 | AJ27: 0 | AK27: =AI27*AJ27 -> 0 | AL27: 0 | AM27: 0 | AN27: =AL27*AM27 -> 0
I28: Total | K28: =SUM(K21:K27) -> 0 | L28: Total | N28: =SUM(N21:N27) -> 22.25 | O28: Total | Q28: =SUM(Q21:Q27) -> 18 | R28: Total | T28: =SUM(T21:T27) -> 10 | U28: Total | W28: =SUM(W21:W27) -> 0 | X28: Total | Z28: =SUM(Z21:Z27) -> 0 | AA28: 1 | AB28: Total | AD28: =SUM(AD21:AD27) -> 0 | AE28: 1 | AF28: Total | AH28: =SUM(AH21:AH27) -> 0 | AI28: Total | AK28: =SUM(AK21:AK27) -> 0 | AL28: Total | AN28: =SUM(AN21:AN27) -> 0
C29: ='1. Rekap Back Up Aspal'!C22 -> 100 | D29: ='1. Rekap Back Up Aspal'!D22 -> 200 | E29: ='1. Rekap Back Up Aspal'!E22 -> 4.5 | F29: =(100/((D29-C29)*E29))*((K36*0.5)+(N36*0.5)+(Q36*4)+(T36*4)+(W36*1)+(Z36*2)+(AD36*1.5)+(AH36*1)+(AK36*1)+(AN36*1)) -> 7.8333333 | G29: B | H29: =IF(F29<=25,"B",IF(F29<=75,"S",IF(F29<=100,"RR","RB"))) -> B | I29: 0 | J29: 0 | K29: =I29*J29 -> 0 | L29: 15 | M29: 2 | N29: =L29*M29 -> 30 | O29: 0 | P29: 0 | Q29: =O29*P29 -> 0 | R29: 5 | S29: 1 | T29: =R29*S29 -> 5 | U29: 0 | V29: 0 | W29: =U29*V29 -> 0 | X29: 0 | Y29: 0 | Z29: =X29*Y29 -> 0 | AA29: 1 | AB29: 0 | AC29: 0 | AD29: =AB29*AC29 -> 0 | AE29: 1 | AF29: 0 | AG29: 0 | AH29: =AF29*AG29 -> 0 | AI29: 0 | AJ29: 0 | AK29: =AI29*AJ29 -> 0 | AL29: 0 | AM29: 0 | AN29: =AL29*AM29 -> 0
I30: 0 | J30: 0 | K30: =I30*J30 -> 0 | L30: 1 | M30: 0.5 | N30: =L30*M30 -> 0.5 | O30: 0 | P30: 0 | Q30: =O30*P30 -> 0 | R30: 0 | S30: 0 | T30: =R30*S30 -> 0 | U30: 0 | V30: 0 | W30: =U30*V30 -> 0 | X30: 0 | Y30: 0 | Z30: =X30*Y30 -> 0 | AA30: 1 | AB30: 0 | AC30: 0 | AD30: =AB30*AC30 -> 0 | AE30: 1 | AF30: 0 | AG30: 0 | AH30: =AF30*AG30 -> 0 | AI30: 0 | AJ30: 0 | AK30: =AI30*AJ30 -> 0 | AL30: 0 | AM30: 0 | AN30: =AL30*AM30 -> 0
I31: 0 | J31: 0 | K31: =I31*J31 -> 0 | L31: 0 | M31: 0 | N31: =L31*M31 -> 0 | O31: 0 | P31: 0 | Q31: =O31*P31 -> 0 | R31: 0 | S31: 0 | T31: =R31*S31 -> 0 | U31: 0 | V31: 0 | W31: =U31*V31 -> 0 | X31: 0 | Y31: 0 | Z31: =X31*Y31 -> 0 | AA31: 1 | AB31: 0 | AC31: 0 | AD31: =AB31*AC31 -> 0 | AE31: 1 | AF31: 0 | AG31: 0 | AH31: =AF31*AG31 -> 0 | AI31: 0 | AJ31: 0 | AK31: =AI31*AJ31 -> 0 | AL31: 0 | AM31: 0 | AN31: =AL31*AM31 -> 0
I32: 0 | J32: 0 | K32: =I32*J32 -> 0 | L32: 0 | M32: 0 | N32: =L32*M32 -> 0 | O32: 0 | P32: 0 | Q32: =O32*P32 -> 0 | R32: 0 | S32: 0 | T32: =R32*S32 -> 0 | U32: 0 | V32: 0 | W32: =U32*V32 -> 0 | X32: 0 | Y32: 0 | Z32: =X32*Y32 -> 0 | AA32: 1 | AB32: 0 | AC32: 0 | AD32: =AB32*AC32 -> 0 | AE32: 1 | AF32: 0 | AG32: 0 | AH32: =AF32*AG32 -> 0 | AI32: 0 | AJ32: 0 | AK32: =AI32*AJ32 -> 0 | AL32: 0 | AM32: 0 | AN32: =AL32*AM32 -> 0
I33: 0 | J33: 0 | K33: =I33*J33 -> 0 | L33: 0 | M33: 0 | N33: =L33*M33 -> 0 | O33: 0 | P33: 0 | Q33: =O33*P33 -> 0 | R33: 0 | S33: 0 | T33: =R33*S33 -> 0 | U33: 0 | V33: 0 | W33: =U33*V33 -> 0 | X33: 0 | Y33: 0 | Z33: =X33*Y33 -> 0 | AA33: 1 | AB33: 0 | AC33: 0 | AD33: =AB33*AC33 -> 0 | AE33: 1 | AF33: 0 | AG33: 0 | AH33: =AF33*AG33 -> 0 | AI33: 0 | AJ33: 0 | AK33: =AI33*AJ33 -> 0 | AL33: 0 | AM33: 0 | AN33: =AL33*AM33 -> 0
I34: 0 | J34: 0 | K34: =I34*J34 -> 0 | L34: 0 | M34: 0 | N34: =L34*M34 -> 0 | O34: 0 | P34: 0 | Q34: =O34*P34 -> 0 | R34: 0 | S34: 0 | T34: =R34*S34 -> 0 | U34: 0 | V34: 0 | W34: =U34*V34 -> 0 | X34: 0 | Y34: 0 | Z34: =X34*Y34 -> 0 | AA34: 1 | AB34: 0 | AC34: 0 | AD34: =AB34*AC34 -> 0 | AE34: 1 | AF34: 0 | AG34: 0 | AH34: =AF34*AG34 -> 0 | AI34: 0 | AJ34: 0 | AK34: =AI34*AJ34 -> 0 | AL34: 0 | AM34: 0 | AN34: =AL34*AM34 -> 0
I35: 0 | J35: 0 | K35: =I35*J35 -> 0 | L35: 0 | M35: 0 | N35: =L35*M35 -> 0 | O35: 0 | P35: 0 | Q35: =O35*P35 -> 0 | R35: 0 | S35: 0 | T35: =R35*S35 -> 0 | U35: 0 | V35: 0 | W35: =U35*V35 -> 0 | X35: 0 | Y35: 0 | Z35: =X35*Y35 -> 0 | AA35: 1 | AB35: 0 | AC35: 0 | AD35: =AB35*AC35 -> 0 | AE35: 1 | AF35: 0 | AG35: 0 | AH35: =AF35*AG35 -> 0 | AI35: 0 | AJ35: 0 | AK35: =AI35*AJ35 -> 0 | AL35: 0 | AM35: 0 | AN35: =AL35*AM35 -> 0
I36: Total | K36: =SUM(K29:K35) -> 0 | L36: Total | N36: =SUM(N29:N35) -> 30.5 | O36: Total | Q36: =SUM(Q29:Q35) -> 0 | R36: Total | T36: =SUM(T29:T35) -> 5 | U36: Total | W36: =SUM(W29:W35) -> 0 | X36: Total | Z36: =SUM(Z29:Z35) -> 0 | AA36: 1 | AB36: Total | AD36: =SUM(AD29:AD35) -> 0 | AE36: 1 | AF36: Total | AH36: =SUM(AH29:AH35) -> 0 | AI36: Total | AK36: =SUM(AK29:AK35) -> 0 | AL36: Total | AN36: =SUM(AN29:AN35) -> 0
C37: ='1. Rekap Back Up Aspal'!C23 -> 200 | D37: ='1. Rekap Back Up Aspal'!D23 -> 300 | E37: ='1. Rekap Back Up Aspal'!E23 -> 4.5 | F37: =(100/((D37-C37)*E37))*((K44*0.5)+(N44*0.5)+(Q44*4)+(T44*4)+(W44*1)+(Z44*2)+(AD44*1.5)+(AH44*1)+(AK44*1)+(AN44*1)) -> 0.95138889 | G37: B | H37: =IF(F37<=25,"B",IF(F37<=75,"S",IF(F37<=100,"RR","RB"))) -> B | I37: 0 | J37: 0 | K37: =I37*J37 -> 0 | L37: 1 | M37: 0.5 | N37: =L37*M37 -> 0.5 | O37: 0 | P37: 0 | Q37: =O37*P37 -> 0 | R37: 1 | S37: 1 | T37: =R37*S37 -> 1 | U37: 0 | V37: 0 | W37: =U37*V37 -> 0 | X37: 0 | Y37: 0 | Z37: =X37*Y37 -> 0 | AA37: 1 | AB37: 0 | AC37: 0 | AD37: =AB37*AC37 -> 0 | AE37: 1 | AF37: 0 | AG37: 0 | AH37: =AF37*AG37 -> 0 | AI37: 0 | AJ37: 0 | AK37: =AI37*AJ37 -> 0 | AL37: 0 | AM37: 0 | AN37: =AL37*AM37 -> 0
I38: 0 | J38: 0 | K38: =I38*J38 -> 0 | L38: 0.25 | M38: 0.25 | N38: =L38*M38 -> 0.0625 | O38: 0 | P38: 0 | Q38: =O38*P38 -> 0 | R38: 0 | S38: 0 | T38: =R38*S38 -> 0 | U38: 0 | V38: 0 | W38: =U38*V38 -> 0 | X38: 0 | Y38: 0 | Z38: =X38*Y38 -> 0 | AA38: 1 | AB38: 0 | AC38: 0 | AD38: =AB38*AC38 -> 0 | AE38: 1 | AF38: 0 | AG38: 0 | AH38: =AF38*AG38 -> 0 | AI38: 0 | AJ38: 0 | AK38: =AI38*AJ38 -> 0 | AL38: 0 | AM38: 0 | AN38: =AL38*AM38 -> 0
I39: 0 | J39: 0 | K39: =I39*J39 -> 0 | L39: 0 | M39: 0 | N39: =L39*M39 -> 0 | O39: 0 | P39: 0 | Q39: =O39*P39 -> 0 | R39: 0 | S39: 0 | T39: =R39*S39 -> 0 | U39: 0 | V39: 0 | W39: =U39*V39 -> 0 | X39: 0 | Y39: 0 | Z39: =X39*Y39 -> 0 | AA39: 1 | AB39: 0 | AC39: 0 | AD39: =AB39*AC39 -> 0 | AE39: 1 | AF39: 0 | AG39: 0 | AH39: =AF39*AG39 -> 0 | AI39: 0 | AJ39: 0 | AK39: =AI39*AJ39 -> 0 | AL39: 0 | AM39: 0 | AN39: =AL39*AM39 -> 0
I40: 0 | J40: 0 | K40: =I40*J40 -> 0 | L40: 0 | M40: 0 | N40: =L40*M40 -> 0 | O40: 0 | P40: 0 | Q40: =O40*P40 -> 0 | R40: 0 | S40: 0 | T40: =R40*S40 -> 0 | U40: 0 | V40: 0 | W40: =U40*V40 -> 0 | X40: 0 | Y40: 0 | Z40: =X40*Y40 -> 0 | AA40: 1 | AB40: 0 | AC40: 0 | AD40: =AB40*AC40 -> 0 | AE40: 1 | AF40: 0 | AG40: 0 | AH40: =AF40*AG40 -> 0 | AI40: 0 | AJ40: 0 | AK40: =AI40*AJ40 -> 0 | AL40: 0 | AM40: 0 | AN40: =AL40*AM40 -> 0
I41: 0 | J41: 0 | K41: =I41*J41 -> 0 | L41: 0 | M41: 0 | N41: =L41*M41 -> 0 | O41: 0 | P41: 0 | Q41: =O41*P41 -> 0 | R41: 0 | S41: 0 | T41: =R41*S41 -> 0 | U41: 0 | V41: 0 | W41: =U41*V41 -> 0 | X41: 0 | Y41: 0 | Z41: =X41*Y41 -> 0 | AA41: 1 | AB41: 0 | AC41: 0 | AD41: =AB41*AC41 -> 0 | AE41: 1 | AF41: 0 | AG41: 0 | AH41: =AF41*AG41 -> 0 | AI41: 0 | AJ41: 0 | AK41: =AI41*AJ41 -> 0 | AL41: 0 | AM41: 0 | AN41: =AL41*AM41 -> 0
I42: 0 | J42: 0 | K42: =I42*J42 -> 0 | L42: 0 | M42: 0 | N42: =L42*M42 -> 0 | O42: 0 | P42: 0 | Q42: =O42*P42 -> 0 | R42: 0 | S42: 0 | T42: =R42*S42 -> 0 | U42: 0 | V42: 0 | W42: =U42*V42 -> 0 | X42: 0 | Y42: 0 | Z42: =X42*Y42 -> 0 | AA42: 1 | AB42: 0 | AC42: 0 | AD42: =AB42*AC42 -> 0 | AE42: 1 | AF42: 0 | AG42: 0 | AH42: =AF42*AG42 -> 0 | AI42: 0 | AJ42: 0 | AK42: =AI42*AJ42 -> 0 | AL42: 0 | AM42: 0 | AN42: =AL42*AM42 -> 0
I43: 0 | J43: 0 | K43: =I43*J43 -> 0 | L43: 0 | M43: 0 | N43: =L43*M43 -> 0 | O43: 0 | P43: 0 | Q43: =O43*P43 -> 0 | R43: 0 | S43: 0 | T43: =R43*S43 -> 0 | U43: 0 | V43: 0 | W43: =U43*V43 -> 0 | X43: 0 | Y43: 0 | Z43: =X43*Y43 -> 0 | AA43: 1 | AB43: 0 | AC43: 0 | AD43: =AB43*AC43 -> 0 | AE43: 1 | AF43: 0 | AG43: 0 | AH43: =AF43*AG43 -> 0 | AI43: 0 | AJ43: 0 | AK43: =AI43*AJ43 -> 0 | AL43: 0 | AM43: 0 | AN43: =AL43*AM43 -> 0
I44: Total | K44: =SUM(K37:K43) -> 0 | L44: Total | N44: =SUM(N37:N43) -> 0.5625 | O44: Total | Q44: =SUM(Q37:Q43) -> 0 | R44: Total | T44: =SUM(T37:T43) -> 1 | U44: Total | W44: =SUM(W37:W43) -> 0 | X44: Total | Z44: =SUM(Z37:Z43) -> 0 | AA44: 1 | AB44: Total | AD44: =SUM(AD37:AD43) -> 0 | AE44: 1 | AF44: Total | AH44: =SUM(AH37:AH43) -> 0 | AI44: Total | AK44: =SUM(AK37:AK43) -> 0 | AL44: Total | AN44: =SUM(AN37:AN43) -> 0
C45: ='1. Rekap Back Up Aspal'!C24 -> 300 | D45: ='1. Rekap Back Up Aspal'!D24 -> 400 | E45: ='1. Rekap Back Up Aspal'!E24 -> 4.5 | F45: =(100/((D45-C45)*E45))*((K52*0.5)+(N52*0.5)+(Q52*4)+(T52*4)+(W52*1)+(Z52*2)+(AD52*1.5)+(AH52*1)+(AK52*1)+(AN52*1)) -> 21.888889 | G45: B | H45: =IF(F45<=25,"B",IF(F45<=75,"S",IF(F45<=100,"RR","RB"))) -> B | I45: 0 | J45: 0 | K45: =I45*J45 -> 0 | L45: 1 | M45: 1 | N45: =L45*M45 -> 1 | O45: 3 | P45: 3 | Q45: =O45*P45 -> 9 | R45: 3 | S45: 3 | T45: =R45*S45 -> 9 | U45: 0 | V45: 0 | W45: =U45*V45 -> 0 | X45: 3 | Y45: 1 | Z45: =X45*Y45 -> 3 | AA45: 2 | AB45: 0 | AC45: 0 | AD45: =AB45*AC45 -> 0 | AE45: 1 | AF45: 0 | AG45: 0 | AH45: =AF45*AG45 -> 0 | AI45: 0 | AJ45: 0 | AK45: =AI45*AJ45 -> 0 | AL45: 0 | AM45: 0 | AN45: =AL45*AM45 -> 0
I46: 0 | J46: 0 | K46: =I46*J46 -> 0 | L46: 4 | M46: 1 | N46: =L46*M46 -> 4 | O46: 0 | P46: 0 | Q46: =O46*P46 -> 0 | R46: 1 | S46: 2 | T46: =R46*S46 -> 2 | U46: 0 | V46: 0 | W46: =U46*V46 -> 0 | X46: 5 | Y46: 1 | Z46: =X46*Y46 -> 5 | AA46: 2 | AB46: 0 | AC46: 0 | AD46: =AB46*AC46 -> 0 | AE46: 1 | AF46: 0 | AG46: 0 | AH46: =AF46*AG46 -> 0 | AI46: 0 | AJ46: 0 | AK46: =AI46*AJ46 -> 0 | AL46: 0 | AM46: 0 | AN46: =AL46*AM46 -> 0
I47: 0 | J47: 0 | K47: =I47*J47 -> 0 | L47: 0 | M47: 0 | N47: =L47*M47 -> 0 | O47: 0 | P47: 0 | Q47: =O47*P47 -> 0 | R47: 0 | S47: 0 | T47: =R47*S47 -> 0 | U47: 0 | V47: 0 | W47: =U47*V47 -> 0 | X47: 0 | Y47: 0 | Z47: =X47*Y47 -> 0 | AA47: 1 | AB47: 0 | AC47: 0 | AD47: =AB47*AC47 -> 0 | AE47: 1 | AF47: 0 | AG47: 0 | AH47: =AF47*AG47 -> 0 | AI47: 0 | AJ47: 0 | AK47: =AI47*AJ47 -> 0 | AL47: 0 | AM47: 0 | AN47: =AL47*AM47 -> 0
I48: 0 | J48: 0 | K48: =I48*J48 -> 0 | L48: 0 | M48: 0 | N48: =L48*M48 -> 0 | O48: 0 | P48: 0 | Q48: =O48*P48 -> 0 | R48: 0 | S48: 0 | T48: =R48*S48 -> 0 | U48: 0 | V48: 0 | W48: =U48*V48 -> 0 | X48: 0 | Y48: 0 | Z48: =X48*Y48 -> 0 | AA48: 1 | AB48: 0 | AC48: 0 | AD48: =AB48*AC48 -> 0 | AE48: 1 | AF48: 0 | AG48: 0 | AH48: =AF48*AG48 -> 0 | AI48: 0 | AJ48: 0 | AK48: =AI48*AJ48 -> 0 | AL48: 0 | AM48: 0 | AN48: =AL48*AM48 -> 0
I49: 0 | J49: 0 | K49: =I49*J49 -> 0 | L49: 0 | M49: 0 | N49: =L49*M49 -> 0 | O49: 0 | P49: 0 | Q49: =O49*P49 -> 0 | R49: 0 | S49: 0 | T49: =R49*S49 -> 0 | U49: 0 | V49: 0 | W49: =U49*V49 -> 0 | X49: 0 | Y49: 0 | Z49: =X49*Y49 -> 0 | AA49: 1 | AB49: 0 | AC49: 0 | AD49: =AB49*AC49 -> 0 | AE49: 1 | AF49: 0 | AG49: 0 | AH49: =AF49*AG49 -> 0 | AI49: 0 | AJ49: 0 | AK49: =AI49*AJ49 -> 0 | AL49: 0 | AM49: 0 | AN49: =AL49*AM49 -> 0
I50: 0 | J50: 0 | K50: =I50*J50 -> 0 | L50: 0 | M50: 0 | N50: =L50*M50 -> 0 | O50: 0 | P50: 0 | Q50: =O50*P50 -> 0 | R50: 0 | S50: 0 | T50: =R50*S50 -> 0 | U50: 0 | V50: 0 | W50: =U50*V50 -> 0 | X50: 0 | Y50: 0 | Z50: =X50*Y50 -> 0 | AA50: 1 | AB50: 0 | AC50: 0 | AD50: =AB50*AC50 -> 0 | AE50: 1 | AF50: 0 | AG50: 0 | AH50: =AF50*AG50 -> 0 | AI50: 0 | AJ50: 0 | AK50: =AI50*AJ50 -> 0 | AL50: 0 | AM50: 0 | AN50: =AL50*AM50 -> 0
I51: 0 | J51: 0 | K51: =I51*J51 -> 0 | L51: 0 | M51: 0 | N51: =L51*M51 -> 0 | O51: 0 | P51: 0 | Q51: =O51*P51 -> 0 | R51: 0 | S51: 0 | T51: =R51*S51 -> 0 | U51: 0 | V51: 0 | W51: =U51*V51 -> 0 | X51: 0 | Y51: 0 | Z51: =X51*Y51 -> 0 | AA51: 1 | AB51: 0 | AC51: 0 | AD51: =AB51*AC51 -> 0 | AE51: 1 | AF51: 0 | AG51: 0 | AH51: =AF51*AG51 -> 0 | AI51: 0 | AJ51: 0 | AK51: =AI51*AJ51 -> 0 | AL51: 0 | AM51: 0 | AN51: =AL51*AM51 -> 0
I52: Total | K52: =SUM(K45:K51) -> 0 | L52: Total | N52: =SUM(N45:N51) -> 5 | O52: Total | Q52: =SUM(Q45:Q51) -> 9 | R52: Total | T52: =SUM(T45:T51) -> 11 | U52: Total | W52: =SUM(W45:W51) -> 0 | X52: Total | Z52: =SUM(Z45:Z51) -> 8 | AA52: 2 | AB52: Total | AD52: =SUM(AD45:AD51) -> 0 | AE52: 1 | AF52: Total | AH52: =SUM(AH45:AH51) -> 0 | AI52: Total | AK52: =SUM(AK45:AK51) -> 0 | AL52: Total | AN52: =SUM(AN45:AN51) -> 0
C53: ='1. Rekap Back Up Aspal'!C25 -> 400 | D53: ='1. Rekap Back Up Aspal'!D25 -> 500 | E53: ='1. Rekap Back Up Aspal'!E25 -> 4.5 | F53: =(100/((D53-C53)*E53))*((K60*0.5)+(N60*0.5)+(Q60*4)+(T60*4)+(W60*1)+(Z60*2)+(AD60*1.5)+(AH60*1)+(AK60*1)+(AN60*1)) -> 15.333333 | G53: B | H53: =IF(F53<=25,"B",IF(F53<=75,"S",IF(F53<=100,"RR","RB"))) -> B | I53: 0 | J53: 0 | K53: =I53*J53 -> 0 | L53: 2 | M53: 2 | N53: =L53*M53 -> 4 | O53: 0 | P53: 0 | Q53: =O53*P53 -> 0 | R53: 3 | S53: 4 | T53: =R53*S53 -> 12 | U53: 2 | V53: 0.5 | W53: =U53*V53 -> 1 | X53: 0 | Y53: 0 | Z53: =X53*Y53 -> 0 | AA53: 1 | AB53: 0 | AC53: 0 | AD53: =AB53*AC53 -> 0 | AE53: 1 | AF53: 0 | AG53: 0 | AH53: =AF53*AG53 -> 0 | AI53: 0 | AJ53: 0 | AK53: =AI53*AJ53 -> 0 | AL53: 0 | AM53: 0 | AN53: =AL53*AM53 -> 0
I54: 0 | J54: 0 | K54: =I54*J54 -> 0 | L54: 4 | M54: 1 | N54: =L54*M54 -> 4 | O54: 0 | P54: 0 | Q54: =O54*P54 -> 0 | R54: 4 | S54: 1 | T54: =R54*S54 -> 4 | U54: 0 | V54: 0 | W54: =U54*V54 -> 0 | X54: 0 | Y54: 0 | Z54: =X54*Y54 -> 0 | AA54: 1 | AB54: 0 | AC54: 0 | AD54: =AB54*AC54 -> 0 | AE54: 1 | AF54: 0 | AG54: 0 | AH54: =AF54*AG54 -> 0 | AI54: 0 | AJ54: 0 | AK54: =AI54*AJ54 -> 0 | AL54: 0 | AM54: 0 | AN54: =AL54*AM54 -> 0
I55: 0 | J55: 0 | K55: =I55*J55 -> 0 | L55: 0 | M55: 0 | N55: =L55*M55 -> 0 | O55: 0 | P55: 0 | Q55: =O55*P55 -> 0 | R55: 0 | S55: 0 | T55: =R55*S55 -> 0 | U55: 0 | V55: 0 | W55: =U55*V55 -> 0 | X55: 0 | Y55: 0 | Z55: =X55*Y55 -> 0 | AA55: 1 | AB55: 0 | AC55: 0 | AD55: =AB55*AC55 -> 0 | AE55: 1 | AF55: 0 | AG55: 0 | AH55: =AF55*AG55 -> 0 | AI55: 0 | AJ55: 0 | AK55: =AI55*AJ55 -> 0 | AL55: 0 | AM55: 0 | AN55: =AL55*AM55 -> 0
I56: 0 | J56: 0 | K56: =I56*J56 -> 0 | L56: 0 | M56: 0 | N56: =L56*M56 -> 0 | O56: 0 | P56: 0 | Q56: =O56*P56 -> 0 | R56: 0 | S56: 0 | T56: =R56*S56 -> 0 | U56: 0 | V56: 0 | W56: =U56*V56 -> 0 | X56: 0 | Y56: 0 | Z56: =X56*Y56 -> 0 | AA56: 1 | AB56: 0 | AC56: 0 | AD56: =AB56*AC56 -> 0 | AE56: 1 | AF56: 0 | AG56: 0 | AH56: =AF56*AG56 -> 0 | AI56: 0 | AJ56: 0 | AK56: =AI56*AJ56 -> 0 | AL56: 0 | AM56: 0 | AN56: =AL56*AM56 -> 0
I57: 0 | J57: 0 | K57: =I57*J57 -> 0 | L57: 0 | M57: 0 | N57: =L57*M57 -> 0 | O57: 0 | P57: 0 | Q57: =O57*P57 -> 0 | R57: 0 | S57: 0 | T57: =R57*S57 -> 0 | U57: 0 | V57: 0 | W57: =U57*V57 -> 0 | X57: 0 | Y57: 0 | Z57: =X57*Y57 -> 0 | AA57: 1 | AB57: 0 | AC57: 0 | AD57: =AB57*AC57 -> 0 | AE57: 1 | AF57: 0 | AG57: 0 | AH57: =AF57*AG57 -> 0 | AI57: 0 | AJ57: 0 | AK57: =AI57*AJ57 -> 0 | AL57: 0 | AM57: 0 | AN57: =AL57*AM57 -> 0
I58: 0 | J58: 0 | K58: =I58*J58 -> 0 | L58: 0 | M58: 0 | N58: =L58*M58 -> 0 | O58: 0 | P58: 0 | Q58: =O58*P58 -> 0 | R58: 0 | S58: 0 | T58: =R58*S58 -> 0 | U58: 0 | V58: 0 | W58: =U58*V58 -> 0 | X58: 0 | Y58: 0 | Z58: =X58*Y58 -> 0 | AA58: 1 | AB58: 0 | AC58: 0 | AD58: =AB58*AC58 -> 0 | AE58: 1 | AF58: 0 | AG58: 0 | AH58: =AF58*AG58 -> 0 | AI58: 0 | AJ58: 0 | AK58: =AI58*AJ58 -> 0 | AL58: 0 | AM58: 0 | AN58: =AL58*AM58 -> 0
I59: 0 | J59: 0 | K59: =I59*J59 -> 0 | L59: 0 | M59: 0 | N59: =L59*M59 -> 0 | O59: 0 | P59: 0 | Q59: =O59*P59 -> 0 | R59: 0 | S59: 0 | T59: =R59*S59 -> 0 | U59: 0 | V59: 0 | W59: =U59*V59 -> 0 | X59: 0 | Y59: 0 | Z59: =X59*Y59 -> 0 | AA59: 1 | AB59: 0 | AC59: 0 | AD59: =AB59*AC59 -> 0 | AE59: 1 | AF59: 0 | AG59: 0 | AH59: =AF59*AG59 -> 0 | AI59: 0 | AJ59: 0 | AK59: =AI59*AJ59 -> 0 | AL59: 0 | AM59: 0 | AN59: =AL59*AM59 -> 0
I60: Total | K60: =SUM(K53:K59) -> 0 | L60: Total | N60: =SUM(N53:N59) -> 8 | O60: Total | Q60: =SUM(Q53:Q59) -> 0 | R60: Total | T60: =SUM(T53:T59) -> 16 | U60: Total | W60: =SUM(W53:W59) -> 1 | X60: Total | Z60: =SUM(Z53:Z59) -> 0 | AA60: 1 | AB60: Total | AD60: =SUM(AD53:AD59) -> 0 | AE60: 1 | AF60: Total | AH60: =SUM(AH53:AH59) -> 0 | AI60: Total | AK60: =SUM(AK53:AK59) -> 0 | AL60: Total | AN60: =SUM(AN53:AN59) -> 0
C61: ='1. Rekap Back Up Aspal'!C26 -> 500 | D61: ='1. Rekap Back Up Aspal'!D26 -> 600 | E61: ='1. Rekap Back Up Aspal'!E26 -> 4.5 | F61: =(100/((D61-C61)*E61))*((K68*0.5)+(N68*0.5)+(Q68*4)+(T68*4)+(W68*1)+(Z68*2)+(AD68*1.5)+(AH68*1)+(AK68*1)+(AN68*1)) -> 2.2222222 | G61: B | H61: =IF(F61<=25,"B",IF(F61<=75,"S",IF(F61<=100,"RR","RB"))) -> B | I61: 0 | J61: 0 | K61: =I61*J61 -> 0 | L61: 10 | M61: 2 | N61: =L61*M61 -> 20 | O61: 0 | P61: 0 | Q61: =O61*P61 -> 0 | R61: 0 | S61: 0 | T61: =R61*S61 -> 0 | U61: 0 | V61: 0 | W61: =U61*V61 -> 0 | X61: 0 | Y61: 0 | Z61: =X61*Y61 -> 0 | AA61: 1 | AB61: 0 | AC61: 0 | AD61: =AB61*AC61 -> 0 | AE61: 1 | AF61: 0 | AG61: 0 | AH61: =AF61*AG61 -> 0 | AI61: 0 | AJ61: 0 | AK61: =AI61*AJ61 -> 0 | AL61: 0 | AM61: 0 | AN61: =AL61*AM61 -> 0
I62: 0 | J62: 0 | K62: =I62*J62 -> 0 | L62: 0 | M62: 0 | N62: =L62*M62 -> 0 | O62: 0 | P62: 0 | Q62: =O62*P62 -> 0 | R62: 0 | S62: 0 | T62: =R62*S62 -> 0 | U62: 0 | V62: 0 | W62: =U62*V62 -> 0 | X62: 0 | Y62: 0 | Z62: =X62*Y62 -> 0 | AA62: 1 | AB62: 0 | AC62: 0 | AD62: =AB62*AC62 -> 0 | AE62: 1 | AF62: 0 | AG62: 0 | AH62: =AF62*AG62 -> 0 | AI62: 0 | AJ62: 0 | AK62: =AI62*AJ62 -> 0 | AL62: 0 | AM62: 0 | AN62: =AL62*AM62 -> 0
I63: 0 | J63: 0 | K63: =I63*J63 -> 0 | L63: 0 | M63: 0 | N63: =L63*M63 -> 0 | O63: 0 | P63: 0 | Q63: =O63*P63 -> 0 | R63: 0 | S63: 0 | T63: =R63*S63 -> 0 | U63: 0 | V63: 0 | W63: =U63*V63 -> 0 | X63: 0 | Y63: 0 | Z63: =X63*Y63 -> 0 | AA63: 1 | AB63: 0 | AC63: 0 | AD63: =AB63*AC63 -> 0 | AE63: 1 | AF63: 0 | AG63: 0 | AH63: =AF63*AG63 -> 0 | AI63: 0 | AJ63: 0 | AK63: =AI63*AJ63 -> 0 | AL63: 0 | AM63: 0 | AN63: =AL63*AM63 -> 0
I64: 0 | J64: 0 | K64: =I64*J64 -> 0 | L64: 0 | M64: 0 | N64: =L64*M64 -> 0 | O64: 0 | P64: 0 | Q64: =O64*P64 -> 0 | R64: 0 | S64: 0 | T64: =R64*S64 -> 0 | U64: 0 | V64: 0 | W64: =U64*V64 -> 0 | X64: 0 | Y64: 0 | Z64: =X64*Y64 -> 0 | AA64: 1 | AB64: 0 | AC64: 0 | AD64: =AB64*AC64 -> 0 | AE64: 1 | AF64: 0 | AG64: 0 | AH64: =AF64*AG64 -> 0 | AI64: 0 | AJ64: 0 | AK64: =AI64*AJ64 -> 0 | AL64: 0 | AM64: 0 | AN64: =AL64*AM64 -> 0
I65: 0 | J65: 0 | K65: =I65*J65 -> 0 | L65: 0 | M65: 0 | N65: =L65*M65 -> 0 | O65: 0 | P65: 0 | Q65: =O65*P65 -> 0 | R65: 0 | S65: 0 | T65: =R65*S65 -> 0 | U65: 0 | V65: 0 | W65: =U65*V65 -> 0 | X65: 0 | Y65: 0 | Z65: =X65*Y65 -> 0 | AA65: 1 | AB65: 0 | AC65: 0 | AD65: =AB65*AC65 -> 0 | AE65: 1 | AF65: 0 | AG65: 0 | AH65: =AF65*AG65 -> 0 | AI65: 0 | AJ65: 0 | AK65: =AI65*AJ65 -> 0 | AL65: 0 | AM65: 0 | AN65: =AL65*AM65 -> 0
I66: 0 | J66: 0 | K66: =I66*J66 -> 0 | L66: 0 | M66: 0 | N66: =L66*M66 -> 0 | O66: 0 | P66: 0 | Q66: =O66*P66 -> 0 | R66: 0 | S66: 0 | T66: =R66*S66 -> 0 | U66: 0 | V66: 0 | W66: =U66*V66 -> 0 | X66: 0 | Y66: 0 | Z66: =X66*Y66 -> 0 | AA66: 1 | AB66: 0 | AC66: 0 | AD66: =AB66*AC66 -> 0 | AE66: 1 | AF66: 0 | AG66: 0 | AH66: =AF66*AG66 -> 0 | AI66: 0 | AJ66: 0 | AK66: =AI66*AJ66 -> 0 | AL66: 0 | AM66: 0 | AN66: =AL66*AM66 -> 0
I67: 0 | J67: 0 | K67: =I67*J67 -> 0 | L67: 0 | M67: 0 | N67: =L67*M67 -> 0 | O67: 0 | P67: 0 | Q67: =O67*P67 -> 0 | R67: 0 | S67: 0 | T67: =R67*S67 -> 0 | U67: 0 | V67: 0 | W67: =U67*V67 -> 0 | X67: 0 | Y67: 0 | Z67: =X67*Y67 -> 0 | AA67: 1 | AB67: 0 | AC67: 0 | AD67: =AB67*AC67 -> 0 | AE67: 1 | AF67: 0 | AG67: 0 | AH67: =AF67*AG67 -> 0 | AI67: 0 | AJ67: 0 | AK67: =AI67*AJ67 -> 0 | AL67: 0 | AM67: 0 | AN67: =AL67*AM67 -> 0
I68: Total | K68: =SUM(K61:K67) -> 0 | L68: Total | N68: =SUM(N61:N67) -> 20 | O68: Total | Q68: =SUM(Q61:Q67) -> 0 | R68: Total | T68: =SUM(T61:T67) -> 0 | U68: Total | W68: =SUM(W61:W67) -> 0 | X68: Total | Z68: =SUM(Z61:Z67) -> 0 | AA68: 1 | AB68: Total | AD68: =SUM(AD61:AD67) -> 0 | AE68: 1 | AF68: Total | AH68: =SUM(AH61:AH67) -> 0 | AI68: Total | AK68: =SUM(AK61:AK67) -> 0 | AL68: Total | AN68: =SUM(AN61:AN67) -> 0
C69: ='1. Rekap Back Up Aspal'!C27 -> 600 | D69: ='1. Rekap Back Up Aspal'!D27 -> 700 | E69: ='1. Rekap Back Up Aspal'!E27 -> 4.5 | F69: =(100/((D69-C69)*E69))*((K76*0.5)+(N76*0.5)+(Q76*4)+(T76*4)+(W76*1)+(Z76*2)+(AD76*1.5)+(AH76*1)+(AK76*1)+(AN76*1)) -> 0.027777778 | G69: B | H69: =IF(F69<=25,"B",IF(F69<=75,"S",IF(F69<=100,"RR","RB"))) -> B | I69: 0 | J69: 0 | K69: =I69*J69 -> 0 | L69: 0.5 | M69: 0.5 | N69: =L69*M69 -> 0.25 | O69: 0 | P69: 0 | Q69: =O69*P69 -> 0 | R69: 0 | S69: 0 | T69: =R69*S69 -> 0 | U69: 0 | V69: 0 | W69: =U69*V69 -> 0 | X69: 0 | Y69: 0 | Z69: =X69*Y69 -> 0 | AA69: 1 | AB69: 0 | AC69: 0 | AD69: =AB69*AC69 -> 0 | AE69: 1 | AF69: 0 | AG69: 0 | AH69: =AF69*AG69 -> 0 | AI69: 0 | AJ69: 0 | AK69: =AI69*AJ69 -> 0 | AL69: 0 | AM69: 0 | AN69: =AL69*AM69 -> 0
I70: 0 | J70: 0 | K70: =I70*J70 -> 0 | L70: 0 | M70: 0 | N70: =L70*M70 -> 0 | O70: 0 | P70: 0 | Q70: =O70*P70 -> 0 | R70: 0 | S70: 0 | T70: =R70*S70 -> 0 | U70: 0 | V70: 0 | W70: =U70*V70 -> 0 | X70: 0 | Y70: 0 | Z70: =X70*Y70 -> 0 | AA70: 1 | AB70: 0 | AC70: 0 | AD70: =AB70*AC70 -> 0 | AE70: 1 | AF70: 0 | AG70: 0 | AH70: =AF70*AG70 -> 0 | AI70: 0 | AJ70: 0 | AK70: =AI70*AJ70 -> 0 | AL70: 0 | AM70: 0 | AN70: =AL70*AM70 -> 0
I71: 0 | J71: 0 | K71: =I71*J71 -> 0 | L71: 0 | M71: 0 | N71: =L71*M71 -> 0 | O71: 0 | P71: 0 | Q71: =O71*P71 -> 0 | R71: 0 | S71: 0 | T71: =R71*S71 -> 0 | U71: 0 | V71: 0 | W71: =U71*V71 -> 0 | X71: 0 | Y71: 0 | Z71: =X71*Y71 -> 0 | AA71: 1 | AB71: 0 | AC71: 0 | AD71: =AB71*AC71 -> 0 | AE71: 1 | AF71: 0 | AG71: 0 | AH71: =AF71*AG71 -> 0 | AI71: 0 | AJ71: 0 | AK71: =AI71*AJ71 -> 0 | AL71: 0 | AM71: 0 | AN71: =AL71*AM71 -> 0
I72: 0 | J72: 0 | K72: =I72*J72 -> 0 | L72: 0 | M72: 0 | N72: =L72*M72 -> 0 | O72: 0 | P72: 0 | Q72: =O72*P72 -> 0 | R72: 0 | S72: 0 | T72: =R72*S72 -> 0 | U72: 0 | V72: 0 | W72: =U72*V72 -> 0 | X72: 0 | Y72: 0 | Z72: =X72*Y72 -> 0 | AA72: 1 | AB72: 0 | AC72: 0 | AD72: =AB72*AC72 -> 0 | AE72: 1 | AF72: 0 | AG72: 0 | AH72: =AF72*AG72 -> 0 | AI72: 0 | AJ72: 0 | AK72: =AI72*AJ72 -> 0 | AL72: 0 | AM72: 0 | AN72: =AL72*AM72 -> 0
I73: 0 | J73: 0 | K73: =I73*J73 -> 0 | L73: 0 | M73: 0 | N73: =L73*M73 -> 0 | O73: 0 | P73: 0 | Q73: =O73*P73 -> 0 | R73: 0 | S73: 0 | T73: =R73*S73 -> 0 | U73: 0 | V73: 0 | W73: =U73*V73 -> 0 | X73: 0 | Y73: 0 | Z73: =X73*Y73 -> 0 | AA73: 1 | AB73: 0 | AC73: 0 | AD73: =AB73*AC73 -> 0 | AE73: 1 | AF73: 0 | AG73: 0 | AH73: =AF73*AG73 -> 0 | AI73: 0 | AJ73: 0 | AK73: =AI73*AJ73 -> 0 | AL73: 0 | AM73: 0 | AN73: =AL73*AM73 -> 0
I74: 0 | J74: 0 | K74: =I74*J74 -> 0 | L74: 0 | M74: 0 | N74: =L74*M74 -> 0 | O74: 0 | P74: 0 | Q74: =O74*P74 -> 0 | R74: 0 | S74: 0 | T74: =R74*S74 -> 0 | U74: 0 | V74: 0 | W74: =U74*V74 -> 0 | X74: 0 | Y74: 0 | Z74: =X74*Y74 -> 0 | AA74: 1 | AB74: 0 | AC74: 0 | AD74: =AB74*AC74 -> 0 | AE74: 1 | AF74: 0 | AG74: 0 | AH74: =AF74*AG74 -> 0 | AI74: 0 | AJ74: 0 | AK74: =AI74*AJ74 -> 0 | AL74: 0 | AM74: 0 | AN74: =AL74*AM74 -> 0
I75: 0 | J75: 0 | K75: =I75*J75 -> 0 | L75: 0 | M75: 0 | N75: =L75*M75 -> 0 | O75: 0 | P75: 0 | Q75: =O75*P75 -> 0 | R75: 0 | S75: 0 | T75: =R75*S75 -> 0 | U75: 0 | V75: 0 | W75: =U75*V75 -> 0 | X75: 0 | Y75: 0 | Z75: =X75*Y75 -> 0 | AA75: 1 | AB75: 0 | AC75: 0 | AD75: =AB75*AC75 -> 0 | AE75: 1 | AF75: 0 | AG75: 0 | AH75: =AF75*AG75 -> 0 | AI75: 0 | AJ75: 0 | AK75: =AI75*AJ75 -> 0 | AL75: 0 | AM75: 0 | AN75: =AL75*AM75 -> 0
I76: Total | K76: =SUM(K69:K75) -> 0 | L76: Total | N76: =SUM(N69:N75) -> 0.25 | O76: Total | Q76: =SUM(Q69:Q75) -> 0 | R76: Total | T76: =SUM(T69:T75) -> 0 | U76: Total | W76: =SUM(W69:W75) -> 0 | X76: Total | Z76: =SUM(Z69:Z75) -> 0 | AA76: 1 | AB76: Total | AD76: =SUM(AD69:AD75) -> 0 | AE76: 1 | AF76: Total | AH76: =SUM(AH69:AH75) -> 0 | AI76: Total | AK76: =SUM(AK69:AK75) -> 0 | AL76: Total | AN76: =SUM(AN69:AN75) -> 0
C77: ='1. Rekap Back Up Aspal'!C28 -> 700 | D77: ='1. Rekap Back Up Aspal'!D28 -> 800 | E77: ='1. Rekap Back Up Aspal'!E28 -> 4.5 | F77: =(100/((D77-C77)*E77))*((K84*0.5)+(N84*0.5)+(Q84*4)+(T84*4)+(W84*1)+(Z84*2)+(AD84*1.5)+(AH84*1)+(AK84*1)+(AN84*1)) -> 0 | G77: B | H77: =IF(F77<=25,"B",IF(F77<=75,"S",IF(F77<=100,"RR","RB"))) -> B | I77: 0 | J77: 0 | K77: =I77*J77 -> 0 | L77: 0 | M77: 0 | N77: =L77*M77 -> 0 | O77: 0 | P77: 0 | Q77: =O77*P77 -> 0 | R77: 0 | S77: 0 | T77: =R77*S77 -> 0 | U77: 0 | V77: 0 | W77: =U77*V77 -> 0 | X77: 0 | Y77: 0 | Z77: =X77*Y77 -> 0 | AA77: 1 | AB77: 0 | AC77: 0 | AD77: =AB77*AC77 -> 0 | AE77: 1 | AF77: 0 | AG77: 0 | AH77: =AF77*AG77 -> 0 | AI77: 0 | AJ77: 0 | AK77: =AI77*AJ77 -> 0 | AL77: 0 | AM77: 0 | AN77: =AL77*AM77 -> 0
I78: 0 | J78: 0 | K78: =I78*J78 -> 0 | L78: 0 | M78: 0 | N78: =L78*M78 -> 0 | O78: 0 | P78: 0 | Q78: =O78*P78 -> 0 | R78: 0 | S78: 0 | T78: =R78*S78 -> 0 | U78: 0 | V78: 0 | W78: =U78*V78 -> 0 | X78: 0 | Y78: 0 | Z78: =X78*Y78 -> 0 | AA78: 1 | AB78: 0 | AC78: 0 | AD78: =AB78*AC78 -> 0 | AE78: 1 | AF78: 0 | AG78: 0 | AH78: =AF78*AG78 -> 0 | AI78: 0 | AJ78: 0 | AK78: =AI78*AJ78 -> 0 | AL78: 0 | AM78: 0 | AN78: =AL78*AM78 -> 0
I79: 0 | J79: 0 | K79: =I79*J79 -> 0 | L79: 0 | M79: 0 | N79: =L79*M79 -> 0 | O79: 0 | P79: 0 | Q79: =O79*P79 -> 0 | R79: 0 | S79: 0 | T79: =R79*S79 -> 0 | U79: 0 | V79: 0 | W79: =U79*V79 -> 0 | X79: 0 | Y79: 0 | Z79: =X79*Y79 -> 0 | AA79: 1 | AB79: 0 | AC79: 0 | AD79: =AB79*AC79 -> 0 | AE79: 1 | AF79: 0 | AG79: 0 | AH79: =AF79*AG79 -> 0 | AI79: 0 | AJ79: 0 | AK79: =AI79*AJ79 -> 0 | AL79: 0 | AM79: 0 | AN79: =AL79*AM79 -> 0
I80: 0 | J80: 0 | K80: =I80*J80 -> 0 | L80: 0 | M80: 0 | N80: =L80*M80 -> 0 | O80: 0 | P80: 0 | Q80: =O80*P80 -> 0 | R80: 0 | S80: 0 | T80: =R80*S80 -> 0 | U80: 0 | V80: 0 | W80: =U80*V80 -> 0 | X80: 0 | Y80: 0 | Z80: =X80*Y80 -> 0 | AA80: 1 | AB80: 0 | AC80: 0 | AD80: =AB80*AC80 -> 0 | AE80: 1 | AF80: 0 | AG80: 0 | AH80: =AF80*AG80 -> 0 | AI80: 0 | AJ80: 0 | AK80: =AI80*AJ80 -> 0 | AL80: 0 | AM80: 0 | AN80: =AL80*AM80 -> 0
I81: 0 | J81: 0 | K81: =I81*J81 -> 0 | L81: 0 | M81: 0 | N81: =L81*M81 -> 0 | O81: 0 | P81: 0 | Q81: =O81*P81 -> 0 | R81: 0 | S81: 0 | T81: =R81*S81 -> 0 | U81: 0 | V81: 0 | W81: =U81*V81 -> 0 | X81: 0 | Y81: 0 | Z81: =X81*Y81 -> 0 | AA81: 1 | AB81: 0 | AC81: 0 | AD81: =AB81*AC81 -> 0 | AE81: 1 | AF81: 0 | AG81: 0 | AH81: =AF81*AG81 -> 0 | AI81: 0 | AJ81: 0 | AK81: =AI81*AJ81 -> 0 | AL81: 0 | AM81: 0 | AN81: =AL81*AM81 -> 0
I82: 0 | J82: 0 | K82: =I82*J82 -> 0 | L82: 0 | M82: 0 | N82: =L82*M82 -> 0 | O82: 0 | P82: 0 | Q82: =O82*P82 -> 0 | R82: 0 | S82: 0 | T82: =R82*S82 -> 0 | U82: 0 | V82: 0 | W82: =U82*V82 -> 0 | X82: 0 | Y82: 0 | Z82: =X82*Y82 -> 0 | AA82: 1 | AB82: 0 | AC82: 0 | AD82: =AB82*AC82 -> 0 | AE82: 1 | AF82: 0 | AG82: 0 | AH82: =AF82*AG82 -> 0 | AI82: 0 | AJ82: 0 | AK82: =AI82*AJ82 -> 0 | AL82: 0 | AM82: 0 | AN82: =AL82*AM82 -> 0
I83: 0 | J83: 0 | K83: =I83*J83 -> 0 | L83: 0 | M83: 0 | N83: =L83*M83 -> 0 | O83: 0 | P83: 0 | Q83: =O83*P83 -> 0 | R83: 0 | S83: 0 | T83: =R83*S83 -> 0 | U83: 0 | V83: 0 | W83: =U83*V83 -> 0 | X83: 0 | Y83: 0 | Z83: =X83*Y83 -> 0 | AA83: 1 | AB83: 0 | AC83: 0 | AD83: =AB83*AC83 -> 0 | AE83: 1 | AF83: 0 | AG83: 0 | AH83: =AF83*AG83 -> 0 | AI83: 0 | AJ83: 0 | AK83: =AI83*AJ83 -> 0 | AL83: 0 | AM83: 0 | AN83: =AL83*AM83 -> 0
I84: Total | K84: =SUM(K77:K83) -> 0 | L84: Total | N84: =SUM(N77:N83) -> 0 | O84: Total | Q84: =SUM(Q77:Q83) -> 0 | R84: Total | T84: =SUM(T77:T83) -> 0 | U84: Total | W84: =SUM(W77:W83) -> 0 | X84: Total | Z84: =SUM(Z77:Z83) -> 0 | AA84: 1 | AB84: Total | AD84: =SUM(AD77:AD83) -> 0 | AE84: 1 | AF84: Total | AH84: =SUM(AH77:AH83) -> 0 | AI84: Total | AK84: =SUM(AK77:AK83) -> 0 | AL84: Total | AN84: =SUM(AN77:AN83) -> 0
C85: ='1. Rekap Back Up Aspal'!C29 -> 800 | D85: ='1. Rekap Back Up Aspal'!D29 -> 900 | E85: ='1. Rekap Back Up Aspal'!E29 -> 4.5 | F85: =(100/((D85-C85)*E85))*((K92*0.5)+(N92*0.5)+(Q92*4)+(T92*4)+(W92*1)+(Z92*2)+(AD92*1.5)+(AH92*1)+(AK92*1)+(AN92*1)) -> 0 | G85: B | H85: =IF(F85<=25,"B",IF(F85<=75,"S",IF(F85<=100,"RR","RB"))) -> B | I85: 0 | J85: 0 | K85: =I85*J85 -> 0 | L85: 0 | M85: 0 | N85: =L85*M85 -> 0 | O85: 0 | P85: 0 | Q85: =O85*P85 -> 0 | R85: 0 | S85: 0 | T85: =R85*S85 -> 0 | U85: 0 | V85: 0 | W85: =U85*V85 -> 0 | X85: 0 | Y85: 0 | Z85: =X85*Y85 -> 0 | AA85: 1 | AB85: 0 | AC85: 0 | AD85: =AB85*AC85 -> 0 | AE85: 1 | AF85: 0 | AG85: 0 | AH85: =AF85*AG85 -> 0 | AI85: 0 | AJ85: 0 | AK85: =AI85*AJ85 -> 0 | AL85: 0 | AM85: 0 | AN85: =AL85*AM85 -> 0
I86: 0 | J86: 0 | K86: =I86*J86 -> 0 | L86: 0 | M86: 0 | N86: =L86*M86 -> 0 | O86: 0 | P86: 0 | Q86: =O86*P86 -> 0 | R86: 0 | S86: 0 | T86: =R86*S86 -> 0 | U86: 0 | V86: 0 | W86: =U86*V86 -> 0 | X86: 0 | Y86: 0 | Z86: =X86*Y86 -> 0 | AA86: 1 | AB86: 0 | AC86: 0 | AD86: =AB86*AC86 -> 0 | AE86: 1 | AF86: 0 | AG86: 0 | AH86: =AF86*AG86 -> 0 | AI86: 0 | AJ86: 0 | AK86: =AI86*AJ86 -> 0 | AL86: 0 | AM86: 0 | AN86: =AL86*AM86 -> 0
I87: 0 | J87: 0 | K87: =I87*J87 -> 0 | L87: 0 | M87: 0 | N87: =L87*M87 -> 0 | O87: 0 | P87: 0 | Q87: =O87*P87 -> 0 | R87: 0 | S87: 0 | T87: =R87*S87 -> 0 | U87: 0 | V87: 0 | W87: =U87*V87 -> 0 | X87: 0 | Y87: 0 | Z87: =X87*Y87 -> 0 | AA87: 1 | AB87: 0 | AC87: 0 | AD87: =AB87*AC87 -> 0 | AE87: 1 | AF87: 0 | AG87: 0 | AH87: =AF87*AG87 -> 0 | AI87: 0 | AJ87: 0 | AK87: =AI87*AJ87 -> 0 | AL87: 0 | AM87: 0 | AN87: =AL87*AM87 -> 0
I88: 0 | J88: 0 | K88: =I88*J88 -> 0 | L88: 0 | M88: 0 | N88: =L88*M88 -> 0 | O88: 0 | P88: 0 | Q88: =O88*P88 -> 0 | R88: 0 | S88: 0 | T88: =R88*S88 -> 0 | U88: 0 | V88: 0 | W88: =U88*V88 -> 0 | X88: 0 | Y88: 0 | Z88: =X88*Y88 -> 0 | AA88: 1 | AB88: 0 | AC88: 0 | AD88: =AB88*AC88 -> 0 | AE88: 1 | AF88: 0 | AG88: 0 | AH88: =AF88*AG88 -> 0 | AI88: 0 | AJ88: 0 | AK88: =AI88*AJ88 -> 0 | AL88: 0 | AM88: 0 | AN88: =AL88*AM88 -> 0
I89: 0 | J89: 0 | K89: =I89*J89 -> 0 | L89: 0 | M89: 0 | N89: =L89*M89 -> 0 | O89: 0 | P89: 0 | Q89: =O89*P89 -> 0 | R89: 0 | S89: 0 | T89: =R89*S89 -> 0 | U89: 0 | V89: 0 | W89: =U89*V89 -> 0 | X89: 0 | Y89: 0 | Z89: =X89*Y89 -> 0 | AA89: 1 | AB89: 0 | AC89: 0 | AD89: =AB89*AC89 -> 0 | AE89: 1 | AF89: 0 | AG89: 0 | AH89: =AF89*AG89 -> 0 | AI89: 0 | AJ89: 0 | AK89: =AI89*AJ89 -> 0 | AL89: 0 | AM89: 0 | AN89: =AL89*AM89 -> 0
I90: 0 | J90: 0 | K90: =I90*J90 -> 0 | L90: 0 | M90: 0 | N90: =L90*M90 -> 0 | O90: 0 | P90: 0 | Q90: =O90*P90 -> 0 | R90: 0 | S90: 0 | T90: =R90*S90 -> 0 | U90: 0 | V90: 0 | W90: =U90*V90 -> 0 | X90: 0 | Y90: 0 | Z90: =X90*Y90 -> 0 | AA90: 1 | AB90: 0 | AC90: 0 | AD90: =AB90*AC90 -> 0 | AE90: 1 | AF90: 0 | AG90: 0 | AH90: =AF90*AG90 -> 0 | AI90: 0 | AJ90: 0 | AK90: =AI90*AJ90 -> 0 | AL90: 0 | AM90: 0 | AN90: =AL90*AM90 -> 0
I91: 0 | J91: 0 | K91: =I91*J91 -> 0 | L91: 0 | M91: 0 | N91: =L91*M91 -> 0 | O91: 0 | P91: 0 | Q91: =O91*P91 -> 0 | R91: 0 | S91: 0 | T91: =R91*S91 -> 0 | U91: 0 | V91: 0 | W91: =U91*V91 -> 0 | X91: 0 | Y91: 0 | Z91: =X91*Y91 -> 0 | AA91: 1 | AB91: 0 | AC91: 0 | AD91: =AB91*AC91 -> 0 | AE91: 1 | AF91: 0 | AG91: 0 | AH91: =AF91*AG91 -> 0 | AI91: 0 | AJ91: 0 | AK91: =AI91*AJ91 -> 0 | AL91: 0 | AM91: 0 | AN91: =AL91*AM91 -> 0
I92: Total | K92: =SUM(K85:K91) -> 0 | L92: Total | N92: =SUM(N85:N91) -> 0 | O92: Total | Q92: =SUM(Q85:Q91) -> 0 | R92: Total | T92: =SUM(T85:T91) -> 0 | U92: Total | W92: =SUM(W85:W91) -> 0 | X92: Total | Z92: =SUM(Z85:Z91) -> 0 | AA92: 1 | AB92: Total | AD92: =SUM(AD85:AD91) -> 0 | AE92: 1 | AF92: Total | AH92: =SUM(AH85:AH91) -> 0 | AI92: Total | AK92: =SUM(AK85:AK91) -> 0 | AL92: Total | AN92: =SUM(AN85:AN91) -> 0
C93: ='1. Rekap Back Up Aspal'!C30 -> 900 | D93: ='1. Rekap Back Up Aspal'!D30 -> 1000 | E93: ='1. Rekap Back Up Aspal'!E30 -> 4.5 | F93: =(100/((D93-C93)*E93))*((K100*0.5)+(N100*0.5)+(Q100*4)+(T100*4)+(W100*1)+(Z100*2)+(AD100*1.5)+(AH100*1)+(AK100*1)+(AN100*1)) -> 0 | G93: B | H93: =IF(F93<=25,"B",IF(F93<=75,"S",IF(F93<=100,"RR","RB"))) -> B | I93: 0 | J93: 0 | K93: =I93*J93 -> 0 | L93: 0 | M93: 0 | N93: =L93*M93 -> 0 | O93: 0 | P93: 0 | Q93: =O93*P93 -> 0 | R93: 0 | S93: 0 | T93: =R93*S93 -> 0 | U93: 0 | V93: 0 | W93: =U93*V93 -> 0 | X93: 0 | Y93: 0 | Z93: =X93*Y93 -> 0 | AA93: 1 | AB93: 0 | AC93: 0 | AD93: =AB93*AC93 -> 0 | AE93: 1 | AF93: 0 | AG93: 0 | AH93: =AF93*AG93 -> 0 | AI93: 0 | AJ93: 0 | AK93: =AI93*AJ93 -> 0 | AL93: 0 | AM93: 0 | AN93: =AL93*AM93 -> 0
I94: 0 | J94: 0 | K94: =I94*J94 -> 0 | L94: 0 | M94: 0 | N94: =L94*M94 -> 0 | O94: 0 | P94: 0 | Q94: =O94*P94 -> 0 | R94: 0 | S94: 0 | T94: =R94*S94 -> 0 | U94: 0 | V94: 0 | W94: =U94*V94 -> 0 | X94: 0 | Y94: 0 | Z94: =X94*Y94 -> 0 | AA94: 1 | AB94: 0 | AC94: 0 | AD94: =AB94*AC94 -> 0 | AE94: 1 | AF94: 0 | AG94: 0 | AH94: =AF94*AG94 -> 0 | AI94: 0 | AJ94: 0 | AK94: =AI94*AJ94 -> 0 | AL94: 0 | AM94: 0 | AN94: =AL94*AM94 -> 0
I95: 0 | J95: 0 | K95: =I95*J95 -> 0 | L95: 0 | M95: 0 | N95: =L95*M95 -> 0 | O95: 0 | P95: 0 | Q95: =O95*P95 -> 0 | R95: 0 | S95: 0 | T95: =R95*S95 -> 0 | U95: 0 | V95: 0 | W95: =U95*V95 -> 0 | X95: 0 | Y95: 0 | Z95: =X95*Y95 -> 0 | AA95: 1 | AB95: 0 | AC95: 0 | AD95: =AB95*AC95 -> 0 | AE95: 1 | AF95: 0 | AG95: 0 | AH95: =AF95*AG95 -> 0 | AI95: 0 | AJ95: 0 | AK95: =AI95*AJ95 -> 0 | AL95: 0 | AM95: 0 | AN95: =AL95*AM95 -> 0
I96: 0 | J96: 0 | K96: =I96*J96 -> 0 | L96: 0 | M96: 0 | N96: =L96*M96 -> 0 | O96: 0 | P96: 0 | Q96: =O96*P96 -> 0 | R96: 0 | S96: 0 | T96: =R96*S96 -> 0 | U96: 0 | V96: 0 | W96: =U96*V96 -> 0 | X96: 0 | Y96: 0 | Z96: =X96*Y96 -> 0 | AA96: 1 | AB96: 0 | AC96: 0 | AD96: =AB96*AC96 -> 0 | AE96: 1 | AF96: 0 | AG96: 0 | AH96: =AF96*AG96 -> 0 | AI96: 0 | AJ96: 0 | AK96: =AI96*AJ96 -> 0 | AL96: 0 | AM96: 0 | AN96: =AL96*AM96 -> 0
I97: 0 | J97: 0 | K97: =I97*J97 -> 0 | L97: 0 | M97: 0 | N97: =L97*M97 -> 0 | O97: 0 | P97: 0 | Q97: =O97*P97 -> 0 | R97: 0 | S97: 0 | T97: =R97*S97 -> 0 | U97: 0 | V97: 0 | W97: =U97*V97 -> 0 | X97: 0 | Y97: 0 | Z97: =X97*Y97 -> 0 | AA97: 1 | AB97: 0 | AC97: 0 | AD97: =AB97*AC97 -> 0 | AE97: 1 | AF97: 0 | AG97: 0 | AH97: =AF97*AG97 -> 0 | AI97: 0 | AJ97: 0 | AK97: =AI97*AJ97 -> 0 | AL97: 0 | AM97: 0 | AN97: =AL97*AM97 -> 0
I98: 0 | J98: 0 | K98: =I98*J98 -> 0 | L98: 0 | M98: 0 | N98: =L98*M98 -> 0 | O98: 0 | P98: 0 | Q98: =O98*P98 -> 0 | R98: 0 | S98: 0 | T98: =R98*S98 -> 0 | U98: 0 | V98: 0 | W98: =U98*V98 -> 0 | X98: 0 | Y98: 0 | Z98: =X98*Y98 -> 0 | AA98: 1 | AB98: 0 | AC98: 0 | AD98: =AB98*AC98 -> 0 | AE98: 1 | AF98: 0 | AG98: 0 | AH98: =AF98*AG98 -> 0 | AI98: 0 | AJ98: 0 | AK98: =AI98*AJ98 -> 0 | AL98: 0 | AM98: 0 | AN98: =AL98*AM98 -> 0
I99: 0 | J99: 0 | K99: =I99*J99 -> 0 | L99: 0 | M99: 0 | N99: =L99*M99 -> 0 | O99: 0 | P99: 0 | Q99: =O99*P99 -> 0 | R99: 0 | S99: 0 | T99: =R99*S99 -> 0 | U99: 0 | V99: 0 | W99: =U99*V99 -> 0 | X99: 0 | Y99: 0 | Z99: =X99*Y99 -> 0 | AA99: 1 | AB99: 0 | AC99: 0 | AD99: =AB99*AC99 -> 0 | AE99: 1 | AF99: 0 | AG99: 0 | AH99: =AF99*AG99 -> 0 | AI99: 0 | AJ99: 0 | AK99: =AI99*AJ99 -> 0 | AL99: 0 | AM99: 0 | AN99: =AL99*AM99 -> 0
I100: Total | K100: =SUM(K93:K99) -> 0 | L100: Total | N100: =SUM(N93:N99) -> 0 | O100: Total | Q100: =SUM(Q93:Q99) -> 0 | R100: Total | T100: =SUM(T93:T99) -> 0 | U100: Total | W100: =SUM(W93:W99) -> 0 | X100: Total | Z100: =SUM(Z93:Z99) -> 0 | AA100: 1 | AB100: Total | AD100: =SUM(AD93:AD99) -> 0 | AE100: 1 | AF100: Total | AH100: =SUM(AH93:AH99) -> 0 | AI100: Total | AK100: =SUM(AK93:AK99) -> 0 | AL100: Total | AN100: =SUM(AN93:AN99) -> 0
C101: ='1. Rekap Back Up Aspal'!C31 -> 1000 | D101: ='1. Rekap Back Up Aspal'!D31 -> 1100 | E101: ='1. Rekap Back Up Aspal'!E31 -> 4.5 | F101: =(100/((D101-C101)*E101))*((K108*0.5)+(N108*0.5)+(Q108*4)+(T108*4)+(W108*1)+(Z108*2)+(AD108*1.5)+(AH108*1)+(AK108*1)+(AN108*1)) -> 0 | G101: B | H101: =IF(F101<=25,"B",IF(F101<=75,"S",IF(F101<=100,"RR","RB"))) -> B | I101: 0 | J101: 0 | K101: =I101*J101 -> 0 | L101: 0 | M101: 0 | N101: =L101*M101 -> 0 | O101: 0 | P101: 0 | Q101: =O101*P101 -> 0 | R101: 0 | S101: 0 | T101: =R101*S101 -> 0 | U101: 0 | V101: 0 | W101: =U101*V101 -> 0 | X101: 0 | Y101: 0 | Z101: =X101*Y101 -> 0 | AA101: 1 | AB101: 0 | AC101: 0 | AD101: =AB101*AC101 -> 0 | AE101: 1 | AF101: 0 | AG101: 0 | AH101: =AF101*AG101 -> 0 | AI101: 0 | AJ101: 0 | AK101: =AI101*AJ101 -> 0 | AL101: 0 | AM101: 0 | AN101: =AL101*AM101 -> 0
I102: 0 | J102: 0 | K102: =I102*J102 -> 0 | L102: 0 | M102: 0 | N102: =L102*M102 -> 0 | O102: 0 | P102: 0 | Q102: =O102*P102 -> 0 | R102: 0 | S102: 0 | T102: =R102*S102 -> 0 | U102: 0 | V102: 0 | W102: =U102*V102 -> 0 | X102: 0 | Y102: 0 | Z102: =X102*Y102 -> 0 | AA102: 1 | AB102: 0 | AC102: 0 | AD102: =AB102*AC102 -> 0 | AE102: 1 | AF102: 0 | AG102: 0 | AH102: =AF102*AG102 -> 0 | AI102: 0 | AJ102: 0 | AK102: =AI102*AJ102 -> 0 | AL102: 0 | AM102: 0 | AN102: =AL102*AM102 -> 0
I103: 0 | J103: 0 | K103: =I103*J103 -> 0 | L103: 0 | M103: 0 | N103: =L103*M103 -> 0 | O103: 0 | P103: 0 | Q103: =O103*P103 -> 0 | R103: 0 | S103: 0 | T103: =R103*S103 -> 0 | U103: 0 | V103: 0 | W103: =U103*V103 -> 0 | X103: 0 | Y103: 0 | Z103: =X103*Y103 -> 0 | AA103: 1 | AB103: 0 | AC103: 0 | AD103: =AB103*AC103 -> 0 | AE103: 1 | AF103: 0 | AG103: 0 | AH103: =AF103*AG103 -> 0 | AI103: 0 | AJ103: 0 | AK103: =AI103*AJ103 -> 0 | AL103: 0 | AM103: 0 | AN103: =AL103*AM103 -> 0
I104: 0 | J104: 0 | K104: =I104*J104 -> 0 | L104: 0 | M104: 0 | N104: =L104*M104 -> 0 | O104: 0 | P104: 0 | Q104: =O104*P104 -> 0 | R104: 0 | S104: 0 | T104: =R104*S104 -> 0 | U104: 0 | V104: 0 | W104: =U104*V104 -> 0 | X104: 0 | Y104: 0 | Z104: =X104*Y104 -> 0 | AA104: 1 | AB104: 0 | AC104: 0 | AD104: =AB104*AC104 -> 0 | AE104: 1 | AF104: 0 | AG104: 0 | AH104: =AF104*AG104 -> 0 | AI104: 0 | AJ104: 0 | AK104: =AI104*AJ104 -> 0 | AL104: 0 | AM104: 0 | AN104: =AL104*AM104 -> 0
I105: 0 | J105: 0 | K105: =I105*J105 -> 0 | L105: 0 | M105: 0 | N105: =L105*M105 -> 0 | O105: 0 | P105: 0 | Q105: =O105*P105 -> 0 | R105: 0 | S105: 0 | T105: =R105*S105 -> 0 | U105: 0 | V105: 0 | W105: =U105*V105 -> 0 | X105: 0 | Y105: 0 | Z105: =X105*Y105 -> 0 | AA105: 1 | AB105: 0 | AC105: 0 | AD105: =AB105*AC105 -> 0 | AE105: 1 | AF105: 0 | AG105: 0 | AH105: =AF105*AG105 -> 0 | AI105: 0 | AJ105: 0 | AK105: =AI105*AJ105 -> 0 | AL105: 0 | AM105: 0 | AN105: =AL105*AM105 -> 0
I106: 0 | J106: 0 | K106: =I106*J106 -> 0 | L106: 0 | M106: 0 | N106: =L106*M106 -> 0 | O106: 0 | P106: 0 | Q106: =O106*P106 -> 0 | R106: 0 | S106: 0 | T106: =R106*S106 -> 0 | U106: 0 | V106: 0 | W106: =U106*V106 -> 0 | X106: 0 | Y106: 0 | Z106: =X106*Y106 -> 0 | AA106: 1 | AB106: 0 | AC106: 0 | AD106: =AB106*AC106 -> 0 | AE106: 1 | AF106: 0 | AG106: 0 | AH106: =AF106*AG106 -> 0 | AI106: 0 | AJ106: 0 | AK106: =AI106*AJ106 -> 0 | AL106: 0 | AM106: 0 | AN106: =AL106*AM106 -> 0
I107: 0 | J107: 0 | K107: =I107*J107 -> 0 | L107: 0 | M107: 0 | N107: =L107*M107 -> 0 | O107: 0 | P107: 0 | Q107: =O107*P107 -> 0 | R107: 0 | S107: 0 | T107: =R107*S107 -> 0 | U107: 0 | V107: 0 | W107: =U107*V107 -> 0 | X107: 0 | Y107: 0 | Z107: =X107*Y107 -> 0 | AA107: 1 | AB107: 0 | AC107: 0 | AD107: =AB107*AC107 -> 0 | AE107: 1 | AF107: 0 | AG107: 0 | AH107: =AF107*AG107 -> 0 | AI107: 0 | AJ107: 0 | AK107: =AI107*AJ107 -> 0 | AL107: 0 | AM107: 0 | AN107: =AL107*AM107 -> 0
I108: Total | K108: =SUM(K101:K107) -> 0 | L108: Total | N108: =SUM(N101:N107) -> 0 | O108: Total | Q108: =SUM(Q101:Q107) -> 0 | R108: Total | T108: =SUM(T101:T107) -> 0 | U108: Total | W108: =SUM(W101:W107) -> 0 | X108: Total | Z108: =SUM(Z101:Z107) -> 0 | AA108: 1 | AB108: Total | AD108: =SUM(AD101:AD107) -> 0 | AE108: 1 | AF108: Total | AH108: =SUM(AH101:AH107) -> 0 | AI108: Total | AK108: =SUM(AK101:AK107) -> 0 | AL108: Total | AN108: =SUM(AN101:AN107) -> 0
C109: ='1. Rekap Back Up Aspal'!C32 -> 1100 | D109: ='1. Rekap Back Up Aspal'!D32 -> 1200 | E109: ='1. Rekap Back Up Aspal'!E32 -> 4.5 | F109: =(100/((D109-C109)*E109))*((K116*0.5)+(N116*0.5)+(Q116*4)+(T116*4)+(W116*1)+(Z116*2)+(AD116*1.5)+(AH116*1)+(AK116*1)+(AN116*1)) -> 0 | G109: B | H109: =IF(F109<=25,"B",IF(F109<=75,"S",IF(F109<=100,"RR","RB"))) -> B | I109: 0 | J109: 0 | K109: =I109*J109 -> 0 | L109: 0 | M109: 0 | N109: =L109*M109 -> 0 | O109: 0 | P109: 0 | Q109: =O109*P109 -> 0 | R109: 0 | S109: 0 | T109: =R109*S109 -> 0 | U109: 0 | V109: 0 | W109: =U109*V109 -> 0 | X109: 0 | Y109: 0 | Z109: =X109*Y109 -> 0 | AA109: 1 | AB109: 0 | AC109: 0 | AD109: =AB109*AC109 -> 0 | AE109: 1 | AF109: 0 | AG109: 0 | AH109: =AF109*AG109 -> 0 | AI109: 0 | AJ109: 0 | AK109: =AI109*AJ109 -> 0 | AL109: 0 | AM109: 0 | AN109: =AL109*AM109 -> 0
I110: 0 | J110: 0 | K110: =I110*J110 -> 0 | L110: 0 | M110: 0 | N110: =L110*M110 -> 0 | O110: 0 | P110: 0 | Q110: =O110*P110 -> 0 | R110: 0 | S110: 0 | T110: =R110*S110 -> 0 | U110: 0 | V110: 0 | W110: =U110*V110 -> 0 | X110: 0 | Y110: 0 | Z110: =X110*Y110 -> 0 | AA110: 1 | AB110: 0 | AC110: 0 | AD110: =AB110*AC110 -> 0 | AE110: 1 | AF110: 0 | AG110: 0 | AH110: =AF110*AG110 -> 0 | AI110: 0 | AJ110: 0 | AK110: =AI110*AJ110 -> 0 | AL110: 0 | AM110: 0 | AN110: =AL110*AM110 -> 0
I111: 0 | J111: 0 | K111: =I111*J111 -> 0 | L111: 0 | M111: 0 | N111: =L111*M111 -> 0 | O111: 0 | P111: 0 | Q111: =O111*P111 -> 0 | R111: 0 | S111: 0 | T111: =R111*S111 -> 0 | U111: 0 | V111: 0 | W111: =U111*V111 -> 0 | X111: 0 | Y111: 0 | Z111: =X111*Y111 -> 0 | AA111: 1 | AB111: 0 | AC111: 0 | AD111: =AB111*AC111 -> 0 | AE111: 1 | AF111: 0 | AG111: 0 | AH111: =AF111*AG111 -> 0 | AI111: 0 | AJ111: 0 | AK111: =AI111*AJ111 -> 0 | AL111: 0 | AM111: 0 | AN111: =AL111*AM111 -> 0
...

Sheet 1. Back Up Aspal L
C2: PEMERINTAH PROVINSI LAMPUNG
C3: DINAS BINA MARGA DAN BINA KONSTRUKSI
B6: BACK - UP DATA SURVEY KONDISI JALAN (ASPAL)
B9: NO. RUAS | E9: : | F9: =+'[1]Link List'!D20 -> 064
B12: NAMA RUAS | E12: : | F12: =+'[1]Link List'!F20 -> BANDAR SAKTI - SP. DAYA MURNI
B15: PANJANG RUAS | E15: : | F15: =+'[1]Link List'!I20 -> 10.099
B18: STA | G18: ASPAL | AQ18: KET
B19: AWAL | E19: AKHIR | G19: TIPE KERUSAKAN | H19: P | I19: L | J19: JML | K19: TIPE KERUSAKAN | L19: P | M19: L | N19: JML | O19: =+K19 -> TIPE KERUSAKAN | P19: P | Q19: L | R19: JML | S19: TIPE KERUSAKAN | T19: P | U19: L | V19: JML | W19: =+S19 -> TIPE KERUSAKAN | X19: P | Y19: L | Z19: JML | AA19: TIPE KERUSAKAN | AB19: P | AC19: L | AD19: JML | AE19: =+AA19 -> TIPE KERUSAKAN | AF19: P | AG19: L | AH19: JML | AI19: TIPE KERUSAKAN | AJ19: P | AK19: L | AL19: JML | AM19: =+AI19 -> TIPE KERUSAKAN | AN19: P | AO19: L | AP19: JML
C21: 0 | D21: s/d | E21: =+C21+100 -> 100 | G21: Kegemukan | H21: 0 | I21: 0 | J21: =+H21*I21 -> 0 | K21: Agregat Lepas | L21: 20 | M21: 2.5 | N21: =+L21*M21 -> 50 | O21: Disintegrasi | P21: 15 | Q21: 3.5 | R21: =+P21*Q21 -> 52.5 | S21: Retak Lain | T21: 0 | U21: 0 | V21: =+T21*U21 -> 0 | W21: Retak Turun | X21: 5 | Y21: 2 | Z21: =+X21*Y21 -> 10 | AA21: Tambalan | AB21: 0 | AC21: 0 | AD21: =+AB21*AC21 -> 0 | AE21: Lubang | AF21: 0 | AG21: 0 | AH21: =+AF21*AG21 -> 0 | AI21: Alur | AJ21: 0 | AK21: 0 | AL21: =+AJ21*AK21 -> 0 | AM21: Rusak Tepi | AN21: 0 | AO21: 0 | AP21: =+AN21*AO21 -> 0
C29: =+E21 -> 100 | D29: s/d | E29: =+C29+100 -> 200 | G29: Kegemukan | H29: 0 | I29: 0 | J29: =+H29*I29 -> 0 | K29: Agregat Lepas | L29: 10 | M29: 2.5 | N29: =+L29*M29 -> 25 | O29: Disintegrasi | P29: 0 | Q29: 0 | R29: =+P29*Q29 -> 0 | S29: Retak Lain | T29: 0 | U29: 0 | V29: =+T29*U29 -> 0 | W29: Retak Turun | X29: 0 | Y29: 0 | Z29: =+X29*Y29 -> 0 | AA29: Tambalan | AB29: 0 | AC29: 0 | AD29: =+AB29*AC29 -> 0 | AE29: Lubang | AF29: 0 | AG29: 0 | AH29: =+AF29*AG29 -> 0 | AI29: Alur | AJ29: 0 | AK29: 0 | AL29: =+AJ29*AK29 -> 0 | AM29: Rusak Tepi | AN29: 0 | AO29: 0 | AP29: =+AN29*AO29 -> 0
C37: =+E29 -> 200 | D37: s/d | E37: =+C37+100 -> 300 | G37: Kegemukan | H37: 0 | I37: 0 | J37: =+H37*I37 -> 0 | K37: Agregat Lepas | L37: 0 | M37: 0 | N37: =+L37*M37 -> 0 | O37: Disintegrasi | P37: 0 | Q37: 0 | R37: =+P37*Q37 -> 0 | S37: Retak Lain | T37: 0 | U37: 0 | V37: =+T37*U37 -> 0 | W37: Retak Turun | X37: 0 | Y37: 0 | Z37: =+X37*Y37 -> 0 | AA37: Tambalan | AB37: 0 | AC37: 0 | AD37: =+AB37*AC37 -> 0 | AE37: Lubang | AF37: 0 | AG37: 0 | AH37: =+AF37*AG37 -> 0 | AI37: Alur | AJ37: 0 | AK37: 0 | AL37: =+AJ37*AK37 -> 0 | AM37: Rusak Tepi | AN37: 0 | AO37: 0 | AP37: =+AN37*AO37 -> 0
C45: =+E37 -> 300 | D45: s/d | E45: =+C45+100 -> 400 | G45: Kegemukan | H45: 0 | I45: 0 | J45: =+H45*I45 -> 0 | K45: Agregat Lepas | L45: 4 | M45: 2 | N45: =+L45*M45 -> 8 | O45: Disintegrasi | P45: 0 | Q45: 0 | R45: =+P45*Q45 -> 0 | S45: Retak Lain | T45: 0 | U45: 0 | V45: =+T45*U45 -> 0 | W45: Retak Turun | X45: 7 | Y45: 3 | Z45: =+X45*Y45 -> 21 | AA45: Tambalan | AB45: 7 | AC45: 2.5 | AD45: =+AB45*AC45 -> 17.5 | AE45: Lubang | AF45: 0 | AG45: 0 | AH45: =+AF45*AG45 -> 0 | AI45: Alur | AJ45: 0 | AK45: 0 | AL45: =+AJ45*AK45 -> 0 | AM45: Rusak Tepi | AN45: 0 | AO45: 0 | AP45: =+AN45*AO45 -> 0
C53: =+E45 -> 400 | D53: s/d | E53: =+C53+100 -> 500 | G53: Kegemukan | H53: 0 | I53: 0 | J53: =+H53*I53 -> 0 | K53: Agregat Lepas | L53: 4 | M53: 2 | N53: =+L53*M53 -> 8 | O53: Disintegrasi | P53: 0 | Q53: 0 | R53: =+P53*Q53 -> 0 | S53: Retak Lain | T53: 0 | U53: 0 | V53: =+T53*U53 -> 0 | W53: Retak Turun | X53: 0 | Y53: 0 | Z53: =+X53*Y53 -> 0 | AA53: Tambalan | AB53: 0 | AC53: 0 | AD53: =+AB53*AC53 -> 0 | AE53: Lubang | AF53: 0 | AG53: 0 | AH53: =+AF53*AG53 -> 0 | AI53: Alur | AJ53: 0 | AK53: 0 | AL53: =+AJ53*AK53 -> 0 | AM53: Rusak Tepi | AN53: 0 | AO53: 0 | AP53: =+AN53*AO53 -> 0
C61: =+E53 -> 500 | D61: s/d | E61: =+C61+100 -> 600 | G61: Kegemukan | H61: 0 | I61: 0 | J61: =+H61*I61 -> 0 | K61: Agregat Lepas | L61: 0 | M61: 0 | N61: =+L61*M61 -> 0 | O61: Disintegrasi | P61: 0 | Q61: 0 | R61: =+P61*Q61 -> 0 | S61: Retak Lain | T61: 0 | U61: 0 | V61: =+T61*U61 -> 0 | W61: Retak Turun | X61: 0 | Y61: 0 | Z61: =+X61*Y61 -> 0 | AA61: Tambalan | AB61: 0 | AC61: 0 | AD61: =+AB61*AC61 -> 0 | AE61: Lubang | AF61: 0 | AG61: 0 | AH61: =+AF61*AG61 -> 0 | AI61: Alur | AJ61: 0 | AK61: 0 | AL61: =+AJ61*AK61 -> 0 | AM61: Rusak Tepi | AN61: 0 | AO61: 0 | AP61: =+AN61*AO61 -> 0
C69: =+E61 -> 600 | D69: s/d | E69: =+C69+100 -> 700 | G69: Kegemukan | H69: 0 | I69: 0 | J69: =+H69*I69 -> 0 | K69: Agregat Lepas | L69: 0 | M69: 0 | N69: =+L69*M69 -> 0 | O69: Disintegrasi | P69: 0 | Q69: 0 | R69: =+P69*Q69 -> 0 | S69: Retak Lain | T69: 0 | U69: 0 | V69: =+T69*U69 -> 0 | W69: Retak Turun | X69: 0 | Y69: 0 | Z69: =+X69*Y69 -> 0 | AA69: Tambalan | AB69: 0 | AC69: 0 | AD69: =+AB69*AC69 -> 0 | AE69: Lubang | AF69: 0 | AG69: 0 | AH69: =+AF69*AG69 -> 0 | AI69: Alur | AJ69: 0 | AK69: 0 | AL69: =+AJ69*AK69 -> 0 | AM69: Rusak Tepi | AN69: 0 | AO69: 0 | AP69: =+AN69*AO69 -> 0
C77: =+E69 -> 700 | D77: s/d | E77: =+C77+100 -> 800 | G77: Kegemukan | H77: 0 | I77: 0 | J77: =+H77*I77 -> 0 | K77: Agregat Lepas | L77: 0 | M77: 0 | N77: =+L77*M77 -> 0 | O77: Disintegrasi | P77: 0 | Q77: 0 | R77: =+P77*Q77 -> 0 | S77: Retak Lain | T77: 0 | U77: 0 | V77: =+T77*U77 -> 0 | W77: Retak Turun | X77: 0 | Y77: 0 | Z77: =+X77*Y77 -> 0 | AA77: Tambalan | AB77: 0 | AC77: 0 | AD77: =+AB77*AC77 -> 0 | AE77: Lubang | AF77: 0 | AG77: 0 | AH77: =+AF77*AG77 -> 0 | AI77: Alur | AJ77: 0 | AK77: 0 | AL77: =+AJ77*AK77 -> 0 | AM77: Rusak Tepi | AN77: 0 | AO77: 0 | AP77: =+AN77*AO77 -> 0
C85: =+E77 -> 800 | D85: s/d | E85: =+C85+100 -> 900 | G85: Kegemukan | H85: 0 | I85: 0 | J85: =+H85*I85 -> 0 | K85: Agregat Lepas | L85: 0 | M85: 0 | N85: =+L85*M85 -> 0 | O85: Disintegrasi | P85: 0 | Q85: 0 | R85: =+P85*Q85 -> 0 | S85: Retak Lain | T85: 0 | U85: 0 | V85: =+T85*U85 -> 0 | W85: Retak Turun | X85: 0 | Y85: 0 | Z85: =+X85*Y85 -> 0 | AA85: Tambalan | AB85: 0 | AC85: 0 | AD85: =+AB85*AC85 -> 0 | AE85: Lubang | AF85: 0 | AG85: 0 | AH85: =+AF85*AG85 -> 0 | AI85: Alur | AJ85: 0 | AK85: 0 | AL85: =+AJ85*AK85 -> 0 | AM85: Rusak Tepi | AN85: 0 | AO85: 0 | AP85: =+AN85*AO85 -> 0
C93: =+E85 -> 900 | D93: s/d | E93: =+C93+100 -> 1000 | G93: Kegemukan | H93: 0 | I93: 0 | J93: =+H93*I93 -> 0 | K93: Agregat Lepas | L93: 0 | M93: 0 | N93: =+L93*M93 -> 0 | O93: Disintegrasi | P93: 0 | Q93: 0 | R93: =+P93*Q93 -> 0 | S93: Retak Lain | T93: 0 | U93: 0 | V93: =+T93*U93 -> 0 | W93: Retak Turun | X93: 0 | Y93: 0 | Z93: =+X93*Y93 -> 0 | AA93: Tambalan | AB93: 0 | AC93: 0 | AD93: =+AB93*AC93 -> 0 | AE93: Lubang | AF93: 0 | AG93: 0 | AH93: =+AF93*AG93 -> 0 | AI93: Alur | AJ93: 0 | AK93: 0 | AL93: =+AJ93*AK93 -> 0 | AM93: Rusak Tepi | AN93: 0 | AO93: 0 | AP93: =+AN93*AO93 -> 0
C101: =+E93 -> 1000 | D101: s/d | E101: =+C101+100 -> 1100 | G101: Kegemukan | H101: 0 | I101: 0 | J101: =+H101*I101 -> 0 | K101: Agregat Lepas | L101: 0 | M101: 0 | N101: =+L101*M101 -> 0 | O101: Disintegrasi | P101: 0 | Q101: 0 | R101: =+P101*Q101 -> 0 | S101: Retak Lain | T101: 0 | U101: 0 | V101: =+T101*U101 -> 0 | W101: Retak Turun | X101: 0 | Y101: 0 | Z101: =+X101*Y101 -> 0 | AA101: Tambalan | AB101: 0 | AC101: 0 | AD101: =+AB101*AC101 -> 0 | AE101: Lubang | AF101: 0 | AG101: 0 | AH101: =+AF101*AG101 -> 0 | AI101: Alur | AJ101: 0 | AK101: 0 | AL101: =+AJ101*AK101 -> 0 | AM101: Rusak Tepi | AN101: 0 | AO101: 0 | AP101: =+AN101*AO101 -> 0
C109: =+E101 -> 1100 | D109: s/d | E109: =+C109+100 -> 1200 | G109: Kegemukan | H109: 0 | I109: 0 | J109: =+H109*I109 -> 0 | K109: Agregat Lepas | L109: 0 | M109: 0 | N109: =+L109*M109 -> 0 | O109: Disintegrasi | P109: 0 | Q109: 0 | R109: =+P109*Q109 -> 0 | S109: Retak Lain | T109: 0 | U109: 0 | V109: =+T109*U109 -> 0 | W109: Retak Turun | X109: 0 | Y109: 0 | Z109: =+X109*Y109 -> 0 | AA109: Tambalan | AB109: 0 | AC109: 0 | AD109: =+AB109*AC109 -> 0 | AE109: Lubang | AF109: 0 | AG109: 0 | AH109: =+AF109*AG109 -> 0 | AI109: Alur | AJ109: 0 | AK109: 0 | AL109: =+AJ109*AK109 -> 0 | AM109: Rusak Tepi | AN109: 0 | AO109: 0 | AP109: =+AN109*AO109 -> 0
C117: =+E109 -> 1200 | D117: s/d | E117: =+C117+100 -> 1300 | G117: Kegemukan | H117: 0 | I117: 0 | J117: =+H117*I117 -> 0 | K117: Agregat Lepas | L117: 0 | M117: 0 | N117: =+L117*M117 -> 0 | O117: Disintegrasi | P117: 0 | Q117: 0 | R117: =+P117*Q117 -> 0 | S117: Retak Lain | T117: 0 | U117: 0 | V117: =+T117*U117 -> 0 | W117: Retak Turun | X117: 0 | Y117: 0 | Z117: =+X117*Y117 -> 0 | AA117: Tambalan | AB117: 0 | AC117: 0 | AD117: =+AB117*AC117 -> 0 | AE117: Lubang | AF117: 0 | AG117: 0 | AH117: =+AF117*AG117 -> 0 | AI117: Alur | AJ117: 0 | AK117: 0 | AL117: =+AJ117*AK117 -> 0 | AM117: Rusak Tepi | AN117: 0 | AO117: 0 | AP117: =+AN117*AO117 -> 0
... C813: =+E805 -> 9900 | D813: s/d | E813: =+C813+100 -> 10000 | G813: Kegemukan | H813: 0 | I813: 0 | J813: =+H813*I813 -> 0 | K813: Agregat Lepas | L813: 0 | M813: 0 | N813: =+L813*M813 -> 0 | O813: Disintegrasi | P813: 70 | Q813: 8 | R813: =+P813*Q813 -> 560 | S813: Retak Lain | T813: 0 | U813: 0 | V813: =+T813*U813 -> 0 | W813: Retak Turun | X813: 0 | Y813: 0 | Z813: =+X813*Y813 -> 0 | AA813: Tambalan | AB813: 0 | AC813: 0 | AD813: =+AB813*AC813 -> 0 | AE813: Lubang | AF813: 2 | AG813: 2 | AH813: =+AF813*AG813 -> 4 | AI813: Alur | AJ813: 0 | AK813: 0 | AL813: =+AJ813*AK813 -> 0 | AM813: Rusak Tepi | AN813: 0 | AO813: 0 | AP813: =+AN813*AO813 -> 0
C821: =+E813 -> 10000 | D821: s/d | E821: =+C821+99 -> 10099 | G821: Kegemukan | H821: 0 | I821: 0 | J821: =+H821*I821 -> 0 | K821: Agregat Lepas | L821: 0 | M821: 0 | N821: =+L821*M821 -> 0 | O821: Disintegrasi | P821: 50 | Q821: 8 | R821: =+P821*Q821 -> 400 | S821: Retak Lain | T821: 0 | U821: 0 | V821: =+T821*U821 -> 0 | W821: Retak Turun | X821: 0 | Y821: 0 | Z821: =+X821*Y821 -> 0 | AA821: Tambalan | AB821: 0 | AC821: 0 | AD821: =+AB821*AC821 -> 0 | AE821: Lubang | AF821: 16 | AG821: 3 | AH821: =+AF821*AG821 -> 48 | AI821: Alur | AJ821: 0 | AK821: 0 | AL821: =+AJ821*AK821 -> 0 | AM821: Rusak Tepi | AN821: 0 | AO821: 0 | AP821: =+AN821*AO821 -> 0
B830: LEGENDA : | J830: TABLET
B832: I. PERKERASAN ASPAL
B833: 1. | C833: Ketidakrataan atau IRI (m/km) | J833: Kegemukan | N833: 1
B834: 2. | C834: Kegemukan / Blending (m2) | J834: Agregat Lepas | N834: 2
B835: 3. | C835: Agregat Lepas / Ravelling (m2) | J835: Disintegrasi | N835: 3
B836: 4. | C836: Disintegrasi (m2) | J836: Retak Lain | N836: 4
B837: 5. | C837: Retak turun dan Penurunan (m2) | J837: Retak Turun | N837: 5
B838: 6. | C838: Tambalan / Patching (m2) | J838: Tambalan | N838: 6
B839: 7. | C839: Retak Lain / (Melintang, Bercabang n Buaya) (m2) | J839: Lubang | N839: 7
B840: 8. | C840: Lubang / Potholes (m2) | J840: Alur | N840: 8
B841: 9. | C841: Alur / Jejak Roda / Rutting (m2) | J841: Rusak Tepi | N841: 9
B842: 10. | C842: Rusak Tepi (m2)
B844: II. PERKERASAN BETON
B845: 1. | C845: Retak (m2) | J845: Retak | N845: 1
B846: 2. | C846: Gompal / Pecah (m2) | J846: Gompal | N846: 2
B847: 3. | C847: Retak Struktur (m2) | J847: Retak Struktur | N847: 3
B848: 4. | C848: Patahan/ Penurunan (m2) | J848: Patahan/ Penurunan | N848: 4
B849: 5. | C849: Pumping (jml) | J849: Pumping | N849: 5
B850: 6. | C850: Pecah Sudut (jml) | J850: Pecah Sudut | N850: 6
B852: III. PERKERASAN NON ASPAL
B853: 1. | C853: Ketidakrataan atau IRI (m/km) | J853: Kemiringan | N853: 1
B854: 2. | C854: Kemiringan (m2) | J854: Penurunan | N854: 2
B855: 3. | C855: Penurunan (m2) | J855: Erosi | N855: 3
B856: 4. | C856: Erosi (m2) | J856: Lubang | N856: 4
B857: 5. | C857: Lubang (m2) | J857: Alur | N857: 5
B858: 6. | C858: Alur (m2) | J858: Bergelombang | N858: 6
B859: 7. | C859: Bergelombang (m2)
B860: 8. | C860: Tebal kerikil (m2)

Sheet 2. Rekap Back Up Beton X
C2: PEMERINTAH PROVINSI LAMPUNG
C3: DINAS BINA MARGA DAN BINA KONSTRUKSI
B6: BACK - UP DATA SURVEY KONDISI JALAN (BETON)
B9: NO. RUAS | E9: : | F9: ='1. Back Up Aspal'!F9 -> 064
B12: NAMA RUAS | E12: : | F12: ='1. Back Up Aspal'!F12 -> BANDAR SAKTI - SP. DAYA MURNI
B15: PANJANG RUAS | E15: : | F15: ='1. Back Up Aspal'!F15 -> 10.099
C18: STA | F18: NILAI TTI | G18: KONDISI | H18: TIPE KERUSAKAN KONDISI JALAN BETON | N18: KET
C19: DARI (M) | D19: KE (M) | E19: LEBAR | H19: BETON RETAK | I19: PECAH/ GOMPAL | J19: STRUKTUR RETAK | K19: PATAHAN/ PENURUNAN | L19: JUMLAH PUMPING | M19: JUMLAH PECAH SUDUT
B20: 1 | N20: 8
C21: 0 | D21: 100 | E21: 3 | F21: =(100/((D21-C21)*E21))*((H21*0.5)+(I21*1)+(J21*2)+(K21*20)+(L21*15)+(M21*1.5)) -> 0 | G21: =IF(F21<=25,"B",IF(F21<=75,"S",IF(F21<=100,"RR","RB"))) -> B | H21: ='2. Back Up Beton X'!J28 -> 0 | I21: ='2. Back Up Beton X'!M28 -> 0 | J21: ='2. Back Up Beton X'!P28 -> 0 | K21: ='2. Back Up Beton X'!S28 -> 0 | L21: ='2. Back Up Beton X'!V28 -> 0 | M21: ='2. Back Up Beton X'!Y28 -> 0
C22: =D21 -> 100 | D22: =C22+100 -> 200 | E22: 3 | F22: =(100/((D22-C22)*E22))*((H22*0.5)+(I22*1)+(J22*2)+(K22*20)+(L22*15)+(M22*1.5)) -> 0 | G22: =IF(F22<=25,"B",IF(F22<=75,"S",IF(F22<=100,"RR","RB"))) -> B | H22: ='2. Back Up Beton X'!J36 -> 0 | I22: ='2. Back Up Beton X'!M36 -> 0 | J22: ='2. Back Up Beton X'!P36 -> 0 | K22: ='2. Back Up Beton X'!S36 -> 0 | L22: ='2. Back Up Beton X'!V36 -> 0 | M22: ='2. Back Up Beton X'!Y36 -> 0
C23: =D22 -> 200 | D23: =C23+100 -> 300 | E23: 3 | F23: =(100/((D23-C23)*E23))*((H23*0.5)+(I23*1)+(J23*2)+(K23*20)+(L23*15)+(M23*1.5)) -> 0 | G23: =IF(F23<=25,"B",IF(F23<=75,"S",IF(F23<=100,"RR","RB"))) -> B | H23: ='2. Back Up Beton X'!J44 -> 0 | I23: ='2. Back Up Beton X'!M44 -> 0 | J23: ='2. Back Up Beton X'!P44 -> 0 | K23: ='2. Back Up Beton X'!S44 -> 0 | L23: ='2. Back Up Beton X'!V44 -> 0 | M23: ='2. Back Up Beton X'!Y44 -> 0
C24: =D23 -> 300 | D24: =C24+100 -> 400 | E24: 3 | F24: =(100/((D24-C24)*E24))*((H24*0.5)+(I24*1)+(J24*2)+(K24*20)+(L24*15)+(M24*1.5)) -> 0 | G24: =IF(F24<=25,"B",IF(F24<=75,"S",IF(F24<=100,"RR","RB"))) -> B | H24: ='2. Back Up Beton X'!J52 -> 0 | I24: ='2. Back Up Beton X'!M52 -> 0 | J24: ='2. Back Up Beton X'!P52 -> 0 | K24: ='2. Back Up Beton X'!S52 -> 0 | L24: ='2. Back Up Beton X'!V52 -> 0 | M24: ='2. Back Up Beton X'!Y52 -> 0
C25: =D24 -> 400 | D25: =C25+100 -> 500 | E25: 3 | F25: =(100/((D25-C25)*E25))*((H25*0.5)+(I25*1)+(J25*2)+(K25*20)+(L25*15)+(M25*1.5)) -> 0 | G25: =IF(F25<=25,"B",IF(F25<=75,"S",IF(F25<=100,"RR","RB"))) -> B | H25: ='2. Back Up Beton X'!J60 -> 0 | I25: ='2. Back Up Beton X'!M60 -> 0 | J25: ='2. Back Up Beton X'!P60 -> 0 | K25: ='2. Back Up Beton X'!S60 -> 0 | L25: ='2. Back Up Beton X'!V60 -> 0 | M25: ='2. Back Up Beton X'!Y60 -> 0
C26: =D25 -> 500 | D26: =C26+100 -> 600 | E26: 3 | F26: =(100/((D26-C26)*E26))*((H26*0.5)+(I26*1)+(J26*2)+(K26*20)+(L26*15)+(M26*1.5)) -> 0 | G26: =IF(F26<=25,"B",IF(F26<=75,"S",IF(F26<=100,"RR","RB"))) -> B | H26: ='2. Back Up Beton X'!J68 -> 0 | I26: ='2. Back Up Beton X'!M68 -> 0 | J26: ='2. Back Up Beton X'!P68 -> 0 | K26: ='2. Back Up Beton X'!S68 -> 0 | L26: ='2. Back Up Beton X'!V68 -> 0 | M26: ='2. Back Up Beton X'!Y68 -> 0
C27: =D26 -> 600 | D27: =C27+100 -> 700 | E27: 3 | F27: =(100/((D27-C27)*E27))*((H27*0.5)+(I27*1)+(J27*2)+(K27*20)+(L27*15)+(M27*1.5)) -> 0 | G27: =IF(F27<=25,"B",IF(F27<=75,"S",IF(F27<=100,"RR","RB"))) -> B | H27: ='2. Back Up Beton X'!J76 -> 0 | I27: ='2. Back Up Beton X'!M76 -> 0 | J27: ='2. Back Up Beton X'!P76 -> 0 | K27: ='2. Back Up Beton X'!S76 -> 0 | L27: ='2. Back Up Beton X'!V76 -> 0 | M27: ='2. Back Up Beton X'!Y76 -> 0
C28: =D27 -> 700 | D28: =C28+100 -> 800 | E28: 3 | F28: =(100/((D28-C28)*E28))*((H28*0.5)+(I28*1)+(J28*2)+(K28*20)+(L28*15)+(M28*1.5)) -> 0 | G28: =IF(F28<=25,"B",IF(F28<=75,"S",IF(F28<=100,"RR","RB"))) -> B | H28: ='2. Back Up Beton X'!J84 -> 0 | I28: ='2. Back Up Beton X'!M84 -> 0 | J28: ='2. Back Up Beton X'!P84 -> 0 | K28: ='2. Back Up Beton X'!S84 -> 0 | L28: ='2. Back Up Beton X'!V84 -> 0 | M28: ='2. Back Up Beton X'!Y84 -> 0
C29: =D28 -> 800 | D29: =C29+100 -> 900 | E29: 3 | F29: =(100/((D29-C29)*E29))*((H29*0.5)+(I29*1)+(J29*2)+(K29*20)+(L29*15)+(M29*1.5)) -> 0 | G29: =IF(F29<=25,"B",IF(F29<=75,"S",IF(F29<=100,"RR","RB"))) -> B | H29: ='2. Back Up Beton X'!J92 -> 0 | I29: ='2. Back Up Beton X'!M92 -> 0 | J29: ='2. Back Up Beton X'!P92 -> 0 | K29: ='2. Back Up Beton X'!S92 -> 0 | L29: ='2. Back Up Beton X'!V92 -> 0 | M29: ='2. Back Up Beton X'!Y92 -> 0
C30: =D29 -> 900 | D30: =C30+100 -> 1000 | E30: 3 | F30: =(100/((D30-C30)*E30))*((H30*0.5)+(I30*1)+(J30*2)+(K30*20)+(L30*15)+(M30*1.5)) -> 0 | G30: =IF(F30<=25,"B",IF(F30<=75,"S",IF(F30<=100,"RR","RB"))) -> B | H30: ='2. Back Up Beton X'!J100 -> 0 | I30: ='2. Back Up Beton X'!M100 -> 0 | J30: ='2. Back Up Beton X'!P100 -> 0 | K30: ='2. Back Up Beton X'!S100 -> 0 | L30: ='2. Back Up Beton X'!V100 -> 0 | M30: ='2. Back Up Beton X'!Y100 -> 0
C31: =D30 -> 1000 | D31: =C31+100 -> 1100 | E31: 3 | F31: =(100/((D31-C31)*E31))*((H31*0.5)+(I31*1)+(J31*2)+(K31*20)+(L31*15)+(M31*1.5)) -> 0 | G31: =IF(F31<=25,"B",IF(F31<=75,"S",IF(F31<=100,"RR","RB"))) -> B | H31: ='2. Back Up Beton X'!J108 -> 0 | I31: ='2. Back Up Beton X'!M108 -> 0 | J31: ='2. Back Up Beton X'!P108 -> 0 | K31: ='2. Back Up Beton X'!S108 -> 0 | L31: ='2. Back Up Beton X'!V108 -> 0 | M31: ='2. Back Up Beton X'!Y108 -> 0
C32: =D31 -> 1100 | D32: =C32+100 -> 1200 | E32: 3 | F32: =(100/((D32-C32)*E32))*((H32*0.5)+(I32*1)+(J32*2)+(K32*20)+(L32*15)+(M32*1.5)) -> 0 | G32: =IF(F32<=25,"B",IF(F32<=75,"S",IF(F32<=100,"RR","RB"))) -> B | H32: ='2. Back Up Beton X'!J116 -> 0 | I32: ='2. Back Up Beton X'!M116 -> 0 | J32: ='2. Back Up Beton X'!P116 -> 0 | K32: ='2. Back Up Beton X'!S116 -> 0 | L32: ='2. Back Up Beton X'!V116 -> 0 | M32: ='2. Back Up Beton X'!Y116 -> 0
C33: =D32 -> 1200 | D33: =C33+100 -> 1300 | E33: 3 | F33: =(100/((D33-C33)*E33))*((H33*0.5)+(I33*1)+(J33*2)+(K33*20)+(L33*15)+(M33*1.5)) -> 0 | G33: =IF(F33<=25,"B",IF(F33<=75,"S",IF(F33<=100,"RR","RB"))) -> B | H33: ='2. Back Up Beton X'!J124 -> 0 | I33: ='2. Back Up Beton X'!M124 -> 0 | J33: ='2. Back Up Beton X'!P124 -> 0 | K33: ='2. Back Up Beton X'!S124 -> 0 | L33: ='2. Back Up Beton X'!V124 -> 0 | M33: ='2. Back Up Beton X'!Y124 -> 0
C34: =D33 -> 1300 | D34: =C34+100 -> 1400 | E34: 3 | F34: =(100/((D34-C34)*E34))*((H34*0.5)+(I34*1)+(J34*2)+(K34*20)+(L34*15)+(M34*1.5)) -> 0 | G34: =IF(F34<=25,"B",IF(F34<=75,"S",IF(F34<=100,"RR","RB"))) -> B | H34: ='2. Back Up Beton X'!J132 -> 0 | I34: ='2. Back Up Beton X'!M132 -> 0 | J34: ='2. Back Up Beton X'!P132 -> 0 | K34: ='2. Back Up Beton X'!S132 -> 0 | L34: ='2. Back Up Beton X'!V132 -> 0 | M34: ='2. Back Up Beton X'!Y132 -> 0
C35: =D34 -> 1400 | D35: =C35+100 -> 1500 | E35: 3 | F35: =(100/((D35-C35)*E35))*((H35*0.5)+(I35*1)+(J35*2)+(K35*20)+(L35*15)+(M35*1.5)) -> 0 | G35: =IF(F35<=25,"B",IF(F35<=75,"S",IF(F35<=100,"RR","RB"))) -> B | H35: ='2. Back Up Beton X'!J140 -> 0 | I35: ='2. Back Up Beton X'!M140 -> 0 | J35: ='2. Back Up Beton X'!P140 -> 0 | K35: ='2. Back Up Beton X'!S140 -> 0 | L35: ='2. Back Up Beton X'!V140 -> 0 | M35: ='2. Back Up Beton X'!Y140 -> 0
C36: =D35 -> 1500 | D36: =C36+100 -> 1600 | E36: 3 | F36: =(100/((D36-C36)*E36))*((H36*0.5)+(I36*1)+(J36*2)+(K36*20)+(L36*15)+(M36*1.5)) -> 0 | G36: =IF(F36<=25,"B",IF(F36<=75,"S",IF(F36<=100,"RR","RB"))) -> B | H36: ='2. Back Up Beton X'!J148 -> 0 | I36: ='2. Back Up Beton X'!M148 -> 0 | J36: ='2. Back Up Beton X'!P148 -> 0 | K36: ='2. Back Up Beton X'!S148 -> 0 | L36: ='2. Back Up Beton X'!V148 -> 0 | M36: ='2. Back Up Beton X'!Y148 -> 0
C37: =D36 -> 1600 | D37: =C37+100 -> 1700 | E37: 3 | F37: =(100/((D37-C37)*E37))*((H37*0.5)+(I37*1)+(J37*2)+(K37*20)+(L37*15)+(M37*1.5)) -> 0 | G37: =IF(F37<=25,"B",IF(F37<=75,"S",IF(F37<=100,"RR","RB"))) -> B | H37: ='2. Back Up Beton X'!J156 -> 0 | I37: ='2. Back Up Beton X'!M156 -> 0 | J37: ='2. Back Up Beton X'!P156 -> 0 | K37: ='2. Back Up Beton X'!S156 -> 0 | L37: ='2. Back Up Beton X'!V156 -> 0 | M37: ='2. Back Up Beton X'!Y156 -> 0
C38: =D37 -> 1700 | D38: =C38+100 -> 1800 | E38: 3 | F38: =(100/((D38-C38)*E38))*((H38*0.5)+(I38*1)+(J38*2)+(K38*20)+(L38*15)+(M38*1.5)) -> 0 | G38: =IF(F38<=25,"B",IF(F38<=75,"S",IF(F38<=100,"RR","RB"))) -> B | H38: ='2. Back Up Beton X'!J164 -> 0 | I38: ='2. Back Up Beton X'!M164 -> 0 | J38: ='2. Back Up Beton X'!P164 -> 0 | K38: ='2. Back Up Beton X'!S164 -> 0 | L38: ='2. Back Up Beton X'!V164 -> 0 | M38: ='2. Back Up Beton X'!Y164 -> 0
C39: =D38 -> 1800 | D39: =C39+100 -> 1900 | E39: 3 | F39: =(100/((D39-C39)*E39))*((H39*0.5)+(I39*1)+(J39*2)+(K39*20)+(L39*15)+(M39*1.5)) -> 0 | G39: =IF(F39<=25,"B",IF(F39<=75,"S",IF(F39<=100,"RR","RB"))) -> B | H39: ='2. Back Up Beton X'!J172 -> 0 | I39: ='2. Back Up Beton X'!M172 -> 0 | J39: ='2. Back Up Beton X'!P172 -> 0 | K39: ='2. Back Up Beton X'!S172 -> 0 | L39: ='2. Back Up Beton X'!V172 -> 0 | M39: ='2. Back Up Beton X'!Y172 -> 0
C40: =D39 -> 1900 | D40: =C40+100 -> 2000 | E40: 3 | F40: =(100/((D40-C40)*E40))*((H40*0.5)+(I40*1)+(J40*2)+(K40*20)+(L40*15)+(M40*1.5)) -> 0 | G40: =IF(F40<=25,"B",IF(F40<=75,"S",IF(F40<=100,"RR","RB"))) -> B | H40: ='2. Back Up Beton X'!J180 -> 0 | I40: ='2. Back Up Beton X'!M180 -> 0 | J40: ='2. Back Up Beton X'!P180 -> 0 | K40: ='2. Back Up Beton X'!S180 -> 0 | L40: ='2. Back Up Beton X'!V180 -> 0 | M40: ='2. Back Up Beton X'!Y180 -> 0
C41: =D40 -> 2000 | D41: =C41+100 -> 2100 | E41: 3 | F41: =(100/((D41-C41)*E41))*((H41*0.5)+(I41*1)+(J41*2)+(K41*20)+(L41*15)+(M41*1.5)) -> 0 | G41: =IF(F41<=25,"B",IF(F41<=75,"S",IF(F41<=100,"RR","RB"))) -> B | H41: ='2. Back Up Beton X'!J188 -> 0 | I41: ='2. Back Up Beton X'!M188 -> 0 | J41: ='2. Back Up Beton X'!P188 -> 0 | K41: ='2. Back Up Beton X'!S188 -> 0 | L41: ='2. Back Up Beton X'!V188 -> 0 | M41: ='2. Back Up Beton X'!Y188 -> 0
C42: =D41 -> 2100 | D42: =C42+100 -> 2200 | E42: 3 | F42: =(100/((D42-C42)*E42))*((H42*0.5)+(I42*1)+(J42*2)+(K42*20)+(L42*15)+(M42*1.5)) -> 0 | G42: =IF(F42<=25,"B",IF(F42<=75,"S",IF(F42<=100,"RR","RB"))) -> B | H42: ='2. Back Up Beton X'!J196 -> 0 | I42: ='2. Back Up Beton X'!M196 -> 0 | J42: ='2. Back Up Beton X'!P196 -> 0 | K42: ='2. Back Up Beton X'!S196 -> 0 | L42: ='2. Back Up Beton X'!V196 -> 0 | M42: ='2. Back Up Beton X'!Y196 -> 0
C43: =D42 -> 2200 | D43: =C43+100 -> 2300 | E43: 3 | F43: =(100/((D43-C43)*E43))*((H43*0.5)+(I43*1)+(J43*2)+(K43*20)+(L43*15)+(M43*1.5)) -> 0 | G43: =IF(F43<=25,"B",IF(F43<=75,"S",IF(F43<=100,"RR","RB"))) -> B | H43: ='2. Back Up Beton X'!J204 -> 0 | I43: ='2. Back Up Beton X'!M204 -> 0 | J43: ='2. Back Up Beton X'!P204 -> 0 | K43: ='2. Back Up Beton X'!S204 -> 0 | L43: ='2. Back Up Beton X'!V204 -> 0 | M43: ='2. Back Up Beton X'!Y204 -> 0
C44: =D43 -> 2300 | D44: =C44+100 -> 2400 | E44: 3 | F44: =(100/((D44-C44)*E44))*((H44*0.5)+(I44*1)+(J44*2)+(K44*20)+(L44*15)+(M44*1.5)) -> 0 | G44: =IF(F44<=25,"B",IF(F44<=75,"S",IF(F44<=100,"RR","RB"))) -> B | H44: ='2. Back Up Beton X'!J212 -> 0 | I44: ='2. Back Up Beton X'!M212 -> 0 | J44: ='2. Back Up Beton X'!P212 -> 0 | K44: ='2. Back Up Beton X'!S212 -> 0 | L44: ='2. Back Up Beton X'!V212 -> 0 | M44: ='2. Back Up Beton X'!Y212 -> 0
C45: =D44 -> 2400 | D45: =C45+100 -> 2500 | E45: 3 | F45: =(100/((D45-C45)*E45))*((H45*0.5)+(I45*1)+(J45*2)+(K45*20)+(L45*15)+(M45*1.5)) -> 0 | G45: =IF(F45<=25,"B",IF(F45<=75,"S",IF(F45<=100,"RR","RB"))) -> B | H45: ='2. Back Up Beton X'!J220 -> 0 | I45: ='2. Back Up Beton X'!M220 -> 0 | J45: ='2. Back Up Beton X'!P220 -> 0 | K45: ='2. Back Up Beton X'!S220 -> 0 | L45: ='2. Back Up Beton X'!V220 -> 0 | M45: ='2. Back Up Beton X'!Y220 -> 0
C46: =D45 -> 2500 | D46: =C46+100 -> 2600 | E46: 3 | F46: =(100/((D46-C46)*E46))*((H46*0.5)+(I46*1)+(J46*2)+(K46*20)+(L46*15)+(M46*1.5)) -> 0 | G46: =IF(F46<=25,"B",IF(F46<=75,"S",IF(F46<=100,"RR","RB"))) -> B | H46: ='2. Back Up Beton X'!J228 -> 0 | I46: ='2. Back Up Beton X'!M228 -> 0 | J46: ='2. Back Up Beton X'!P228 -> 0 | K46: ='2. Back Up Beton X'!S228 -> 0 | L46: ='2. Back Up Beton X'!V228 -> 0 | M46: ='2. Back Up Beton X'!Y228 -> 0
C47: =D46 -> 2600 | D47: =C47+100 -> 2700 | E47: 3 | F47: =(100/((D47-C47)*E47))*((H47*0.5)+(I47*1)+(J47*2)+(K47*20)+(L47*15)+(M47*1.5)) -> 0 | G47: =IF(F47<=25,"B",IF(F47<=75,"S",IF(F47<=100,"RR","RB"))) -> B | H47: ='2. Back Up Beton X'!J236 -> 0 | I47: ='2. Back Up Beton X'!M236 -> 0 | J47: ='2. Back Up Beton X'!P236 -> 0 | K47: ='2. Back Up Beton X'!S236 -> 0 | L47: ='2. Back Up Beton X'!V236 -> 0 | M47: ='2. Back Up Beton X'!Y236 -> 0
C48: =D47 -> 2700 | D48: =C48+100 -> 2800 | E48: 3 | F48: =(100/((D48-C48)*E48))*((H48*0.5)+(I48*1)+(J48*2)+(K48*20)+(L48*15)+(M48*1.5)) -> 0 | G48: =IF(F48<=25,"B",IF(F48<=75,"S",IF(F48<=100,"RR","RB"))) -> B | H48: ='2. Back Up Beton X'!J244 -> 0 | I48: ='2. Back Up Beton X'!M244 -> 0 | J48: ='2. Back Up Beton X'!P244 -> 0 | K48: ='2. Back Up Beton X'!S244 -> 0 | L48: ='2. Back Up Beton X'!V244 -> 0 | M48: ='2. Back Up Beton X'!Y244 -> 0
C49: =D48 -> 2800 | D49: =C49+100 -> 2900 | E49: 3 | F49: =(100/((D49-C49)*E49))*((H49*0.5)+(I49*1)+(J49*2)+(K49*20)+(L49*15)+(M49*1.5)) -> 0 | G49: =IF(F49<=25,"B",IF(F49<=75,"S",IF(F49<=100,"RR","RB"))) -> B | H49: ='2. Back Up Beton X'!J252 -> 0 | I49: ='2. Back Up Beton X'!M252 -> 0 | J49: ='2. Back Up Beton X'!P252 -> 0 | K49: ='2. Back Up Beton X'!S252 -> 0 | L49: ='2. Back Up Beton X'!V252 -> 0 | M49: ='2. Back Up Beton X'!Y252 -> 0
C50: =D49 -> 2900 | D50: =C50+100 -> 3000 | E50: 3 | F50: =(100/((D50-C50)*E50))*((H50*0.5)+(I50*1)+(J50*2)+(K50*20)+(L50*15)+(M50*1.5)) -> 0 | G50: =IF(F50<=25,"B",IF(F50<=75,"S",IF(F50<=100,"RR","RB"))) -> B | H50: ='2. Back Up Beton X'!J260 -> 0 | I50: ='2. Back Up Beton X'!M260 -> 0 | J50: ='2. Back Up Beton X'!P260 -> 0 | K50: ='2. Back Up Beton X'!S260 -> 0 | L50: ='2. Back Up Beton X'!V260 -> 0 | M50: ='2. Back Up Beton X'!Y260 -> 0
C51: =D50 -> 3000 | D51: =C51+100 -> 3100 | E51: 3 | F51: =(100/((D51-C51)*E51))*((H51*0.5)+(I51*1)+(J51*2)+(K51*20)+(L51*15)+(M51*1.5)) -> 0 | G51: =IF(F51<=25,"B",IF(F51<=75,"S",IF(F51<=100,"RR","RB"))) -> B | H51: ='2. Back Up Beton X'!J268 -> 0 | I51: ='2. Back Up Beton X'!M268 -> 0 | J51: ='2. Back Up Beton X'!P268 -> 0 | K51: ='2. Back Up Beton X'!S268 -> 0 | L51: ='2. Back Up Beton X'!V268 -> 0 | M51: ='2. Back Up Beton X'!Y268 -> 0
C52: =D51 -> 3100 | D52: =C52+100 -> 3200 | E52: 3 | F52: =(100/((D52-C52)*E52))*((H52*0.5)+(I52*1)+(J52*2)+(K52*20)+(L52*15)+(M52*1.5)) -> 0 | G52: =IF(F52<=25,"B",IF(F52<=75,"S",IF(F52<=100,"RR","RB"))) -> B | H52: ='2. Back Up Beton X'!J276 -> 0 | I52: ='2. Back Up Beton X'!M276 -> 0 | J52: ='2. Back Up Beton X'!P276 -> 0 | K52: ='2. Back Up Beton X'!S276 -> 0 | L52: ='2. Back Up Beton X'!V276 -> 0 | M52: ='2. Back Up Beton X'!Y276 -> 0
C53: =D52 -> 3200 | D53: =C53+100 -> 3300 | E53: 3 | F53: =(100/((D53-C53)*E53))*((H53*0.5)+(I53*1)+(J53*2)+(K53*20)+(L53*15)+(M53*1.5)) -> 0 | G53: =IF(F53<=25,"B",IF(F53<=75,"S",IF(F53<=100,"RR","RB"))) -> B | H53: ='2. Back Up Beton X'!J284 -> 0 | I53: ='2. Back Up Beton X'!M284 -> 0 | J53: ='2. Back Up Beton X'!P284 -> 0 | K53: ='2. Back Up Beton X'!S284 -> 0 | L53: ='2. Back Up Beton X'!V284 -> 0 | M53: ='2. Back Up Beton X'!Y284 -> 0
C54: =D53 -> 3300 | D54: =C54+100 -> 3400 | E54: 3 | F54: =(100/((D54-C54)*E54))*((H54*0.5)+(I54*1)+(J54*2)+(K54*20)+(L54*15)+(M54*1.5)) -> 0 | G54: =IF(F54<=25,"B",IF(F54<=75,"S",IF(F54<=100,"RR","RB"))) -> B | H54: ='2. Back Up Beton X'!J292 -> 0 | I54: ='2. Back Up Beton X'!M292 -> 0 | J54: ='2. Back Up Beton X'!P292 -> 0 | K54: ='2. Back Up Beton X'!S292 -> 0 | L54: ='2. Back Up Beton X'!V292 -> 0 | M54: ='2. Back Up Beton X'!Y292 -> 0
C55: =D54 -> 3400 | D55: =C55+100 -> 3500 | E55: 3 | F55: =(100/((D55-C55)*E55))*((H55*0.5)+(I55*1)+(J55*2)+(K55*20)+(L55*15)+(M55*1.5)) -> 0 | G55: =IF(F55<=25,"B",IF(F55<=75,"S",IF(F55<=100,"RR","RB"))) -> B | H55: ='2. Back Up Beton X'!J300 -> 0 | I55: ='2. Back Up Beton X'!M300 -> 0 | J55: ='2. Back Up Beton X'!P300 -> 0 | K55: ='2. Back Up Beton X'!S300 -> 0 | L55: ='2. Back Up Beton X'!V300 -> 0 | M55: ='2. Back Up Beton X'!Y300 -> 0
C56: =D55 -> 3500 | D56: =C56+100 -> 3600 | E56: 3 | F56: =(100/((D56-C56)*E56))*((H56*0.5)+(I56*1)+(J56*2)+(K56*20)+(L56*15)+(M56*1.5)) -> 0 | G56: =IF(F56<=25,"B",IF(F56<=75,"S",IF(F56<=100,"RR","RB"))) -> B | H56: ='2. Back Up Beton X'!J308 -> 0 | I56: ='2. Back Up Beton X'!M308 -> 0 | J56: ='2. Back Up Beton X'!P308 -> 0 | K56: ='2. Back Up Beton X'!S308 -> 0 | L56: ='2. Back Up Beton X'!V308 -> 0 | M56: ='2. Back Up Beton X'!Y308 -> 0
C57: =D56 -> 3600 | D57: =C57+100 -> 3700 | E57: 3 | F57: =(100/((D57-C57)*E57))*((H57*0.5)+(I57*1)+(J57*2)+(K57*20)+(L57*15)+(M57*1.5)) -> 0 | G57: =IF(F57<=25,"B",IF(F57<=75,"S",IF(F57<=100,"RR","RB"))) -> B | H57: ='2. Back Up Beton X'!J316 -> 0 | I57: ='2. Back Up Beton X'!M316 -> 0 | J57: ='2. Back Up Beton X'!P316 -> 0 | K57: ='2. Back Up Beton X'!S316 -> 0 | L57: ='2. Back Up Beton X'!V316 -> 0 | M57: ='2. Back Up Beton X'!Y316 -> 0
C58: =D57 -> 3700 | D58: =C58+100 -> 3800 | E58: 3 | F58: =(100/((D58-C58)*E58))*((H58*0.5)+(I58*1)+(J58*2)+(K58*20)+(L58*15)+(M58*1.5)) -> 0 | G58: =IF(F58<=25,"B",IF(F58<=75,"S",IF(F58<=100,"RR","RB"))) -> B | H58: ='2. Back Up Beton X'!J324 -> 0 | I58: ='2. Back Up Beton X'!M324 -> 0 | J58: ='2. Back Up Beton X'!P324 -> 0 | K58: ='2. Back Up Beton X'!S324 -> 0 | L58: ='2. Back Up Beton X'!V324 -> 0 | M58: ='2. Back Up Beton X'!Y324 -> 0
C59: =D58 -> 3800 | D59: =C59+100 -> 3900 | E59: 3 | F59: =(100/((D59-C59)*E59))*((H59*0.5)+(I59*1)+(J59*2)+(K59*20)+(L59*15)+(M59*1.5)) -> 0 | G59: =IF(F59<=25,"B",IF(F59<=75,"S",IF(F59<=100,"RR","RB"))) -> B | H59: ='2. Back Up Beton X'!J332 -> 0 | I59: ='2. Back Up Beton X'!M332 -> 0 | J59: ='2. Back Up Beton X'!P332 -> 0 | K59: ='2. Back Up Beton X'!S332 -> 0 | L59: ='2. Back Up Beton X'!V332 -> 0 | M59: ='2. Back Up Beton X'!Y332 -> 0
C60: =D59 -> 3900 | D60: =C60+100 -> 4000 | E60: 3 | F60: =(100/((D60-C60)*E60))*((H60*0.5)+(I60*1)+(J60*2)+(K60*20)+(L60*15)+(M60*1.5)) -> 0 | G60: =IF(F60<=25,"B",IF(F60<=75,"S",IF(F60<=100,"RR","RB"))) -> B | H60: ='2. Back Up Beton X'!J340 -> 0 | I60: ='2. Back Up Beton X'!M340 -> 0 | J60: ='2. Back Up Beton X'!P340 -> 0 | K60: ='2. Back Up Beton X'!S340 -> 0 | L60: ='2. Back Up Beton X'!V340 -> 0 | M60: ='2. Back Up Beton X'!Y340 -> 0
C61: =D60 -> 4000 | D61: =C61+100 -> 4100 | E61: 3 | F61: =(100/((D61-C61)*E61))*((H61*0.5)+(I61*1)+(J61*2)+(K61*20)+(L61*15)+(M61*1.5)) -> 0 | G61: =IF(F61<=25,"B",IF(F61<=75,"S",IF(F61<=100,"RR","RB"))) -> B | H61: ='2. Back Up Beton X'!J348 -> 0 | I61: ='2. Back Up Beton X'!M348 -> 0 | J61: ='2. Back Up Beton X'!P348 -> 0 | K61: ='2. Back Up Beton X'!S348 -> 0 | L61: ='2. Back Up Beton X'!V348 -> 0 | M61: ='2. Back Up Beton X'!Y348 -> 0
C62: =D61 -> 4100 | D62: =C62+100 -> 4200 | E62: 3 | F62: =(100/((D62-C62)*E62))*((H62*0.5)+(I62*1)+(J62*2)+(K62*20)+(L62*15)+(M62*1.5)) -> 0 | G62: =IF(F62<=25,"B",IF(F62<=75,"S",IF(F62<=100,"RR","RB"))) -> B | H62: ='2. Back Up Beton X'!J356 -> 0 | I62: ='2. Back Up Beton X'!M356 -> 0 | J62: ='2. Back Up Beton X'!P356 -> 0 | K62: ='2. Back Up Beton X'!S356 -> 0 | L62: ='2. Back Up Beton X'!V356 -> 0 | M62: ='2. Back Up Beton X'!Y356 -> 0
C63: =D62 -> 4200 | D63: =C63+100 -> 4300 | E63: 3 | F63: =(100/((D63-C63)*E63))*((H63*0.5)+(I63*1)+(J63*2)+(K63*20)+(L63*15)+(M63*1.5)) -> 0 | G63: =IF(F63<=25,"B",IF(F63<=75,"S",IF(F63<=100,"RR","RB"))) -> B | H63: ='2. Back Up Beton X'!J364 -> 0 | I63: ='2. Back Up Beton X'!M364 -> 0 | J63: ='2. Back Up Beton X'!P364 -> 0 | K63: ='2. Back Up Beton X'!S364 -> 0 | L63: ='2. Back Up Beton X'!V364 -> 0 | M63: ='2. Back Up Beton X'!Y364 -> 0
C64: =D63 -> 4300 | D64: =C64+100 -> 4400 | E64: 3 | F64: =(100/((D64-C64)*E64))*((H64*0.5)+(I64*1)+(J64*2)+(K64*20)+(L64*15)+(M64*1.5)) -> 0 | G64: =IF(F64<=25,"B",IF(F64<=75,"S",IF(F64<=100,"RR","RB"))) -> B | H64: ='2. Back Up Beton X'!J372 -> 0 | I64: ='2. Back Up Beton X'!M372 -> 0 | J64: ='2. Back Up Beton X'!P372 -> 0 | K64: ='2. Back Up Beton X'!S372 -> 0 | L64: ='2. Back Up Beton X'!V372 -> 0 | M64: ='2. Back Up Beton X'!Y372 -> 0
C65: =D64 -> 4400 | D65: =C65+100 -> 4500 | E65: 3 | F65: =(100/((D65-C65)*E65))*((H65*0.5)+(I65*1)+(J65*2)+(K65*20)+(L65*15)+(M65*1.5)) -> 0 | G65: =IF(F65<=25,"B",IF(F65<=75,"S",IF(F65<=100,"RR","RB"))) -> B | H65: ='2. Back Up Beton X'!J380 -> 0 | I65: ='2. Back Up Beton X'!M380 -> 0 | J65: ='2. Back Up Beton X'!P380 -> 0 | K65: ='2. Back Up Beton X'!S380 -> 0 | L65: ='2. Back Up Beton X'!V380 -> 0 | M65: ='2. Back Up Beton X'!Y380 -> 0
C66: =D65 -> 4500 | D66: =C66+100 -> 4600 | E66: 3 | F66: =(100/((D66-C66)*E66))*((H66*0.5)+(I66*1)+(J66*2)+(K66*20)+(L66*15)+(M66*1.5)) -> 0 | G66: =IF(F66<=25,"B",IF(F66<=75,"S",IF(F66<=100,"RR","RB"))) -> B | H66: ='2. Back Up Beton X'!J388 -> 0 | I66: ='2. Back Up Beton X'!M388 -> 0 | J66: ='2. Back Up Beton X'!P388 -> 0 | K66: ='2. Back Up Beton X'!S388 -> 0 | L66: ='2. Back Up Beton X'!V388 -> 0 | M66: ='2. Back Up Beton X'!Y388 -> 0
C67: =D66 -> 4600 | D67: =C67+100 -> 4700 | E67: 3 | F67: =(100/((D67-C67)*E67))*((H67*0.5)+(I67*1)+(J67*2)+(K67*20)+(L67*15)+(M67*1.5)) -> 0 | G67: =IF(F67<=25,"B",IF(F67<=75,"S",IF(F67<=100,"RR","RB"))) -> B | H67: ='2. Back Up Beton X'!J396 -> 0 | I67: ='2. Back Up Beton X'!M396 -> 0 | J67: ='2. Back Up Beton X'!P396 -> 0 | K67: ='2. Back Up Beton X'!S396 -> 0 | L67: ='2. Back Up Beton X'!V396 -> 0 | M67: ='2. Back Up Beton X'!Y396 -> 0
C68: =D67 -> 4700 | D68: =C68+100 -> 4800 | E68: 3 | F68: =(100/((D68-C68)*E68))*((H68*0.5)+(I68*1)+(J68*2)+(K68*20)+(L68*15)+(M68*1.5)) -> 0 | G68: =IF(F68<=25,"B",IF(F68<=75,"S",IF(F68<=100,"RR","RB"))) -> B | H68: ='2. Back Up Beton X'!J404 -> 0 | I68: ='2. Back Up Beton X'!M404 -> 0 | J68: ='2. Back Up Beton X'!P404 -> 0 | K68: ='2. Back Up Beton X'!S404 -> 0 | L68: ='2. Back Up Beton X'!V404 -> 0 | M68: ='2. Back Up Beton X'!Y404 -> 0
C69: =D68 -> 4800 | D69: =C69+100 -> 4900 | E69: 3 | F69: =(100/((D69-C69)*E69))*((H69*0.5)+(I69*1)+(J69*2)+(K69*20)+(L69*15)+(M69*1.5)) -> 0 | G69: =IF(F69<=25,"B",IF(F69<=75,"S",IF(F69<=100,"RR","RB"))) -> B | H69: ='2. Back Up Beton X'!J412 -> 0 | I69: ='2. Back Up Beton X'!M412 -> 0 | J69: ='2. Back Up Beton X'!P412 -> 0 | K69: ='2. Back Up Beton X'!S412 -> 0 | L69: ='2. Back Up Beton X'!V412 -> 0 | M69: ='2. Back Up Beton X'!Y412 -> 0
C70: =D69 -> 4900 | D70: =C70+100 -> 5000 | E70: 3 | F70: =(100/((D70-C70)*E70))*((H70*0.5)+(I70*1)+(J70*2)+(K70*20)+(L70*15)+(M70*1.5)) -> 0 | G70: =IF(F70<=25,"B",IF(F70<=75,"S",IF(F70<=100,"RR","RB"))) -> B | H70: ='2. Back Up Beton X'!J420 -> 0 | I70: ='2. Back Up Beton X'!M420 -> 0 | J70: ='2. Back Up Beton X'!P420 -> 0 | K70: ='2. Back Up Beton X'!S420 -> 0 | L70: ='2. Back Up Beton X'!V420 -> 0 | M70: ='2. Back Up Beton X'!Y420 -> 0
C71: =D70 -> 5000 | D71: =C71+100 -> 5100 | E71: 3 | F71: =(100/((D71-C71)*E71))*((H71*0.5)+(I71*1)+(J71*2)+(K71*20)+(L71*15)+(M71*1.5)) -> 0 | G71: =IF(F71<=25,"B",IF(F71<=75,"S",IF(F71<=100,"RR","RB"))) -> B | H71: ='2. Back Up Beton X'!J428 -> 0 | I71: ='2. Back Up Beton X'!M428 -> 0 | J71: ='2. Back Up Beton X'!P428 -> 0 | K71: ='2. Back Up Beton X'!S428 -> 0 | L71: ='2. Back Up Beton X'!V428 -> 0 | M71: ='2. Back Up Beton X'!Y428 -> 0
C72: =D71 -> 5100 | D72: =C72+100 -> 5200 | E72: 3 | F72: =(100/((D72-C72)*E72))*((H72*0.5)+(I72*1)+(J72*2)+(K72*20)+(L72*15)+(M72*1.5)) -> 0 | G72: =IF(F72<=25,"B",IF(F72<=75,"S",IF(F72<=100,"RR","RB"))) -> B | H72: ='2. Back Up Beton X'!J436 -> 0 | I72: ='2. Back Up Beton X'!M436 -> 0 | J72: ='2. Back Up Beton X'!P436 -> 0 | K72: ='2. Back Up Beton X'!S436 -> 0 | L72: ='2. Back Up Beton X'!V436 -> 0 | M72: ='2. Back Up Beton X'!Y436 -> 0
C73: =D72 -> 5200 | D73: =C73+100 -> 5300 | E73: 3 | F73: =(100/((D73-C73)*E73))*((H73*0.5)+(I73*1)+(J73*2)+(K73*20)+(L73*15)+(M73*1.5)) -> 0 | G73: =IF(F73<=25,"B",IF(F73<=75,"S",IF(F73<=100,"RR","RB"))) -> B | H73: ='2. Back Up Beton X'!J444 -> 0 | I73: ='2. Back Up Beton X'!M444 -> 0 | J73: ='2. Back Up Beton X'!P444 -> 0 | K73: ='2. Back Up Beton X'!S444 -> 0 | L73: ='2. Back Up Beton X'!V444 -> 0 | M73: ='2. Back Up Beton X'!Y444 -> 0
C74: =D73 -> 5300 | D74: =C74+100 -> 5400 | E74: 3 | F74: =(100/((D74-C74)*E74))*((H74*0.5)+(I74*1)+(J74*2)+(K74*20)+(L74*15)+(M74*1.5)) -> 0 | G74: =IF(F74<=25,"B",IF(F74<=75,"S",IF(F74<=100,"RR","RB"))) -> B | H74: ='2. Back Up Beton X'!J452 -> 0 | I74: ='2. Back Up Beton X'!M452 -> 0 | J74: ='2. Back Up Beton X'!P452 -> 0 | K74: ='2. Back Up Beton X'!S452 -> 0 | L74: ='2. Back Up Beton X'!V452 -> 0 | M74: ='2. Back Up Beton X'!Y452 -> 0
C75: =D74 -> 5400 | D75: =C75+100 -> 5500 | E75: 3 | F75: =(100/((D75-C75)*E75))*((H75*0.5)+(I75*1)+(J75*2)+(K75*20)+(L75*15)+(M75*1.5)) -> 0 | G75: =IF(F75<=25,"B",IF(F75<=75,"S",IF(F75<=100,"RR","RB"))) -> B | H75: ='2. Back Up Beton X'!J460 -> 0 | I75: ='2. Back Up Beton X'!M460 -> 0 | J75: ='2. Back Up Beton X'!P460 -> 0 | K75: ='2. Back Up Beton X'!S460 -> 0 | L75: ='2. Back Up Beton X'!V460 -> 0 | M75: ='2. Back Up Beton X'!Y460 -> 0
C76: =D75 -> 5500 | D76: =C76+100 -> 5600 | E76: 3 | F76: =(100/((D76-C76)*E76))*((H76*0.5)+(I76*1)+(J76*2)+(K76*20)+(L76*15)+(M76*1.5)) -> 0 | G76: =IF(F76<=25,"B",IF(F76<=75,"S",IF(F76<=100,"RR","RB"))) -> B | H76: ='2. Back Up Beton X'!J468 -> 0 | I76: ='2. Back Up Beton X'!M468 -> 0 | J76: ='2. Back Up Beton X'!P468 -> 0 | K76: ='2. Back Up Beton X'!S468 -> 0 | L76: ='2. Back Up Beton X'!V468 -> 0 | M76: ='2. Back Up Beton X'!Y468 -> 0
C77: =D76 -> 5600 | D77: =C77+100 -> 5700 | E77: 3 | F77: =(100/((D77-C77)*E77))*((H77*0.5)+(I77*1)+(J77*2)+(K77*20)+(L77*15)+(M77*1.5)) -> 0 | G77: =IF(F77<=25,"B",IF(F77<=75,"S",IF(F77<=100,"RR","RB"))) -> B | H77: ='2. Back Up Beton X'!J476 -> 0 | I77: ='2. Back Up Beton X'!M476 -> 0 | J77: ='2. Back Up Beton X'!P476 -> 0 | K77: ='2. Back Up Beton X'!S476 -> 0 | L77: ='2. Back Up Beton X'!V476 -> 0 | M77: ='2. Back Up Beton X'!Y476 -> 0
C78: =D77 -> 5700 | D78: =C78+100 -> 5800 | E78: 3 | F78: =(100/((D78-C78)*E78))*((H78*0.5)+(I78*1)+(J78*2)+(K78*20)+(L78*15)+(M78*1.5)) -> 0 | G78: =IF(F78<=25,"B",IF(F78<=75,"S",IF(F78<=100,"RR","RB"))) -> B | H78: ='2. Back Up Beton X'!J484 -> 0 | I78: ='2. Back Up Beton X'!M484 -> 0 | J78: ='2. Back Up Beton X'!P484 -> 0 | K78: ='2. Back Up Beton X'!S484 -> 0 | L78: ='2. Back Up Beton X'!V484 -> 0 | M78: ='2. Back Up Beton X'!Y484 -> 0
C79: =D78 -> 5800 | D79: =C79+100 -> 5900 | E79: 3 | F79: =(100/((D79-C79)*E79))*((H79*0.5)+(I79*1)+(J79*2)+(K79*20)+(L79*15)+(M79*1.5)) -> 0 | G79: =IF(F79<=25,"B",IF(F79<=75,"S",IF(F79<=100,"RR","RB"))) -> B | H79: ='2. Back Up Beton X'!J492 -> 0 | I79: ='2. Back Up Beton X'!M492 -> 0 | J79: ='2. Back Up Beton X'!P492 -> 0 | K79: ='2. Back Up Beton X'!S492 -> 0 | L79: ='2. Back Up Beton X'!V492 -> 0 | M79: ='2. Back Up Beton X'!Y492 -> 0
C80: =D79 -> 5900 | D80: =C80+100 -> 6000 | E80: 3 | F80: =(100/((D80-C80)*E80))*((H80*0.5)+(I80*1)+(J80*2)+(K80*20)+(L80*15)+(M80*1.5)) -> 0 | G80: =IF(F80<=25,"B",IF(F80<=75,"S",IF(F80<=100,"RR","RB"))) -> B | H80: ='2. Back Up Beton X'!J500 -> 0 | I80: ='2. Back Up Beton X'!M500 -> 0 | J80: ='2. Back Up Beton X'!P500 -> 0 | K80: ='2. Back Up Beton X'!S500 -> 0 | L80: ='2. Back Up Beton X'!V500 -> 0 | M80: ='2. Back Up Beton X'!Y500 -> 0
C81: =D80 -> 6000 | D81: =C81+100 -> 6100 | E81: 3 | F81: =(100/((D81-C81)*E81))*((H81*0.5)+(I81*1)+(J81*2)+(K81*20)+(L81*15)+(M81*1.5)) -> 0 | G81: =IF(F81<=25,"B",IF(F81<=75,"S",IF(F81<=100,"RR","RB"))) -> B | H81: ='2. Back Up Beton X'!J508 -> 0 | I81: ='2. Back Up Beton X'!M508 -> 0 | J81: ='2. Back Up Beton X'!P508 -> 0 | K81: ='2. Back Up Beton X'!S508 -> 0 | L81: ='2. Back Up Beton X'!V508 -> 0 | M81: ='2. Back Up Beton X'!Y508 -> 0
C82: =D81 -> 6100 | D82: =C82+100 -> 6200 | E82: 3 | F82: =(100/((D82-C82)*E82))*((H82*0.5)+(I82*1)+(J82*2)+(K82*20)+(L82*15)+(M82*1.5)) -> 0 | G82: =IF(F82<=25,"B",IF(F82<=75,"S",IF(F82<=100,"RR","RB"))) -> B | H82: ='2. Back Up Beton X'!J516 -> 0 | I82: ='2. Back Up Beton X'!M516 -> 0 | J82: ='2. Back Up Beton X'!P516 -> 0 | K82: ='2. Back Up Beton X'!S516 -> 0 | L82: ='2. Back Up Beton X'!V516 -> 0 | M82: ='2. Back Up Beton X'!Y516 -> 0
C83: =D82 -> 6200 | D83: =C83+100 -> 6300 | E83: 3 | F83: =(100/((D83-C83)*E83))*((H83*0.5)+(I83*1)+(J83*2)+(K83*20)+(L83*15)+(M83*1.5)) -> 0 | G83: =IF(F83<=25,"B",IF(F83<=75,"S",IF(F83<=100,"RR","RB"))) -> B | H83: ='2. Back Up Beton X'!J524 -> 0 | I83: ='2. Back Up Beton X'!M524 -> 0 | J83: ='2. Back Up Beton X'!P524 -> 0 | K83: ='2. Back Up Beton X'!S524 -> 0 | L83: ='2. Back Up Beton X'!V524 -> 0 | M83: ='2. Back Up Beton X'!Y524 -> 0
C84: =D83 -> 6300 | D84: =C84+100 -> 6400 | E84: 3 | F84: =(100/((D84-C84)*E84))*((H84*0.5)+(I84*1)+(J84*2)+(K84*20)+(L84*15)+(M84*1.5)) -> 0 | G84: =IF(F84<=25,"B",IF(F84<=75,"S",IF(F84<=100,"RR","RB"))) -> B | H84: ='2. Back Up Beton X'!J532 -> 0 | I84: ='2. Back Up Beton X'!M532 -> 0 | J84: ='2. Back Up Beton X'!P532 -> 0 | K84: ='2. Back Up Beton X'!S532 -> 0 | L84: ='2. Back Up Beton X'!V532 -> 0 | M84: ='2. Back Up Beton X'!Y532 -> 0
C85: =D84 -> 6400 | D85: =C85+100 -> 6500 | E85: 3 | F85: =(100/((D85-C85)*E85))*((H85*0.5)+(I85*1)+(J85*2)+(K85*20)+(L85*15)+(M85*1.5)) -> 0 | G85: =IF(F85<=25,"B",IF(F85<=75,"S",IF(F85<=100,"RR","RB"))) -> B | H85: ='2. Back Up Beton X'!J540 -> 0 | I85: ='2. Back Up Beton X'!M540 -> 0 | J85: ='2. Back Up Beton X'!P540 -> 0 | K85: ='2. Back Up Beton X'!S540 -> 0 | L85: ='2. Back Up Beton X'!V540 -> 0 | M85: ='2. Back Up Beton X'!Y540 -> 0
C86: =D85 -> 6500 | D86: =C86+100 -> 6600 | E86: 3 | F86: =(100/((D86-C86)*E86))*((H86*0.5)+(I86*1)+(J86*2)+(K86*20)+(L86*15)+(M86*1.5)) -> 0 | G86: =IF(F86<=25,"B",IF(F86<=75,"S",IF(F86<=100,"RR","RB"))) -> B | H86: ='2. Back Up Beton X'!J548 -> 0 | I86: ='2. Back Up Beton X'!M548 -> 0 | J86: ='2. Back Up Beton X'!P548 -> 0 | K86: ='2. Back Up Beton X'!S548 -> 0 | L86: ='2. Back Up Beton X'!V548 -> 0 | M86: ='2. Back Up Beton X'!Y548 -> 0
C87: =D86 -> 6600 | D87: =C87+100 -> 6700 | E87: 3 | F87: =(100/((D87-C87)*E87))*((H87*0.5)+(I87*1)+(J87*2)+(K87*20)+(L87*15)+(M87*1.5)) -> 0 | G87: =IF(F87<=25,"B",IF(F87<=75,"S",IF(F87<=100,"RR","RB"))) -> B | H87: ='2. Back Up Beton X'!J556 -> 0 | I87: ='2. Back Up Beton X'!M556 -> 0 | J87: ='2. Back Up Beton X'!P556 -> 0 | K87: ='2. Back Up Beton X'!S556 -> 0 | L87: ='2. Back Up Beton X'!V556 -> 0 | M87: ='2. Back Up Beton X'!Y556 -> 0
C88: =D87 -> 6700 | D88: =C88+100 -> 6800 | E88: 3 | F88: =(100/((D88-C88)*E88))*((H88*0.5)+(I88*1)+(J88*2)+(K88*20)+(L88*15)+(M88*1.5)) -> 0 | G88: =IF(F88<=25,"B",IF(F88<=75,"S",IF(F88<=100,"RR","RB"))) -> B | H88: ='2. Back Up Beton X'!J564 -> 0 | I88: ='2. Back Up Beton X'!M564 -> 0 | J88: ='2. Back Up Beton X'!P564 -> 0 | K88: ='2. Back Up Beton X'!S564 -> 0 | L88: ='2. Back Up Beton X'!V564 -> 0 | M88: ='2. Back Up Beton X'!Y564 -> 0
C89: =D88 -> 6800 | D89: =C89+100 -> 6900 | E89: 3 | F89: =(100/((D89-C89)*E89))*((H89*0.5)+(I89*1)+(J89*2)+(K89*20)+(L89*15)+(M89*1.5)) -> 0 | G89: =IF(F89<=25,"B",IF(F89<=75,"S",IF(F89<=100,"RR","RB"))) -> B | H89: ='2. Back Up Beton X'!J572 -> 0 | I89: ='2. Back Up Beton X'!M572 -> 0 | J89: ='2. Back Up Beton X'!P572 -> 0 | K89: ='2. Back Up Beton X'!S572 -> 0 | L89: ='2. Back Up Beton X'!V572 -> 0 | M89: ='2. Back Up Beton X'!Y572 -> 0
C90: =D89 -> 6900 | D90: =C90+100 -> 7000 | E90: 3 | F90: =(100/((D90-C90)*E90))*((H90*0.5)+(I90*1)+(J90*2)+(K90*20)+(L90*15)+(M90*1.5)) -> 0 | G90: =IF(F90<=25,"B",IF(F90<=75,"S",IF(F90<=100,"RR","RB"))) -> B | H90: ='2. Back Up Beton X'!J580 -> 0 | I90: ='2. Back Up Beton X'!M580 -> 0 | J90: ='2. Back Up Beton X'!P580 -> 0 | K90: ='2. Back Up Beton X'!S580 -> 0 | L90: ='2. Back Up Beton X'!V580 -> 0 | M90: ='2. Back Up Beton X'!Y580 -> 0
C91: =D90 -> 7000 | D91: =C91+100 -> 7100 | E91: 3 | F91: =(100/((D91-C91)*E91))*((H91*0.5)+(I91*1)+(J91*2)+(K91*20)+(L91*15)+(M91*1.5)) -> 0 | G91: =IF(F91<=25,"B",IF(F91<=75,"S",IF(F91<=100,"RR","RB"))) -> B | H91: ='2. Back Up Beton X'!J588 -> 0 | I91: ='2. Back Up Beton X'!M588 -> 0 | J91: ='2. Back Up Beton X'!P588 -> 0 | K91: ='2. Back Up Beton X'!S588 -> 0 | L91: ='2. Back Up Beton X'!V588 -> 0 | M91: ='2. Back Up Beton X'!Y588 -> 0
C92: =D91 -> 7100 | D92: =C92+100 -> 7200 | E92: 3 | F92: =(100/((D92-C92)*E92))*((H92*0.5)+(I92*1)+(J92*2)+(K92*20)+(L92*15)+(M92*1.5)) -> 0 | G92: =IF(F92<=25,"B",IF(F92<=75,"S",IF(F92<=100,"RR","RB"))) -> B | H92: ='2. Back Up Beton X'!J596 -> 0 | I92: ='2. Back Up Beton X'!M596 -> 0 | J92: ='2. Back Up Beton X'!P596 -> 0 | K92: ='2. Back Up Beton X'!S596 -> 0 | L92: ='2. Back Up Beton X'!V596 -> 0 | M92: ='2. Back Up Beton X'!Y596 -> 0
C93: =D92 -> 7200 | D93: =C93+100 -> 7300 | E93: 3 | F93: =(100/((D93-C93)*E93))*((H93*0.5)+(I93*1)+(J93*2)+(K93*20)+(L93*15)+(M93*1.5)) -> 0 | G93: =IF(F93<=25,"B",IF(F93<=75,"S",IF(F93<=100,"RR","RB"))) -> B | H93: ='2. Back Up Beton X'!J604 -> 0 | I93: ='2. Back Up Beton X'!M604 -> 0 | J93: ='2. Back Up Beton X'!P604 -> 0 | K93: ='2. Back Up Beton X'!S604 -> 0 | L93: ='2. Back Up Beton X'!V604 -> 0 | M93: ='2. Back Up Beton X'!Y604 -> 0
C94: =D93 -> 7300 | D94: =C94+100 -> 7400 | E94: 3 | F94: =(100/((D94-C94)*E94))*((H94*0.5)+(I94*1)+(J94*2)+(K94*20)+(L94*15)+(M94*1.5)) -> 0 | G94: =IF(F94<=25,"B",IF(F94<=75,"S",IF(F94<=100,"RR","RB"))) -> B | H94: ='2. Back Up Beton X'!J612 -> 0 | I94: ='2. Back Up Beton X'!M612 -> 0 | J94: ='2. Back Up Beton X'!P612 -> 0 | K94: ='2. Back Up Beton X'!S612 -> 0 | L94: ='2. Back Up Beton X'!V612 -> 0 | M94: ='2. Back Up Beton X'!Y612 -> 0
C95: =D94 -> 7400 | D95: =C95+100 -> 7500 | E95: 3 | F95: =(100/((D95-C95)*E95))*((H95*0.5)+(I95*1)+(J95*2)+(K95*20)+(L95*15)+(M95*1.5)) -> 0 | G95: =IF(F95<=25,"B",IF(F95<=75,"S",IF(F95<=100,"RR","RB"))) -> B | H95: ='2. Back Up Beton X'!J620 -> 0 | I95: ='2. Back Up Beton X'!M620 -> 0 | J95: ='2. Back Up Beton X'!P620 -> 0 | K95: ='2. Back Up Beton X'!S620 -> 0 | L95: ='2. Back Up Beton X'!V620 -> 0 | M95: ='2. Back Up Beton X'!Y620 -> 0
C96: =D95 -> 7500 | D96: =C96+100 -> 7600 | E96: 3 | F96: =(100/((D96-C96)*E96))*((H96*0.5)+(I96*1)+(J96*2)+(K96*20)+(L96*15)+(M96*1.5)) -> 0 | G96: =IF(F96<=25,"B",IF(F96<=75,"S",IF(F96<=100,"RR","RB"))) -> B | H96: ='2. Back Up Beton X'!J628 -> 0 | I96: ='2. Back Up Beton X'!M628 -> 0 | J96: ='2. Back Up Beton X'!P628 -> 0 | K96: ='2. Back Up Beton X'!S628 -> 0 | L96: ='2. Back Up Beton X'!V628 -> 0 | M96: ='2. Back Up Beton X'!Y628 -> 0
C97: =D96 -> 7600 | D97: =C97+100 -> 7700 | E97: 3 | F97: =(100/((D97-C97)*E97))*((H97*0.5)+(I97*1)+(J97*2)+(K97*20)+(L97*15)+(M97*1.5)) -> 0 | G97: =IF(F97<=25,"B",IF(F97<=75,"S",IF(F97<=100,"RR","RB"))) -> B | H97: ='2. Back Up Beton X'!J636 -> 0 | I97: ='2. Back Up Beton X'!M636 -> 0 | J97: ='2. Back Up Beton X'!P636 -> 0 | K97: ='2. Back Up Beton X'!S636 -> 0 | L97: ='2. Back Up Beton X'!V636 -> 0 | M97: ='2. Back Up Beton X'!Y636 -> 0
C98: =D97 -> 7700 | D98: =C98+100 -> 7800 | E98: 3 | F98: =(100/((D98-C98)*E98))*((H98*0.5)+(I98*1)+(J98*2)+(K98*20)+(L98*15)+(M98*1.5)) -> 0 | G98: =IF(F98<=25,"B",IF(F98<=75,"S",IF(F98<=100,"RR","RB"))) -> B | H98: ='2. Back Up Beton X'!J644 -> 0 | I98: ='2. Back Up Beton X'!M644 -> 0 | J98: ='2. Back Up Beton X'!P644 -> 0 | K98: ='2. Back Up Beton X'!S644 -> 0 | L98: ='2. Back Up Beton X'!V644 -> 0 | M98: ='2. Back Up Beton X'!Y644 -> 0
C99: =D98 -> 7800 | D99: =C99+100 -> 7900 | E99: 3 | F99: =(100/((D99-C99)*E99))*((H99*0.5)+(I99*1)+(J99*2)+(K99*20)+(L99*15)+(M99*1.5)) -> 0 | G99: =IF(F99<=25,"B",IF(F99<=75,"S",IF(F99<=100,"RR","RB"))) -> B | H99: ='2. Back Up Beton X'!J652 -> 0 | I99: ='2. Back Up Beton X'!M652 -> 0 | J99: ='2. Back Up Beton X'!P652 -> 0 | K99: ='2. Back Up Beton X'!S652 -> 0 | L99: ='2. Back Up Beton X'!V652 -> 0 | M99: ='2. Back Up Beton X'!Y652 -> 0
C100: =D99 -> 7900 | D100: =C100+100 -> 8000 | E100: 3 | F100: =(100/((D100-C100)*E100))*((H100*0.5)+(I100*1)+(J100*2)+(K100*20)+(L100*15)+(M100*1.5)) -> 0 | G100: =IF(F100<=25,"B",IF(F100<=75,"S",IF(F100<=100,"RR","RB"))) -> B | H100: ='2. Back Up Beton X'!J660 -> 0 | I100: ='2. Back Up Beton X'!M660 -> 0 | J100: ='2. Back Up Beton X'!P660 -> 0 | K100: ='2. Back Up Beton X'!S660 -> 0 | L100: ='2. Back Up Beton X'!V660 -> 0 | M100: ='2. Back Up Beton X'!Y660 -> 0
C101: =D100 -> 8000 | D101: =C101+100 -> 8100 | E101: 3 | F101: =(100/((D101-C101)*E101))*((H101*0.5)+(I101*1)+(J101*2)+(K101*20)+(L101*15)+(M101*1.5)) -> 0 | G101: =IF(F101<=25,"B",IF(F101<=75,"S",IF(F101<=100,"RR","RB"))) -> B | H101: ='2. Back Up Beton X'!J668 -> 0 | I101: ='2. Back Up Beton X'!M668 -> 0 | J101: ='2. Back Up Beton X'!P668 -> 0 | K101: ='2. Back Up Beton X'!S668 -> 0 | L101: ='2. Back Up Beton X'!V668 -> 0 | M101: ='2. Back Up Beton X'!Y668 -> 0
C102: =D101 -> 8100 | D102: =C102+100 -> 8200 | E102: 3 | F102: =(100/((D102-C102)*E102))*((H102*0.5)+(I102*1)+(J102*2)+(K102*20)+(L102*15)+(M102*1.5)) -> 0 | G102: =IF(F102<=25,"B",IF(F102<=75,"S",IF(F102<=100,"RR","RB"))) -> B | H102: ='2. Back Up Beton X'!J676 -> 0 | I102: ='2. Back Up Beton X'!M676 -> 0 | J102: ='2. Back Up Beton X'!P676 -> 0 | K102: ='2. Back Up Beton X'!S676 -> 0 | L102: ='2. Back Up Beton X'!V676 -> 0 | M102: ='2. Back Up Beton X'!Y676 -> 0
C103: =D102 -> 8200 | D103: =C103+100 -> 8300 | E103: 3 | F103: =(100/((D103-C103)*E103))*((H103*0.5)+(I103*1)+(J103*2)+(K103*20)+(L103*15)+(M103*1.5)) -> 0 | G103: =IF(F103<=25,"B",IF(F103<=75,"S",IF(F103<=100,"RR","RB"))) -> B | H103: ='2. Back Up Beton X'!J684 -> 0 | I103: ='2. Back Up Beton X'!M684 -> 0 | J103: ='2. Back Up Beton X'!P684 -> 0 | K103: ='2. Back Up Beton X'!S684 -> 0 | L103: ='2. Back Up Beton X'!V684 -> 0 | M103: ='2. Back Up Beton X'!Y684 -> 0
C104: =D103 -> 8300 | D104: =C104+100 -> 8400 | E104: 3 | F104: =(100/((D104-C104)*E104))*((H104*0.5)+(I104*1)+(J104*2)+(K104*20)+(L104*15)+(M104*1.5)) -> 0 | G104: =IF(F104<=25,"B",IF(F104<=75,"S",IF(F104<=100,"RR","RB"))) -> B | H104: ='2. Back Up Beton X'!J692 -> 0 | I104: ='2. Back Up Beton X'!M692 -> 0 | J104: ='2. Back Up Beton X'!P692 -> 0 | K104: ='2. Back Up Beton X'!S692 -> 0 | L104: ='2. Back Up Beton X'!V692 -> 0 | M104: ='2. Back Up Beton X'!Y692 -> 0
C105: =D104 -> 8400 | D105: =C105+100 -> 8500 | E105: 3 | F105: =(100/((D105-C105)*E105))*((H105*0.5)+(I105*1)+(J105*2)+(K105*20)+(L105*15)+(M105*1.5)) -> 0 | G105: =IF(F105<=25,"B",IF(F105<=75,"S",IF(F105<=100,"RR","RB"))) -> B | H105: ='2. Back Up Beton X'!J700 -> 0 | I105: ='2. Back Up Beton X'!M700 -> 0 | J105: ='2. Back Up Beton X'!P700 -> 0 | K105: ='2. Back Up Beton X'!S700 -> 0 | L105: ='2. Back Up Beton X'!V700 -> 0 | M105: ='2. Back Up Beton X'!Y700 -> 0
C106: =D105 -> 8500 | D106: =C106+100 -> 8600 | E106: 3 | F106: =(100/((D106-C106)*E106))*((H106*0.5)+(I106*1)+(J106*2)+(K106*20)+(L106*15)+(M106*1.5)) -> 0 | G106: =IF(F106<=25,"B",IF(F106<=75,"S",IF(F106<=100,"RR","RB"))) -> B | H106: ='2. Back Up Beton X'!J708 -> 0 | I106: ='2. Back Up Beton X'!M708 -> 0 | J106: ='2. Back Up Beton X'!P708 -> 0 | K106: ='2. Back Up Beton X'!S708 -> 0 | L106: ='2. Back Up Beton X'!V708 -> 0 | M106: ='2. Back Up Beton X'!Y708 -> 0
C107: =D106 -> 8600 | D107: =C107+100 -> 8700 | E107: 3 | F107: =(100/((D107-C107)*E107))*((H107*0.5)+(I107*1)+(J107*2)+(K107*20)+(L107*15)+(M107*1.5)) -> 0 | G107: =IF(F107<=25,"B",IF(F107<=75,"S",IF(F107<=100,"RR","RB"))) -> B | H107: ='2. Back Up Beton X'!J716 -> 0 | I107: ='2. Back Up Beton X'!M716 -> 0 | J107: ='2. Back Up Beton X'!P716 -> 0 | K107: ='2. Back Up Beton X'!S716 -> 0 | L107: ='2. Back Up Beton X'!V716 -> 0 | M107: ='2. Back Up Beton X'!Y716 -> 0
C108: =D107 -> 8700 | D108: =C108+100 -> 8800 | E108: 3 | F108: =(100/((D108-C108)*E108))*((H108*0.5)+(I108*1)+(J108*2)+(K108*20)+(L108*15)+(M108*1.5)) -> 0 | G108: =IF(F108<=25,"B",IF(F108<=75,"S",IF(F108<=100,"RR","RB"))) -> B | H108: ='2. Back Up Beton X'!J724 -> 0 | I108: ='2. Back Up Beton X'!M724 -> 0 | J108: ='2. Back Up Beton X'!P724 -> 0 | K108: ='2. Back Up Beton X'!S724 -> 0 | L108: ='2. Back Up Beton X'!V724 -> 0 | M108: ='2. Back Up Beton X'!Y724 -> 0
C109: =D108 -> 8800 | D109: =C109+100 -> 8900 | E109: 3 | F109: =(100/((D109-C109)*E109))*((H109*0.5)+(I109*1)+(J109*2)+(K109*20)+(L109*15)+(M109*1.5)) -> 0 | G109: =IF(F109<=25,"B",IF(F109<=75,"S",IF(F109<=100,"RR","RB"))) -> B | H109: ='2. Back Up Beton X'!J732 -> 0 | I109: ='2. Back Up Beton X'!M732 -> 0 | J109: ='2. Back Up Beton X'!P732 -> 0 | K109: ='2. Back Up Beton X'!S732 -> 0 | L109: ='2. Back Up Beton X'!V732 -> 0 | M109: ='2. Back Up Beton X'!Y732 -> 0
C110: =D109 -> 8900 | D110: =C110+100 -> 9000 | E110: 3 | F110: =(100/((D110-C110)*E110))*((H110*0.5)+(I110*1)+(J110*2)+(K110*20)+(L110*15)+(M110*1.5)) -> 0 | G110: =IF(F110<=25,"B",IF(F110<=75,"S",IF(F110<=100,"RR","RB"))) -> B | H110: ='2. Back Up Beton X'!J740 -> 0 | I110: ='2. Back Up Beton X'!M740 -> 0 | J110: ='2. Back Up Beton X'!P740 -> 0 | K110: ='2. Back Up Beton X'!S740 -> 0 | L110: ='2. Back Up Beton X'!V740 -> 0 | M110: ='2. Back Up Beton X'!Y740 -> 0
C111: =D110 -> 9000 | D111: =C111+100 -> 9100 | E111: 3 | F111: =(100/((D111-C111)*E111))*((H111*0.5)+(I111*1)+(J111*2)+(K111*20)+(L111*15)+(M111*1.5)) -> 0 | G111: =IF(F111<=25,"B",IF(F111<=75,"S",IF(F111<=100,"RR","RB"))) -> B | H111: ='2. Back Up Beton X'!J748 -> 0 | I111: ='2. Back Up Beton X'!M748 -> 0 | J111: ='2. Back Up Beton X'!P748 -> 0 | K111: ='2. Back Up Beton X'!S748 -> 0 | L111: ='2. Back Up Beton X'!V748 -> 0 | M111: ='2. Back Up Beton X'!Y748 -> 0
...

Sheet 2. Back Up Beton X
C2: PEMERINTAH PROVINSI LAMPUNG
C3: DINAS BINA MARGA DAN BINA KONSTRUKSI
B6: BACK - UP DATA SURVEY KONDISI JALAN (BETON)
B9: NO. RUAS | E9: : | F9: ='2. Rekap Back Up Beton X'!F9 -> 064
B12: NAMA RUAS | E12: : | F12: ='2. Rekap Back Up Beton X'!F12 -> BANDAR SAKTI - SP. DAYA MURNI
B15: PANJANG RUAS | E15: : | F15: ='2. Rekap Back Up Beton X'!F15 -> 10.099
C18: STA | F18: NILAI TTI | G18: KONDISI | H18: TIPE KERUSAKAN KONDISI JALAN BETON | Z18: KET
C19: DARI (M) | D19: KE (M) | E19: LEBAR | H19: P | I19: L | J19: BETON RETAK | K19: P | L19: L | M19: PECAH/ GOMPAL | N19: P | O19: L | P19: STRUKTUR RETAK | Q19: P | R19: L | S19: PATAHAN/ PENURUNAN | T19: JUMLAH PUMPING | W19: JUMLAH PECAH SUDUT
B20: 1 | H20: 2 | K20: 3 | N20: 4 | Q20: 5 | W20: 7 | Z20: 8
C21: ='2. Rekap Back Up Beton X'!C21 -> 0 | D21: ='2. Rekap Back Up Beton X'!D21 -> 100 | E21: ='2. Rekap Back Up Beton X'!E21 -> 3 | F21: =(100/((D21-C21)*E21))*((J28*0.5)+(M28*1)+(P28*2)+(S28*20)+(V28*15)+(Y28*1.5)) -> 0 | G21: =IF(F21<=25,"B",IF(F21<=75,"S",IF(F21<=100,"RR","RB"))) -> B | H21: 0 | I21: 0 | J21: =H21*I21 -> 0 | K21: 0 | L21: 0 | M21: =K21*L21 -> 0 | N21: 0 | O21: 0 | P21: =N21*O21 -> 0 | Q21: 0 | R21: 0 | S21: =Q21*R21 -> 0 | T21: 0 | U21: 0 | V21: =T21*U21 -> 0 | W21: 0 | X21: 0 | Y21: =W21*X21 -> 0
H22: 0 | I22: 0 | J22: =H22*I22 -> 0 | K22: 0 | L22: 0 | M22: =K22*L22 -> 0 | N22: 0 | O22: 0 | P22: =N22*O22 -> 0 | Q22: 0 | R22: 0 | S22: =Q22*R22 -> 0 | T22: 0 | U22: 0 | V22: =T22*U22 -> 0 | W22: 0 | X22: 0 | Y22: =W22*X22 -> 0
H23: 0 | I23: 0 | J23: =H23*I23 -> 0 | K23: 0 | L23: 0 | M23: =K23*L23 -> 0 | N23: 0 | O23: 0 | P23: =N23*O23 -> 0 | Q23: 0 | R23: 0 | S23: =Q23*R23 -> 0 | T23: 0 | U23: 0 | V23: =T23*U23 -> 0 | W23: 0 | X23: 0 | Y23: =W23*X23 -> 0
H24: 0 | I24: 0 | J24: =H24*I24 -> 0 | K24: 0 | L24: 0 | M24: =K24*L24 -> 0 | N24: 0 | O24: 0 | P24: =N24*O24 -> 0 | Q24: 0 | R24: 0 | S24: =Q24*R24 -> 0 | T24: 0 | U24: 0 | V24: =T24*U24 -> 0 | W24: 0 | X24: 0 | Y24: =W24*X24 -> 0
H25: 0 | I25: 0 | J25: =H25*I25 -> 0 | K25: 0 | L25: 0 | M25: =K25*L25 -> 0 | N25: 0 | O25: 0 | P25: =N25*O25 -> 0 | Q25: 0 | R25: 0 | S25: =Q25*R25 -> 0 | T25: 0 | U25: 0 | V25: =T25*U25 -> 0 | W25: 0 | X25: 0 | Y25: =W25*X25 -> 0
H26: 0 | I26: 0 | J26: =H26*I26 -> 0 | K26: 0 | L26: 0 | M26: =K26*L26 -> 0 | N26: 0 | O26: 0 | P26: =N26*O26 -> 0 | Q26: 0 | R26: 0 | S26: =Q26*R26 -> 0 | T26: 0 | U26: 0 | V26: =T26*U26 -> 0 | W26: 0 | X26: 0 | Y26: =W26*X26 -> 0
H27: 0 | I27: 0 | J27: =H27*I27 -> 0 | K27: 0 | L27: 0 | M27: =K27*L27 -> 0 | N27: 0 | O27: 0 | P27: =N27*O27 -> 0 | Q27: 0 | R27: 0 | S27: =Q27*R27 -> 0 | T27: 0 | U27: 0 | V27: =T27*U27 -> 0 | W27: 0 | X27: 0 | Y27: =W27*X27 -> 0
H28: Total | J28: =SUM(J21:J27) -> 0 | K28: Total | M28: =SUM(M21:M27) -> 0 | N28: Total | P28: =SUM(P21:P27) -> 0 | Q28: Total | S28: =SUM(S21:S27) -> 0 | T28: Total | V28: =SUM(V21:V27) -> 0 | W28: Total | Y28: =SUM(Y21:Y27) -> 0
C29: ='2. Rekap Back Up Beton X'!C22 -> 100 | D29: ='2. Rekap Back Up Beton X'!D22 -> 200 | E29: ='2. Rekap Back Up Beton X'!E22 -> 3 | F29: =(100/((D29-C29)*E29))*((J36*0.5)+(M36*1)+(P36*2)+(S36*20)+(V36*15)+(Y36*1.5)) -> 0 | G29: =IF(F29<=25,"B",IF(F29<=75,"S",IF(F29<=100,"RR","RB"))) -> B | H29: 0 | I29: 0 | J29: =H29*I29 -> 0 | K29: 0 | L29: 0 | M29: =K29*L29 -> 0 | N29: 0 | O29: 4 | P29: =N29*O29 -> 0 | Q29: 0 | R29: 0 | S29: =Q29*R29 -> 0 | T29: 0 | U29: 0 | V29: =T29*U29 -> 0 | W29: 0 | X29: 0 | Y29: =W29*X29 -> 0
H30: 0 | I30: 0 | J30: =H30*I30 -> 0 | K30: 0 | L30: 0 | M30: =K30*L30 -> 0 | N30: 0 | O30: 0 | P30: =N30*O30 -> 0 | Q30: 0 | R30: 0 | S30: =Q30*R30 -> 0 | T30: 0 | U30: 0 | V30: =T30*U30 -> 0 | W30: 0 | X30: 0 | Y30: =W30*X30 -> 0
H31: 0 | I31: 0 | J31: =H31*I31 -> 0 | K31: 0 | L31: 0 | M31: =K31*L31 -> 0 | N31: 0 | O31: 0 | P31: =N31*O31 -> 0 | Q31: 0 | R31: 0 | S31: =Q31*R31 -> 0 | T31: 0 | U31: 0 | V31: =T31*U31 -> 0 | W31: 0 | X31: 0 | Y31: =W31*X31 -> 0
H32: 0 | I32: 0 | J32: =H32*I32 -> 0 | K32: 0 | L32: 0 | M32: =K32*L32 -> 0 | N32: 0 | O32: 0 | P32: =N32*O32 -> 0 | Q32: 0 | R32: 0 | S32: =Q32*R32 -> 0 | T32: 0 | U32: 0 | V32: =T32*U32 -> 0 | W32: 0 | X32: 0 | Y32: =W32*X32 -> 0
H33: 0 | I33: 0 | J33: =H33*I33 -> 0 | K33: 0 | L33: 0 | M33: =K33*L33 -> 0 | N33: 0 | O33: 0 | P33: =N33*O33 -> 0 | Q33: 0 | R33: 0 | S33: =Q33*R33 -> 0 | T33: 0 | U33: 0 | V33: =T33*U33 -> 0 | W33: 0 | X33: 0 | Y33: =W33*X33 -> 0
H34: 0 | I34: 0 | J34: =H34*I34 -> 0 | K34: 0 | L34: 0 | M34: =K34*L34 -> 0 | N34: 0 | O34: 0 | P34: =N34*O34 -> 0 | Q34: 0 | R34: 0 | S34: =Q34*R34 -> 0 | T34: 0 | U34: 0 | V34: =T34*U34 -> 0 | W34: 0 | X34: 0 | Y34: =W34*X34 -> 0
H35: 0 | I35: 0 | J35: =H35*I35 -> 0 | K35: 0 | L35: 0 | M35: =K35*L35 -> 0 | N35: 0 | O35: 0 | P35: =N35*O35 -> 0 | Q35: 0 | R35: 0 | S35: =Q35*R35 -> 0 | T35: 0 | U35: 0 | V35: =T35*U35 -> 0 | W35: 0 | X35: 0 | Y35: =W35*X35 -> 0
H36: Total | J36: =SUM(J29:J35) -> 0 | K36: Total | M36: =SUM(M29:M35) -> 0 | N36: Total | P36: =SUM(P29:P35) -> 0 | Q36: Total | S36: =SUM(S29:S35) -> 0 | T36: Total | V36: =SUM(V29:V35) -> 0 | W36: Total | Y36: =SUM(Y29:Y35) -> 0
C37: ='2. Rekap Back Up Beton X'!C23 -> 200 | D37: ='2. Rekap Back Up Beton X'!D23 -> 300 | E37: ='2. Rekap Back Up Beton X'!E23 -> 3 | F37: =(100/((D37-C37)*E37))*((J44*0.5)+(M44*1)+(P44*2)+(S44*20)+(V44*15)+(Y44*1.5)) -> 0 | G37: =IF(F37<=25,"B",IF(F37<=75,"S",IF(F37<=100,"RR","RB"))) -> B | H37: 0 | I37: 0 | J37: =H37*I37 -> 0 | K37: 0 | L37: 0 | M37: =K37*L37 -> 0 | N37: 0 | O37: 4 | P37: =N37*O37 -> 0 | Q37: 0 | R37: 0 | S37: =Q37*R37 -> 0 | T37: 0 | U37: 0 | V37: =T37*U37 -> 0 | W37: 0 | X37: 0 | Y37: =W37*X37 -> 0
H38: 0 | I38: 0 | J38: =H38*I38 -> 0 | K38: 0 | L38: 0 | M38: =K38*L38 -> 0 | N38: 0 | O38: 0 | P38: =N38*O38 -> 0 | Q38: 0 | R38: 0 | S38: =Q38*R38 -> 0 | T38: 0 | U38: 0 | V38: =T38*U38 -> 0 | W38: 0 | X38: 0 | Y38: =W38*X38 -> 0
H39: 0 | I39: 0 | J39: =H39*I39 -> 0 | K39: 0 | L39: 0 | M39: =K39*L39 -> 0 | N39: 0 | O39: 0 | P39: =N39*O39 -> 0 | Q39: 0 | R39: 0 | S39: =Q39*R39 -> 0 | T39: 0 | U39: 0 | V39: =T39*U39 -> 0 | W39: 0 | X39: 0 | Y39: =W39*X39 -> 0
H40: 0 | I40: 0 | J40: =H40*I40 -> 0 | K40: 0 | L40: 0 | M40: =K40*L40 -> 0 | N40: 0 | O40: 0 | P40: =N40*O40 -> 0 | Q40: 0 | R40: 0 | S40: =Q40*R40 -> 0 | T40: 0 | U40: 0 | V40: =T40*U40 -> 0 | W40: 0 | X40: 0 | Y40: =W40*X40 -> 0
H41: 0 | I41: 0 | J41: =H41*I41 -> 0 | K41: 0 | L41: 0 | M41: =K41*L41 -> 0 | N41: 0 | O41: 0 | P41: =N41*O41 -> 0 | Q41: 0 | R41: 0 | S41: =Q41*R41 -> 0 | T41: 0 | U41: 0 | V41: =T41*U41 -> 0 | W41: 0 | X41: 0 | Y41: =W41*X41 -> 0
H42: 0 | I42: 0 | J42: =H42*I42 -> 0 | K42: 0 | L42: 0 | M42: =K42*L42 -> 0 | N42: 0 | O42: 0 | P42: =N42*O42 -> 0 | Q42: 0 | R42: 0 | S42: =Q42*R42 -> 0 | T42: 0 | U42: 0 | V42: =T42*U42 -> 0 | W42: 0 | X42: 0 | Y42: =W42*X42 -> 0
H43: 0 | I43: 0 | J43: =H43*I43 -> 0 | K43: 0 | L43: 0 | M43: =K43*L43 -> 0 | N43: 0 | O43: 0 | P43: =N43*O43 -> 0 | Q43: 0 | R43: 0 | S43: =Q43*R43 -> 0 | T43: 0 | U43: 0 | V43: =T43*U43 -> 0 | W43: 0 | X43: 0 | Y43: =W43*X43 -> 0
H44: Total | J44: =SUM(J37:J43) -> 0 | K44: Total | M44: =SUM(M37:M43) -> 0 | N44: Total | P44: =SUM(P37:P43) -> 0 | Q44: Total | S44: =SUM(S37:S43) -> 0 | T44: Total | V44: =SUM(V37:V43) -> 0 | W44: Total | Y44: =SUM(Y37:Y43) -> 0
C45: ='2. Rekap Back Up Beton X'!C24 -> 300 | D45: ='2. Rekap Back Up Beton X'!D24 -> 400 | E45: ='2. Rekap Back Up Beton X'!E24 -> 3 | F45: =(100/((D45-C45)*E45))*((J52*0.5)+(M52*1)+(P52*2)+(S52*20)+(V52*15)+(Y52*1.5)) -> 0 | G45: =IF(F45<=25,"B",IF(F45<=75,"S",IF(F45<=100,"RR","RB"))) -> B | H45: 0 | I45: 0 | J45: =H45*I45 -> 0 | K45: 0 | L45: 0 | M45: =K45*L45 -> 0 | N45: 0 | O45: 4 | P45: =N45*O45 -> 0 | Q45: 0 | R45: 0 | S45: =Q45*R45 -> 0 | T45: 0 | U45: 0 | V45: =T45*U45 -> 0 | W45: 0 | X45: 0 | Y45: =W45*X45 -> 0
H46: 0 | I46: 0 | J46: =H46*I46 -> 0 | K46: 0 | L46: 0 | M46: =K46*L46 -> 0 | N46: 0 | O46: 0 | P46: =N46*O46 -> 0 | Q46: 0 | R46: 0 | S46: =Q46*R46 -> 0 | T46: 0 | U46: 0 | V46: =T46*U46 -> 0 | W46: 0 | X46: 0 | Y46: =W46*X46 -> 0
H47: 0 | I47: 0 | J47: =H47*I47 -> 0 | K47: 0 | L47: 0 | M47: =K47*L47 -> 0 | N47: 0 | O47: 0 | P47: =N47*O47 -> 0 | Q47: 0 | R47: 0 | S47: =Q47*R47 -> 0 | T47: 0 | U47: 0 | V47: =T47*U47 -> 0 | W47: 0 | X47: 0 | Y47: =W47*X47 -> 0
H48: 0 | I48: 0 | J48: =H48*I48 -> 0 | K48: 0 | L48: 0 | M48: =K48*L48 -> 0 | N48: 0 | O48: 0 | P48: =N48*O48 -> 0 | Q48: 0 | R48: 0 | S48: =Q48*R48 -> 0 | T48: 0 | U48: 0 | V48: =T48*U48 -> 0 | W48: 0 | X48: 0 | Y48: =W48*X48 -> 0
H49: 0 | I49: 0 | J49: =H49*I49 -> 0 | K49: 0 | L49: 0 | M49: =K49*L49 -> 0 | N49: 0 | O49: 0 | P49: =N49*O49 -> 0 | Q49: 0 | R49: 0 | S49: =Q49*R49 -> 0 | T49: 0 | U49: 0 | V49: =T49*U49 -> 0 | W49: 0 | X49: 0 | Y49: =W49*X49 -> 0
H50: 0 | I50: 0 | J50: =H50*I50 -> 0 | K50: 0 | L50: 0 | M50: =K50*L50 -> 0 | N50: 0 | O50: 0 | P50: =N50*O50 -> 0 | Q50: 0 | R50: 0 | S50: =Q50*R50 -> 0 | T50: 0 | U50: 0 | V50: =T50*U50 -> 0 | W50: 0 | X50: 0 | Y50: =W50*X50 -> 0
H51: 0 | I51: 0 | J51: =H51*I51 -> 0 | K51: 0 | L51: 0 | M51: =K51*L51 -> 0 | N51: 0 | O51: 0 | P51: =N51*O51 -> 0 | Q51: 0 | R51: 0 | S51: =Q51*R51 -> 0 | T51: 0 | U51: 0 | V51: =T51*U51 -> 0 | W51: 0 | X51: 0 | Y51: =W51*X51 -> 0
H52: Total | J52: =SUM(J45:J51) -> 0 | K52: Total | M52: =SUM(M45:M51) -> 0 | N52: Total | P52: =SUM(P45:P51) -> 0 | Q52: Total | S52: =SUM(S45:S51) -> 0 | T52: Total | V52: =SUM(V45:V51) -> 0 | W52: Total | Y52: =SUM(Y45:Y51) -> 0
C53: ='2. Rekap Back Up Beton X'!C25 -> 400 | D53: ='2. Rekap Back Up Beton X'!D25 -> 500 | E53: ='2. Rekap Back Up Beton X'!E25 -> 3 | F53: =(100/((D53-C53)*E53))*((J60*0.5)+(M60*1)+(P60*2)+(S60*20)+(V60*15)+(Y60*1.5)) -> 0 | G53: =IF(F53<=25,"B",IF(F53<=75,"S",IF(F53<=100,"RR","RB"))) -> B | H53: 0 | I53: 0 | J53: =H53*I53 -> 0 | K53: 0 | L53: 0 | M53: =K53*L53 -> 0 | N53: 0 | O53: 4 | P53: =N53*O53 -> 0 | Q53: 0 | R53: 0 | S53: =Q53*R53 -> 0 | T53: 0 | U53: 0 | V53: =T53*U53 -> 0 | W53: 0 | X53: 0 | Y53: =W53*X53 -> 0
H54: 0 | I54: 0 | J54: =H54*I54 -> 0 | K54: 0 | L54: 0 | M54: =K54*L54 -> 0 | N54: 0 | O54: 0 | P54: =N54*O54 -> 0 | Q54: 0 | R54: 0 | S54: =Q54*R54 -> 0 | T54: 0 | U54: 0 | V54: =T54*U54 -> 0 | W54: 0 | X54: 0 | Y54: =W54*X54 -> 0
H55: 0 | I55: 0 | J55: =H55*I55 -> 0 | K55: 0 | L55: 0 | M55: =K55*L55 -> 0 | N55: 0 | O55: 0 | P55: =N55*O55 -> 0 | Q55: 0 | R55: 0 | S55: =Q55*R55 -> 0 | T55: 0 | U55: 0 | V55: =T55*U55 -> 0 | W55: 0 | X55: 0 | Y55: =W55*X55 -> 0
H56: 0 | I56: 0 | J56: =H56*I56 -> 0 | K56: 0 | L56: 0 | M56: =K56*L56 -> 0 | N56: 0 | O56: 0 | P56: =N56*O56 -> 0 | Q56: 0 | R56: 0 | S56: =Q56*R56 -> 0 | T56: 0 | U56: 0 | V56: =T56*U56 -> 0 | W56: 0 | X56: 0 | Y56: =W56*X56 -> 0
H57: 0 | I57: 0 | J57: =H57*I57 -> 0 | K57: 0 | L57: 0 | M57: =K57*L57 -> 0 | N57: 0 | O57: 0 | P57: =N57*O57 -> 0 | Q57: 0 | R57: 0 | S57: =Q57*R57 -> 0 | T57: 0 | U57: 0 | V57: =T57*U57 -> 0 | W57: 0 | X57: 0 | Y57: =W57*X57 -> 0
H58: 0 | I58: 0 | J58: =H58*I58 -> 0 | K58: 0 | L58: 0 | M58: =K58*L58 -> 0 | N58: 0 | O58: 0 | P58: =N58*O58 -> 0 | Q58: 0 | R58: 0 | S58: =Q58*R58 -> 0 | T58: 0 | U58: 0 | V58: =T58*U58 -> 0 | W58: 0 | X58: 0 | Y58: =W58*X58 -> 0
H59: 0 | I59: 0 | J59: =H59*I59 -> 0 | K59: 0 | L59: 0 | M59: =K59*L59 -> 0 | N59: 0 | O59: 0 | P59: =N59*O59 -> 0 | Q59: 0 | R59: 0 | S59: =Q59*R59 -> 0 | T59: 0 | U59: 0 | V59: =T59*U59 -> 0 | W59: 0 | X59: 0 | Y59: =W59*X59 -> 0
H60: Total | J60: =SUM(J53:J59) -> 0 | K60: Total | M60: =SUM(M53:M59) -> 0 | N60: Total | P60: =SUM(P53:P59) -> 0 | Q60: Total | S60: =SUM(S53:S59) -> 0 | T60: Total | V60: =SUM(V53:V59) -> 0 | W60: Total | Y60: =SUM(Y53:Y59) -> 0
C61: ='2. Rekap Back Up Beton X'!C26 -> 500 | D61: ='2. Rekap Back Up Beton X'!D26 -> 600 | E61: ='2. Rekap Back Up Beton X'!E26 -> 3 | F61: =(100/((D61-C61)*E61))*((J68*0.5)+(M68*1)+(P68*2)+(S68*20)+(V68*15)+(Y68*1.5)) -> 0 | G61: =IF(F61<=25,"B",IF(F61<=75,"S",IF(F61<=100,"RR","RB"))) -> B | H61: 0 | I61: 0 | J61: =H61*I61 -> 0 | K61: 0 | L61: 0 | M61: =K61*L61 -> 0 | N61: 0 | O61: 4 | P61: =N61*O61 -> 0 | Q61: 0 | R61: 0 | S61: =Q61*R61 -> 0 | T61: 0 | U61: 0 | V61: =T61*U61 -> 0 | W61: 0 | X61: 0 | Y61: =W61*X61 -> 0
H62: 0 | I62: 0 | J62: =H62*I62 -> 0 | K62: 0 | L62: 0 | M62: =K62*L62 -> 0 | N62: 0 | O62: 0 | P62: =N62*O62 -> 0 | Q62: 0 | R62: 0 | S62: =Q62*R62 -> 0 | T62: 0 | U62: 0 | V62: =T62*U62 -> 0 | W62: 0 | X62: 0 | Y62: =W62*X62 -> 0
H63: 0 | I63: 0 | J63: =H63*I63 -> 0 | K63: 0 | L63: 0 | M63: =K63*L63 -> 0 | N63: 0 | O63: 0 | P63: =N63*O63 -> 0 | Q63: 0 | R63: 0 | S63: =Q63*R63 -> 0 | T63: 0 | U63: 0 | V63: =T63*U63 -> 0 | W63: 0 | X63: 0 | Y63: =W63*X63 -> 0
H64: 0 | I64: 0 | J64: =H64*I64 -> 0 | K64: 0 | L64: 0 | M64: =K64*L64 -> 0 | N64: 0 | O64: 0 | P64: =N64*O64 -> 0 | Q64: 0 | R64: 0 | S64: =Q64*R64 -> 0 | T64: 0 | U64: 0 | V64: =T64*U64 -> 0 | W64: 0 | X64: 0 | Y64: =W64*X64 -> 0
H65: 0 | I65: 0 | J65: =H65*I65 -> 0 | K65: 0 | L65: 0 | M65: =K65*L65 -> 0 | N65: 0 | O65: 0 | P65: =N65*O65 -> 0 | Q65: 0 | R65: 0 | S65: =Q65*R65 -> 0 | T65: 0 | U65: 0 | V65: =T65*U65 -> 0 | W65: 0 | X65: 0 | Y65: =W65*X65 -> 0
H66: 0 | I66: 0 | J66: =H66*I66 -> 0 | K66: 0 | L66: 0 | M66: =K66*L66 -> 0 | N66: 0 | O66: 0 | P66: =N66*O66 -> 0 | Q66: 0 | R66: 0 | S66: =Q66*R66 -> 0 | T66: 0 | U66: 0 | V66: =T66*U66 -> 0 | W66: 0 | X66: 0 | Y66: =W66*X66 -> 0
H67: 0 | I67: 0 | J67: =H67*I67 -> 0 | K67: 0 | L67: 0 | M67: =K67*L67 -> 0 | N67: 0 | O67: 0 | P67: =N67*O67 -> 0 | Q67: 0 | R67: 0 | S67: =Q67*R67 -> 0 | T67: 0 | U67: 0 | V67: =T67*U67 -> 0 | W67: 0 | X67: 0 | Y67: =W67*X67 -> 0
H68: Total | J68: =SUM(J61:J67) -> 0 | K68: Total | M68: =SUM(M61:M67) -> 0 | N68: Total | P68: =SUM(P61:P67) -> 0 | Q68: Total | S68: =SUM(S61:S67) -> 0 | T68: Total | V68: =SUM(V61:V67) -> 0 | W68: Total | Y68: =SUM(Y61:Y67) -> 0
C69: ='2. Rekap Back Up Beton X'!C27 -> 600 | D69: ='2. Rekap Back Up Beton X'!D27 -> 700 | E69: ='2. Rekap Back Up Beton X'!E27 -> 3 | F69: =(100/((D69-C69)*E69))*((J76*0.5)+(M76*1)+(P76*2)+(S76*20)+(V76*15)+(Y76*1.5)) -> 0 | G69: =IF(F69<=25,"B",IF(F69<=75,"S",IF(F69<=100,"RR","RB"))) -> B | H69: 0 | I69: 0 | J69: =H69*I69 -> 0 | K69: 0 | L69: 0 | M69: =K69*L69 -> 0 | N69: 0 | O69: 4 | P69: =N69*O69 -> 0 | Q69: 0 | R69: 0 | S69: =Q69*R69 -> 0 | T69: 0 | U69: 0 | V69: =T69*U69 -> 0 | W69: 0 | X69: 0 | Y69: =W69*X69 -> 0
H70: 0 | I70: 0 | J70: =H70*I70 -> 0 | K70: 0 | L70: 0 | M70: =K70*L70 -> 0 | N70: 0 | O70: 0 | P70: =N70*O70 -> 0 | Q70: 0 | R70: 0 | S70: =Q70*R70 -> 0 | T70: 0 | U70: 0 | V70: =T70*U70 -> 0 | W70: 0 | X70: 0 | Y70: =W70*X70 -> 0
H71: 0 | I71: 0 | J71: =H71*I71 -> 0 | K71: 0 | L71: 0 | M71: =K71*L71 -> 0 | N71: 0 | O71: 0 | P71: =N71*O71 -> 0 | Q71: 0 | R71: 0 | S71: =Q71*R71 -> 0 | T71: 0 | U71: 0 | V71: =T71*U71 -> 0 | W71: 0 | X71: 0 | Y71: =W71*X71 -> 0
H72: 0 | I72: 0 | J72: =H72*I72 -> 0 | K72: 0 | L72: 0 | M72: =K72*L72 -> 0 | N72: 0 | O72: 0 | P72: =N72*O72 -> 0 | Q72: 0 | R72: 0 | S72: =Q72*R72 -> 0 | T72: 0 | U72: 0 | V72: =T72*U72 -> 0 | W72: 0 | X72: 0 | Y72: =W72*X72 -> 0
H73: 0 | I73: 0 | J73: =H73*I73 -> 0 | K73: 0 | L73: 0 | M73: =K73*L73 -> 0 | N73: 0 | O73: 0 | P73: =N73*O73 -> 0 | Q73: 0 | R73: 0 | S73: =Q73*R73 -> 0 | T73: 0 | U73: 0 | V73: =T73*U73 -> 0 | W73: 0 | X73: 0 | Y73: =W73*X73 -> 0
H74: 0 | I74: 0 | J74: =H74*I74 -> 0 | K74: 0 | L74: 0 | M74: =K74*L74 -> 0 | N74: 0 | O74: 0 | P74: =N74*O74 -> 0 | Q74: 0 | R74: 0 | S74: =Q74*R74 -> 0 | T74: 0 | U74: 0 | V74: =T74*U74 -> 0 | W74: 0 | X74: 0 | Y74: =W74*X74 -> 0
H75: 0 | I75: 0 | J75: =H75*I75 -> 0 | K75: 0 | L75: 0 | M75: =K75*L75 -> 0 | N75: 0 | O75: 0 | P75: =N75*O75 -> 0 | Q75: 0 | R75: 0 | S75: =Q75*R75 -> 0 | T75: 0 | U75: 0 | V75: =T75*U75 -> 0 | W75: 0 | X75: 0 | Y75: =W75*X75 -> 0
H76: Total | J76: =SUM(J69:J75) -> 0 | K76: Total | M76: =SUM(M69:M75) -> 0 | N76: Total | P76: =SUM(P69:P75) -> 0 | Q76: Total | S76: =SUM(S69:S75) -> 0 | T76: Total | V76: =SUM(V69:V75) -> 0 | W76: Total | Y76: =SUM(Y69:Y75) -> 0
C77: ='2. Rekap Back Up Beton X'!C28 -> 700 | D77: ='2. Rekap Back Up Beton X'!D28 -> 800 | E77: ='2. Rekap Back Up Beton X'!E28 -> 3 | F77: =(100/((D77-C77)*E77))*((J84*0.5)+(M84*1)+(P84*2)+(S84*20)+(V84*15)+(Y84*1.5)) -> 0 | G77: =IF(F77<=25,"B",IF(F77<=75,"S",IF(F77<=100,"RR","RB"))) -> B | H77: 0 | I77: 0 | J77: =H77*I77 -> 0 | K77: 0 | L77: 0 | M77: =K77*L77 -> 0 | N77: 0 | O77: 4 | P77: =N77*O77 -> 0 | Q77: 0 | R77: 0 | S77: =Q77*R77 -> 0 | T77: 0 | U77: 0 | V77: =T77*U77 -> 0 | W77: 0 | X77: 0 | Y77: =W77*X77 -> 0
H78: 0 | I78: 0 | J78: =H78*I78 -> 0 | K78: 0 | L78: 0 | M78: =K78*L78 -> 0 | N78: 0 | O78: 0 | P78: =N78*O78 -> 0 | Q78: 0 | R78: 0 | S78: =Q78*R78 -> 0 | T78: 0 | U78: 0 | V78: =T78*U78 -> 0 | W78: 0 | X78: 0 | Y78: =W78*X78 -> 0
H79: 0 | I79: 0 | J79: =H79*I79 -> 0 | K79: 0 | L79: 0 | M79: =K79*L79 -> 0 | N79: 0 | O79: 0 | P79: =N79*O79 -> 0 | Q79: 0 | R79: 0 | S79: =Q79*R79 -> 0 | T79: 0 | U79: 0 | V79: =T79*U79 -> 0 | W79: 0 | X79: 0 | Y79: =W79*X79 -> 0
H80: 0 | I80: 0 | J80: =H80*I80 -> 0 | K80: 0 | L80: 0 | M80: =K80*L80 -> 0 | N80: 0 | O80: 0 | P80: =N80*O80 -> 0 | Q80: 0 | R80: 0 | S80: =Q80*R80 -> 0 | T80: 0 | U80: 0 | V80: =T80*U80 -> 0 | W80: 0 | X80: 0 | Y80: =W80*X80 -> 0
H81: 0 | I81: 0 | J81: =H81*I81 -> 0 | K81: 0 | L81: 0 | M81: =K81*L81 -> 0 | N81: 0 | O81: 0 | P81: =N81*O81 -> 0 | Q81: 0 | R81: 0 | S81: =Q81*R81 -> 0 | T81: 0 | U81: 0 | V81: =T81*U81 -> 0 | W81: 0 | X81: 0 | Y81: =W81*X81 -> 0
H82: 0 | I82: 0 | J82: =H82*I82 -> 0 | K82: 0 | L82: 0 | M82: =K82*L82 -> 0 | N82: 0 | O82: 0 | P82: =N82*O82 -> 0 | Q82: 0 | R82: 0 | S82: =Q82*R82 -> 0 | T82: 0 | U82: 0 | V82: =T82*U82 -> 0 | W82: 0 | X82: 0 | Y82: =W82*X82 -> 0
H83: 0 | I83: 0 | J83: =H83*I83 -> 0 | K83: 0 | L83: 0 | M83: =K83*L83 -> 0 | N83: 0 | O83: 0 | P83: =N83*O83 -> 0 | Q83: 0 | R83: 0 | S83: =Q83*R83 -> 0 | T83: 0 | U83: 0 | V83: =T83*U83 -> 0 | W83: 0 | X83: 0 | Y83: =W83*X83 -> 0
H84: Total | J84: =SUM(J77:J83) -> 0 | K84: Total | M84: =SUM(M77:M83) -> 0 | N84: Total | P84: =SUM(P77:P83) -> 0 | Q84: Total | S84: =SUM(S77:S83) -> 0 | T84: Total | V84: =SUM(V77:V83) -> 0 | W84: Total | Y84: =SUM(Y77:Y83) -> 0
C85: ='2. Rekap Back Up Beton X'!C29 -> 800 | D85: ='2. Rekap Back Up Beton X'!D29 -> 900 | E85: ='2. Rekap Back Up Beton X'!E29 -> 3 | F85: =(100/((D85-C85)*E85))*((J92*0.5)+(M92*1)+(P92*2)+(S92*20)+(V92*15)+(Y92*1.5)) -> 0 | G85: =IF(F85<=25,"B",IF(F85<=75,"S",IF(F85<=100,"RR","RB"))) -> B | H85: 0 | I85: 0 | J85: =H85*I85 -> 0 | K85: 0 | L85: 0 | M85: =K85*L85 -> 0 | N85: 0 | O85: 4 | P85: =N85*O85 -> 0 | Q85: 0 | R85: 0 | S85: =Q85*R85 -> 0 | T85: 0 | U85: 0 | V85: =T85*U85 -> 0 | W85: 0 | X85: 0 | Y85: =W85*X85 -> 0
H86: 0 | I86: 0 | J86: =H86*I86 -> 0 | K86: 0 | L86: 0 | M86: =K86*L86 -> 0 | N86: 0 | O86: 0 | P86: =N86*O86 -> 0 | Q86: 0 | R86: 0 | S86: =Q86*R86 -> 0 | T86: 0 | U86: 0 | V86: =T86*U86 -> 0 | W86: 0 | X86: 0 | Y86: =W86*X86 -> 0
H87: 0 | I87: 0 | J87: =H87*I87 -> 0 | K87: 0 | L87: 0 | M87: =K87*L87 -> 0 | N87: 0 | O87: 0 | P87: =N87*O87 -> 0 | Q87: 0 | R87: 0 | S87: =Q87*R87 -> 0 | T87: 0 | U87: 0 | V87: =T87*U87 -> 0 | W87: 0 | X87: 0 | Y87: =W87*X87 -> 0
H88: 0 | I88: 0 | J88: =H88*I88 -> 0 | K88: 0 | L88: 0 | M88: =K88*L88 -> 0 | N88: 0 | O88: 0 | P88: =N88*O88 -> 0 | Q88: 0 | R88: 0 | S88: =Q88*R88 -> 0 | T88: 0 | U88: 0 | V88: =T88*U88 -> 0 | W88: 0 | X88: 0 | Y88: =W88*X88 -> 0
H89: 0 | I89: 0 | J89: =H89*I89 -> 0 | K89: 0 | L89: 0 | M89: =K89*L89 -> 0 | N89: 0 | O89: 0 | P89: =N89*O89 -> 0 | Q89: 0 | R89: 0 | S89: =Q89*R89 -> 0 | T89: 0 | U89: 0 | V89: =T89*U89 -> 0 | W89: 0 | X89: 0 | Y89: =W89*X89 -> 0
H90: 0 | I90: 0 | J90: =H90*I90 -> 0 | K90: 0 | L90: 0 | M90: =K90*L90 -> 0 | N90: 0 | O90: 0 | P90: =N90*O90 -> 0 | Q90: 0 | R90: 0 | S90: =Q90*R90 -> 0 | T90: 0 | U90: 0 | V90: =T90*U90 -> 0 | W90: 0 | X90: 0 | Y90: =W90*X90 -> 0
H91: 0 | I91: 0 | J91: =H91*I91 -> 0 | K91: 0 | L91: 0 | M91: =K91*L91 -> 0 | N91: 0 | O91: 0 | P91: =N91*O91 -> 0 | Q91: 0 | R91: 0 | S91: =Q91*R91 -> 0 | T91: 0 | U91: 0 | V91: =T91*U91 -> 0 | W91: 0 | X91: 0 | Y91: =W91*X91 -> 0
H92: Total | J92: =SUM(J85:J91) -> 0 | K92: Total | M92: =SUM(M85:M91) -> 0 | N92: Total | P92: =SUM(P85:P91) -> 0 | Q92: Total | S92: =SUM(S85:S91) -> 0 | T92: Total | V92: =SUM(V85:V91) -> 0 | W92: Total | Y92: =SUM(Y85:Y91) -> 0
C93: ='2. Rekap Back Up Beton X'!C30 -> 900 | D93: ='2. Rekap Back Up Beton X'!D30 -> 1000 | E93: ='2. Rekap Back Up Beton X'!E30 -> 3 | F93: =(100/((D93-C93)*E93))*((J100*0.5)+(M100*1)+(P100*2)+(S100*20)+(V100*15)+(Y100*1.5)) -> 0 | G93: =IF(F93<=25,"B",IF(F93<=75,"S",IF(F93<=100,"RR","RB"))) -> B | H93: 0 | I93: 0 | J93: =H93*I93 -> 0 | K93: 0 | L93: 0 | M93: =K93*L93 -> 0 | N93: 0 | O93: 4 | P93: =N93*O93 -> 0 | Q93: 0 | R93: 0 | S93: =Q93*R93 -> 0 | T93: 0 | U93: 0 | V93: =T93*U93 -> 0 | W93: 0 | X93: 0 | Y93: =W93*X93 -> 0
H94: 0 | I94: 0 | J94: =H94*I94 -> 0 | K94: 0 | L94: 0 | M94: =K94*L94 -> 0 | N94: 0 | O94: 0 | P94: =N94*O94 -> 0 | Q94: 0 | R94: 0 | S94: =Q94*R94 -> 0 | T94: 0 | U94: 0 | V94: =T94*U94 -> 0 | W94: 0 | X94: 0 | Y94: =W94*X94 -> 0
H95: 0 | I95: 0 | J95: =H95*I95 -> 0 | K95: 0 | L95: 0 | M95: =K95*L95 -> 0 | N95: 0 | O95: 0 | P95: =N95*O95 -> 0 | Q95: 0 | R95: 0 | S95: =Q95*R95 -> 0 | T95: 0 | U95: 0 | V95: =T95*U95 -> 0 | W95: 0 | X95: 0 | Y95: =W95*X95 -> 0
H96: 0 | I96: 0 | J96: =H96*I96 -> 0 | K96: 0 | L96: 0 | M96: =K96*L96 -> 0 | N96: 0 | O96: 0 | P96: =N96*O96 -> 0 | Q96: 0 | R96: 0 | S96: =Q96*R96 -> 0 | T96: 0 | U96: 0 | V96: =T96*U96 -> 0 | W96: 0 | X96: 0 | Y96: =W96*X96 -> 0
H97: 0 | I97: 0 | J97: =H97*I97 -> 0 | K97: 0 | L97: 0 | M97: =K97*L97 -> 0 | N97: 0 | O97: 0 | P97: =N97*O97 -> 0 | Q97: 0 | R97: 0 | S97: =Q97*R97 -> 0 | T97: 0 | U97: 0 | V97: =T97*U97 -> 0 | W97: 0 | X97: 0 | Y97: =W97*X97 -> 0
H98: 0 | I98: 0 | J98: =H98*I98 -> 0 | K98: 0 | L98: 0 | M98: =K98*L98 -> 0 | N98: 0 | O98: 0 | P98: =N98*O98 -> 0 | Q98: 0 | R98: 0 | S98: =Q98*R98 -> 0 | T98: 0 | U98: 0 | V98: =T98*U98 -> 0 | W98: 0 | X98: 0 | Y98: =W98*X98 -> 0
H99: 0 | I99: 0 | J99: =H99*I99 -> 0 | K99: 0 | L99: 0 | M99: =K99*L99 -> 0 | N99: 0 | O99: 0 | P99: =N99*O99 -> 0 | Q99: 0 | R99: 0 | S99: =Q99*R99 -> 0 | T99: 0 | U99: 0 | V99: =T99*U99 -> 0 | W99: 0 | X99: 0 | Y99: =W99*X99 -> 0
H100: Total | J100: =SUM(J93:J99) -> 0 | K100: Total | M100: =SUM(M93:M99) -> 0 | N100: Total | P100: =SUM(P93:P99) -> 0 | Q100: Total | S100: =SUM(S93:S99) -> 0 | T100: Total | V100: =SUM(V93:V99) -> 0 | W100: Total | Y100: =SUM(Y93:Y99) -> 0
C101: ='2. Rekap Back Up Beton X'!C31 -> 1000 | D101: ='2. Rekap Back Up Beton X'!D31 -> 1100 | E101: ='2. Rekap Back Up Beton X'!E31 -> 3 | F101: =(100/((D101-C101)*E101))*((J108*0.5)+(M108*1)+(P108*2)+(S108*20)+(V108*15)+(Y108*1.5)) -> 0 | G101: =IF(F101<=25,"B",IF(F101<=75,"S",IF(F101<=100,"RR","RB"))) -> B | H101: 0 | I101: 0 | J101: =H101*I101 -> 0 | K101: 0 | L101: 0 | M101: =K101*L101 -> 0 | N101: 0 | O101: 4 | P101: =N101*O101 -> 0 | Q101: 0 | R101: 0 | S101: =Q101*R101 -> 0 | T101: 0 | U101: 0 | V101: =T101*U101 -> 0 | W101: 0 | X101: 0 | Y101: =W101*X101 -> 0
H102: 0 | I102: 0 | J102: =H102*I102 -> 0 | K102: 0 | L102: 0 | M102: =K102*L102 -> 0 | N102: 0 | O102: 0 | P102: =N102*O102 -> 0 | Q102: 0 | R102: 0 | S102: =Q102*R102 -> 0 | T102: 0 | U102: 0 | V102: =T102*U102 -> 0 | W102: 0 | X102: 0 | Y102: =W102*X102 -> 0
H103: 0 | I103: 0 | J103: =H103*I103 -> 0 | K103: 0 | L103: 0 | M103: =K103*L103 -> 0 | N103: 0 | O103: 0 | P103: =N103*O103 -> 0 | Q103: 0 | R103: 0 | S103: =Q103*R103 -> 0 | T103: 0 | U103: 0 | V103: =T103*U103 -> 0 | W103: 0 | X103: 0 | Y103: =W103*X103 -> 0
H104: 0 | I104: 0 | J104: =H104*I104 -> 0 | K104: 0 | L104: 0 | M104: =K104*L104 -> 0 | N104: 0 | O104: 0 | P104: =N104*O104 -> 0 | Q104: 0 | R104: 0 | S104: =Q104*R104 -> 0 | T104: 0 | U104: 0 | V104: =T104*U104 -> 0 | W104: 0 | X104: 0 | Y104: =W104*X104 -> 0
H105: 0 | I105: 0 | J105: =H105*I105 -> 0 | K105: 0 | L105: 0 | M105: =K105*L105 -> 0 | N105: 0 | O105: 0 | P105: =N105*O105 -> 0 | Q105: 0 | R105: 0 | S105: =Q105*R105 -> 0 | T105: 0 | U105: 0 | V105: =T105*U105 -> 0 | W105: 0 | X105: 0 | Y105: =W105*X105 -> 0
H106: 0 | I106: 0 | J106: =H106*I106 -> 0 | K106: 0 | L106: 0 | M106: =K106*L106 -> 0 | N106: 0 | O106: 0 | P106: =N106*O106 -> 0 | Q106: 0 | R106: 0 | S106: =Q106*R106 -> 0 | T106: 0 | U106: 0 | V106: =T106*U106 -> 0 | W106: 0 | X106: 0 | Y106: =W106*X106 -> 0
H107: 0 | I107: 0 | J107: =H107*I107 -> 0 | K107: 0 | L107: 0 | M107: =K107*L107 -> 0 | N107: 0 | O107: 0 | P107: =N107*O107 -> 0 | Q107: 0 | R107: 0 | S107: =Q107*R107 -> 0 | T107: 0 | U107: 0 | V107: =T107*U107 -> 0 | W107: 0 | X107: 0 | Y107: =W107*X107 -> 0
H108: Total | J108: =SUM(J101:J107) -> 0 | K108: Total | M108: =SUM(M101:M107) -> 0 | N108: Total | P108: =SUM(P101:P107) -> 0 | Q108: Total | S108: =SUM(S101:S107) -> 0 | T108: Total | V108: =SUM(V101:V107) -> 0 | W108: Total | Y108: =SUM(Y101:Y107) -> 0
C109: ='2. Rekap Back Up Beton X'!C32 -> 1100 | D109: ='2. Rekap Back Up Beton X'!D32 -> 1200 | E109: ='2. Rekap Back Up Beton X'!E32 -> 3 | F109: =(100/((D109-C109)*E109))*((J116*0.5)+(M116*1)+(P116*2)+(S116*20)+(V116*15)+(Y116*1.5)) -> 0 | G109: =IF(F109<=25,"B",IF(F109<=75,"S",IF(F109<=100,"RR","RB"))) -> B | H109: 0 | I109: 0 | J109: =H109*I109 -> 0 | K109: 0 | L109: 0 | M109: =K109*L109 -> 0 | N109: 0 | O109: 4 | P109: =N109*O109 -> 0 | Q109: 0 | R109: 0 | S109: =Q109*R109 -> 0 | T109: 0 | U109: 0 | V109: =T109*U109 -> 0 | W109: 0 | X109: 0 | Y109: =W109*X109 -> 0
H110: 0 | I110: 0 | J110: =H110*I110 -> 0 | K110: 0 | L110: 0 | M110: =K110*L110 -> 0 | N110: 0 | O110: 0 | P110: =N110*O110 -> 0 | Q110: 0 | R110: 0 | S110: =Q110*R110 -> 0 | T110: 0 | U110: 0 | V110: =T110*U110 -> 0 | W110: 0 | X110: 0 | Y110: =W110*X110 -> 0
H111: 0 | I111: 0 | J111: =H111*I111 -> 0 | K111: 0 | L111: 0 | M111: =K111*L111 -> 0 | N111: 0 | O111: 0 | P111: =N111*O111 -> 0 | Q111: 0 | R111: 0 | S111: =Q111*R111 -> 0 | T111: 0 | U111: 0 | V111: =T111*U111 -> 0 | W111: 0 | X111: 0 | Y111: =W111*X111 -> 0
...

Sheet 3. Rekap Back Up Non Aspal X
C2: PEMERINTAH PROVINSI LAMPUNG
C3: DINAS BINA MARGA DAN BINA KONSTRUKSI
B6: BACK - UP DATA SURVEY KONDISI JALAN (NON-ASPAL)
B9: NO. RUAS | E9: : | F9: ='2. Back Up Beton X'!F9 -> 064
B12: NAMA RUAS | E12: : | F12: ='2. Back Up Beton X'!F12 -> BANDAR SAKTI - SP. DAYA MURNI
B15: PANJANG RUAS | E15: : | F15: ='2. Back Up Beton X'!F15 -> 10.099
C18: STA | F18: NILAI TTI | G18: KONDISI | H18: TIPE KERUSAKAN KONDISI JALAN NON ASPAL | V18: KET
C19: DARI (M) | D19: KE (M) | E19: LEBAR | H19: BENTUK KEMIRINGAN | I19: KEMIRINGAN | J19: PENURUNAN | K19: EROSI | L19: GELOMBANG | M19: UKURAN KERIKIL | N19: TEBAL KERIKIL | O19: LUAS KERIKIL | P19: DISTRIBUSI | Q19: JUMLAH LUBANG | R19: UKURAN LUBANG | S19: LUAS LUBANG | T19: LUAS ALUR | U19: DALAM ALUR
B20: 1 | H20: 2 | J20: 3 | K20: 4 | L20: 5 | M20: 6 | P20: 7 | Q20: 8 | T20: 9 | V20: 10
C21: 0 | D21: 100 | E21: 4 | F21: =(100/((D21-C21)*E21))*((I21*0.05)+(J21*0.05)+(K21*0.05)+(L21)+(O21)+(S21*1.5)+(T21*1)) -> 0 | G21: =IF(F21<=25,"RB",IF(F21<=75,"RB",IF(F21<=100,"RB","RB"))) -> RB | H21: ='3. Back Up Non Aspal X'!H28 -> 1 | I21: ='3. Back Up Non Aspal X'!K28 -> 0 | J21: ='3. Back Up Non Aspal X'!N28 -> 0 | K21: ='3. Back Up Non Aspal X'!Q28 -> 0 | L21: ='3. Back Up Non Aspal X'!T28 -> 0 | M21: ='3. Back Up Non Aspal X'!U28 -> 1 | N21: ='3. Back Up Non Aspal X'!V28 -> 1 | O21: ='3. Back Up Non Aspal X'!Y28 -> 0 | P21: ='3. Back Up Non Aspal X'!Z28 -> 1 | Q21: ='3. Back Up Non Aspal X'!AA28 -> 0 | R21: ='3. Back Up Non Aspal X'!AB28 -> 1 | S21: ='3. Back Up Non Aspal X'!AE28 -> 0 | T21: ='3. Back Up Non Aspal X'!AH28 -> 0 | U21: ='3. Back Up Non Aspal X'!AI28 -> 1
C22: =D21 -> 100 | D22: =C22+100 -> 200 | E22: 4 | F22: =(100/((D22-C22)*E22))*((I22*0.05)+(J22*0.05)+(K22*0.05)+(L22)+(O22)+(S22*1.5)+(T22*1)) -> 0 | G22: =IF(F22<=25,"RB",IF(F22<=75,"RB",IF(F22<=100,"RB","RB"))) -> RB | H22: ='3. Back Up Non Aspal X'!H36 -> 1 | I22: ='3. Back Up Non Aspal X'!K36 -> 0 | J22: ='3. Back Up Non Aspal X'!N36 -> 0 | K22: ='3. Back Up Non Aspal X'!Q36 -> 0 | L22: ='3. Back Up Non Aspal X'!T36 -> 0 | M22: ='3. Back Up Non Aspal X'!U36 -> 1 | N22: ='3. Back Up Non Aspal X'!V36 -> 1 | O22: ='3. Back Up Non Aspal X'!Y36 -> 0 | P22: ='3. Back Up Non Aspal X'!Z36 -> 1 | Q22: ='3. Back Up Non Aspal X'!AA36 -> 0 | R22: ='3. Back Up Non Aspal X'!AB36 -> 1 | S22: ='3. Back Up Non Aspal X'!AE36 -> 0 | T22: ='3. Back Up Non Aspal X'!AH36 -> 0 | U22: ='3. Back Up Non Aspal X'!AI36 -> 1
C23: =D22 -> 200 | D23: =C23+100 -> 300 | E23: 4 | F23: =(100/((D23-C23)*E23))*((I23*0.05)+(J23*0.05)+(K23*0.05)+(L23)+(O23)+(S23*1.5)+(T23*1)) -> 0 | G23: =IF(F23<=25,"RB",IF(F23<=75,"RB",IF(F23<=100,"RB","RB"))) -> RB | H23: ='3. Back Up Non Aspal X'!H44 -> 1 | I23: ='3. Back Up Non Aspal X'!K44 -> 0 | J23: ='3. Back Up Non Aspal X'!N44 -> 0 | K23: ='3. Back Up Non Aspal X'!Q44 -> 0 | L23: ='3. Back Up Non Aspal X'!T44 -> 0 | M23: ='3. Back Up Non Aspal X'!U44 -> 1 | N23: ='3. Back Up Non Aspal X'!V44 -> 1 | O23: ='3. Back Up Non Aspal X'!Y44 -> 0 | P23: ='3. Back Up Non Aspal X'!Z44 -> 1 | Q23: ='3. Back Up Non Aspal X'!AA44 -> 0 | R23: ='3. Back Up Non Aspal X'!AB44 -> 1 | S23: ='3. Back Up Non Aspal X'!AE44 -> 0 | T23: ='3. Back Up Non Aspal X'!AH44 -> 0 | U23: ='3. Back Up Non Aspal X'!AI44 -> 1
